signal_id,signal_sanasi,eskalatsiya
SG_000002,2026-08-02,0
SG_000003,2025-12-15,0
SG_000004,2026-02-13,0
SG_000005,2026-02-05,0
SG_000006,2025-04-18,0
SG_000008,2026-02-18,0
SG_000012,2026-03-12,1
SG_000013,2025-02-22,0
SG_000014,2026-07-26,0
SG_000015,2026-06-04,0
SG_000016,2025-06-06,0
SG_000017,2025-03-26,0
SG_000019,2025-12-17,0
SG_000020,2025-11-19,0
SG_000021,2025-12-21,1
SG_000022,2025-03-13,0
SG_000023,2026-10-17,0
SG_000025,2026-07-27,0
SG_000027,2026-01-08,0
SG_000028,2025-01-30,0
SG_000029,2026-12-28,0
SG_000030,2025-11-07,0
SG_000031,2026-02-02,1
SG_000035,2025-05-28,0
SG_000037,2025-10-12,0
SG_000038,2026-08-04,0
SG_000040,2026-03-25,0
SG_000041,2025-09-27,0
SG_000042,2026-01-19,0
SG_000043,2026-05-31,0
SG_000044,2025-10-09,0
SG_000045,2025-11-05,1
SG_000046,2025-10-11,0
SG_000047,2026-01-27,1
SG_000051,2026-07-15,0
SG_000052,2026-05-13,0
SG_000056,2026-01-05,1
SG_000057,2026-04-09,0
SG_000060,2026-05-25,0
SG_000063,2026-01-23,1
SG_000064,2026-01-18,0
SG_000065,2025-03-14,1
SG_000066,2026-10-31,0
SG_000067,2025-07-22,0
SG_000068,2026-10-10,1
SG_000069,2025-08-03,0
SG_000070,2026-01-21,0
SG_000071,2026-11-04,0
SG_000074,2025-10-09,0
SG_000076,2026-10-20,0
SG_000077,2025-02-17,0
SG_000078,2025-01-06,1
SG_000079,2025-03-16,0
SG_000082,2026-04-05,0
SG_000084,2025-12-10,0
SG_000085,2025-10-23,0
SG_000088,2025-12-24,0
SG_000089,2026-09-28,0
SG_000090,2026-09-20,0
SG_000091,2025-09-11,0
SG_000093,2025-12-07,0
SG_000094,2025-03-06,0
SG_000095,2026-11-29,0
SG_000096,2026-09-30,0
SG_000097,2026-11-07,0
SG_000098,2025-09-14,0
SG_000101,2026-01-01,0
SG_000102,2025-01-24,0
SG_000103,2025-09-17,0
SG_000104,2026-06-22,0
SG_000108,2025-02-28,0
SG_000109,2025-11-21,0
SG_000110,2025-11-06,0
SG_000111,2026-03-29,1
SG_000112,2026-01-28,0
SG_000113,2025-03-21,0
SG_000114,2025-07-03,0
SG_000115,2026-02-09,0
SG_000116,2026-05-17,0
SG_000117,2025-10-26,0
SG_000119,2026-07-16,0
SG_000121,2026-09-06,0
SG_000122,2026-08-11,1
SG_000123,2025-08-23,0
SG_000124,2026-07-11,1
SG_000126,2025-02-02,0
SG_000127,2025-07-06,0
SG_000128,2025-01-03,0
SG_000130,2025-07-25,0
SG_000131,2025-02-26,1
SG_000132,2025-04-15,0
SG_000133,2026-10-27,0
SG_000134,2025-08-11,0
SG_000135,2025-07-10,0
SG_000136,2025-05-08,0
SG_000138,2025-08-24,0
SG_000139,2025-10-06,1
SG_000140,2026-03-03,0
SG_000141,2026-07-28,0
SG_000142,2026-02-03,0
SG_000143,2025-04-09,0
SG_000144,2025-09-16,0
SG_000145,2026-11-20,0
SG_000148,2025-02-10,1
SG_000150,2026-02-02,0
SG_000151,2025-09-20,0
SG_000152,2026-01-04,1
SG_000154,2025-12-29,1
SG_000155,2025-04-14,0
SG_000156,2026-03-26,1
SG_000157,2026-09-21,1
SG_000158,2026-05-17,1
SG_000159,2026-05-22,0
SG_000160,2025-08-13,0
SG_000162,2025-10-12,1
SG_000164,2025-09-18,0
SG_000166,2025-08-23,0
SG_000167,2025-07-22,0
SG_000168,2026-07-11,0
SG_000169,2026-01-27,0
SG_000170,2026-12-21,0
SG_000171,2026-08-12,0
SG_000172,2025-10-15,1
SG_000174,2026-12-15,0
SG_000175,2026-05-16,0
SG_000176,2025-02-07,0
SG_000177,2026-01-10,0
SG_000180,2026-03-23,1
SG_000181,2026-04-09,1
SG_000182,2025-02-24,1
SG_000183,2026-01-29,0
SG_000184,2025-03-08,0
SG_000185,2026-06-15,0
SG_000186,2026-02-01,1
SG_000188,2026-06-30,0
SG_000189,2025-02-14,0
SG_000190,2025-11-12,0
SG_000191,2026-09-01,0
SG_000194,2026-06-25,0
SG_000197,2025-02-07,0
SG_000198,2025-06-25,0
SG_000199,2026-11-29,1
SG_000200,2025-09-10,0
SG_000202,2026-12-26,0
SG_000204,2026-05-17,1
SG_000206,2026-03-28,0
SG_000208,2026-08-12,0
SG_000209,2025-03-22,0
SG_000210,2025-02-21,0
SG_000212,2025-07-13,0
SG_000213,2026-11-14,0
SG_000215,2025-09-02,0
SG_000216,2025-07-29,0
SG_000220,2025-03-10,0
SG_000221,2025-08-24,0
SG_000222,2025-07-06,0
SG_000223,2025-09-21,1
SG_000224,2026-11-13,1
SG_000225,2025-12-07,1
SG_000226,2025-06-18,0
SG_000228,2026-09-30,0
SG_000230,2025-12-23,1
SG_000231,2026-05-06,0
SG_000233,2025-08-29,0
SG_000234,2026-05-26,0
SG_000235,2025-12-12,0
SG_000236,2026-02-11,0
SG_000237,2026-05-07,0
SG_000238,2025-10-07,0
SG_000239,2025-12-26,0
SG_000241,2025-08-14,0
SG_000243,2026-05-27,1
SG_000245,2025-06-15,0
SG_000247,2026-04-13,0
SG_000248,2025-01-06,0
SG_000249,2025-12-01,0
SG_000251,2025-09-06,0
SG_000252,2026-05-12,0
SG_000254,2026-07-27,0
SG_000255,2026-05-27,0
SG_000256,2026-04-18,1
SG_000257,2026-03-10,0
SG_000258,2026-07-13,0
SG_000259,2025-09-14,1
SG_000260,2025-11-21,0
SG_000261,2026-06-28,0
SG_000263,2025-03-13,1
SG_000264,2025-11-23,0
SG_000265,2026-10-16,0
SG_000266,2025-09-01,0
SG_000267,2025-09-06,0
SG_000268,2025-12-03,0
SG_000272,2025-04-06,0
SG_000273,2025-09-27,0
SG_000274,2025-11-07,0
SG_000275,2026-06-22,1
SG_000276,2026-03-21,0
SG_000277,2026-11-13,0
SG_000278,2026-05-11,0
SG_000279,2026-05-23,0
SG_000280,2026-04-11,0
SG_000281,2026-03-31,0
SG_000282,2026-02-28,0
SG_000283,2026-09-21,1
SG_000285,2025-10-05,0
SG_000288,2026-01-18,0
SG_000289,2026-10-10,0
SG_000292,2026-08-27,0
SG_000293,2025-11-22,0
SG_000294,2025-11-10,0
SG_000295,2025-05-07,0
SG_000296,2026-05-10,0
SG_000297,2026-06-11,0
SG_000298,2026-12-31,0
SG_000299,2025-12-31,0
SG_000300,2026-10-28,1
SG_000303,2025-05-31,0
SG_000305,2026-03-11,0
SG_000307,2025-02-13,0
SG_000308,2026-06-16,0
SG_000310,2026-04-20,1
SG_000311,2026-08-19,0
SG_000312,2026-01-30,0
SG_000313,2026-09-14,0
SG_000315,2026-05-27,0
SG_000316,2026-12-02,0
SG_000317,2026-03-01,0
SG_000318,2025-07-30,0
SG_000322,2026-02-21,1
SG_000323,2025-01-12,1
SG_000324,2025-05-28,0
SG_000326,2026-10-18,1
SG_000327,2026-05-18,0
SG_000330,2026-06-10,0
SG_000331,2026-01-17,0
SG_000332,2026-06-08,0
SG_000336,2026-05-19,1
SG_000337,2025-09-26,0
SG_000338,2025-04-18,0
SG_000340,2025-04-17,1
SG_000342,2025-07-02,0
SG_000343,2025-03-29,0
SG_000344,2026-04-19,0
SG_000346,2025-08-12,0
SG_000348,2025-06-17,0
SG_000352,2025-03-14,0
SG_000353,2025-08-06,1
SG_000354,2026-01-18,0
SG_000355,2026-06-15,0
SG_000356,2026-09-30,0
SG_000358,2026-12-16,0
SG_000359,2025-07-16,0
SG_000361,2026-01-15,0
SG_000362,2026-05-17,0
SG_000363,2026-03-18,0
SG_000364,2026-03-03,0
SG_000365,2025-02-03,1
SG_000367,2026-06-12,0
SG_000369,2025-07-12,0
SG_000371,2026-09-08,1
SG_000372,2025-06-14,0
SG_000373,2026-08-28,1
SG_000374,2026-09-20,1
SG_000375,2025-01-16,0
SG_000376,2026-01-16,0
SG_000377,2025-08-02,1
SG_000379,2026-04-20,0
SG_000380,2025-12-31,0
SG_000381,2025-05-05,0
SG_000382,2026-11-18,0
SG_000383,2026-09-09,0
SG_000384,2025-09-18,0
SG_000385,2026-03-22,0
SG_000387,2025-11-15,0
SG_000388,2026-02-16,0
SG_000389,2025-06-15,0
SG_000390,2026-02-13,0
SG_000391,2026-05-06,0
SG_000392,2025-12-29,0
SG_000393,2025-10-13,0
SG_000396,2025-08-12,0
SG_000399,2025-04-25,1
SG_000400,2025-03-06,0
SG_000403,2025-04-14,0
SG_000404,2025-02-27,0
SG_000405,2025-04-02,1
SG_000406,2026-09-08,0
SG_000407,2026-02-07,0
SG_000408,2026-03-03,1
SG_000409,2026-01-26,0
SG_000410,2025-07-27,0
SG_000411,2025-02-02,1
SG_000412,2025-08-21,0
SG_000413,2025-06-25,0
SG_000416,2025-04-19,0
SG_000417,2026-03-07,0
SG_000418,2026-09-01,0
SG_000421,2025-06-09,1
SG_000423,2025-09-12,0
SG_000424,2025-02-21,0
SG_000426,2025-12-06,0
SG_000427,2025-11-02,0
SG_000428,2025-03-25,0
SG_000429,2025-06-21,0
SG_000432,2025-07-18,0
SG_000433,2025-05-12,0
SG_000434,2025-02-08,1
SG_000437,2025-01-07,0
SG_000438,2025-04-15,0
SG_000439,2026-02-08,0
SG_000441,2026-09-14,0
SG_000442,2025-12-14,0
SG_000443,2026-03-10,0
SG_000445,2026-02-22,0
SG_000446,2026-01-13,0
SG_000447,2025-08-12,0
SG_000448,2025-11-21,1
SG_000449,2025-07-03,0
SG_000451,2026-04-12,1
SG_000453,2026-11-10,0
SG_000455,2025-10-29,0
SG_000456,2026-03-10,1
SG_000457,2025-11-08,0
SG_000458,2026-11-14,1
SG_000459,2025-12-23,0
SG_000461,2025-11-16,0
SG_000463,2026-11-10,0
SG_000464,2025-09-07,0
SG_000465,2026-01-18,0
SG_000466,2025-03-25,1
SG_000467,2026-07-12,0
SG_000468,2025-07-01,1
SG_000469,2026-12-06,0
SG_000470,2026-03-26,1
SG_000472,2025-09-18,0
SG_000473,2025-12-26,0
SG_000477,2025-07-03,0
SG_000478,2025-11-11,0
SG_000479,2025-09-02,0
SG_000481,2025-10-21,0
SG_000483,2026-11-26,0
SG_000485,2026-03-31,0
SG_000486,2025-09-24,0
SG_000489,2025-11-12,0
SG_000490,2026-02-14,0
SG_000491,2025-04-06,0
SG_000492,2025-09-26,0
SG_000493,2025-10-27,0
SG_000495,2026-04-17,0
SG_000499,2025-08-26,0
SG_000500,2026-01-07,0
SG_000502,2025-09-30,0
SG_000503,2026-10-11,0
SG_000504,2025-11-09,0
SG_000505,2025-08-04,1
SG_000507,2025-06-01,0
SG_000508,2026-05-13,0
SG_000509,2025-03-20,1
SG_000510,2025-07-18,0
SG_000512,2025-11-02,0
SG_000514,2025-07-24,0
SG_000515,2025-04-22,1
SG_000516,2025-10-02,0
SG_000517,2026-03-05,0
SG_000518,2026-08-12,0
SG_000519,2026-08-13,0
SG_000520,2025-11-15,0
SG_000521,2025-05-15,0
SG_000522,2026-03-18,0
SG_000523,2025-01-21,0
SG_000525,2025-01-26,0
SG_000528,2025-02-11,1
SG_000529,2026-06-03,0
SG_000531,2026-04-25,0
SG_000532,2025-11-17,0
SG_000533,2025-03-18,1
SG_000534,2025-07-01,1
SG_000537,2025-02-05,1
SG_000538,2026-05-02,0
SG_000539,2025-12-06,0
SG_000540,2025-09-19,0
SG_000541,2025-07-29,0
SG_000542,2026-02-27,1
SG_000543,2025-10-08,1
SG_000544,2025-11-27,0
SG_000545,2025-09-27,0
SG_000546,2025-01-28,0
SG_000547,2025-04-07,1
SG_000548,2026-10-17,0
SG_000549,2025-07-03,0
SG_000550,2025-11-04,0
SG_000552,2026-04-02,0
SG_000553,2026-01-05,0
SG_000554,2025-12-18,0
SG_000555,2025-10-06,0
SG_000556,2025-10-20,0
SG_000557,2026-11-12,0
SG_000558,2025-03-09,1
SG_000559,2025-05-24,0
SG_000560,2025-08-18,0
SG_000562,2026-08-15,0
SG_000564,2026-01-11,0
SG_000565,2025-11-01,0
SG_000566,2025-07-14,0
SG_000568,2025-03-06,0
SG_000569,2026-07-10,0
SG_000570,2025-10-24,0
SG_000571,2025-03-12,0
SG_000573,2026-10-14,1
SG_000574,2025-05-21,0
SG_000575,2026-01-25,0
SG_000576,2026-05-27,0
SG_000577,2025-05-25,0
SG_000578,2026-03-21,0
SG_000579,2025-09-30,0
SG_000581,2026-07-04,0
SG_000582,2026-06-07,0
SG_000584,2026-04-10,0
SG_000586,2026-10-15,0
SG_000587,2025-08-29,0
SG_000589,2026-02-26,0
SG_000590,2025-07-10,0
SG_000592,2026-01-15,1
SG_000595,2025-09-10,0
SG_000596,2025-12-18,0
SG_000597,2026-08-02,0
SG_000599,2026-12-15,0
SG_000600,2026-03-10,0
SG_000601,2026-02-26,0
SG_000602,2026-02-19,0
SG_000604,2025-01-19,0
SG_000605,2026-06-18,0
SG_000606,2025-07-28,0
SG_000607,2026-05-09,0
SG_000608,2025-10-04,0
SG_000609,2025-09-09,1
SG_000611,2025-07-14,0
SG_000612,2025-07-06,0
SG_000613,2025-01-01,0
SG_000618,2025-06-25,0
SG_000620,2025-02-08,0
SG_000622,2026-02-06,0
SG_000623,2026-10-01,0
SG_000624,2026-05-13,0
SG_000625,2025-06-22,0
SG_000626,2025-08-13,0
SG_000627,2025-03-02,0
SG_000628,2025-11-05,0
SG_000630,2026-01-05,0
SG_000631,2025-11-05,0
SG_000632,2026-01-30,0
SG_000635,2025-12-18,0
SG_000636,2025-07-23,1
SG_000637,2026-08-14,0
SG_000639,2025-01-17,0
SG_000641,2026-03-12,0
SG_000642,2026-05-20,0
SG_000644,2026-11-17,1
SG_000645,2026-02-17,0
SG_000647,2026-10-21,0
SG_000649,2026-02-15,0
SG_000650,2025-07-04,0
SG_000651,2026-02-12,0
SG_000652,2025-11-22,0
SG_000653,2025-11-14,0
SG_000654,2026-03-31,0
SG_000655,2026-06-14,0
SG_000656,2025-11-03,0
SG_000658,2025-04-04,0
SG_000659,2026-02-08,0
SG_000660,2025-06-06,0
SG_000661,2025-07-04,0
SG_000663,2026-10-09,1
SG_000664,2025-09-08,1
SG_000667,2026-06-03,1
SG_000668,2026-04-08,0
SG_000669,2025-05-16,0
SG_000670,2025-03-07,0
SG_000671,2025-11-19,0
SG_000673,2026-07-30,1
SG_000675,2026-03-29,1
SG_000676,2025-08-23,0
SG_000680,2026-02-06,0
SG_000681,2026-03-19,1
SG_000682,2025-08-26,0
SG_000683,2025-08-12,0
SG_000684,2025-07-25,0
SG_000685,2025-11-09,0
SG_000686,2025-07-29,0
SG_000687,2026-01-22,0
SG_000688,2025-11-06,0
SG_000689,2025-03-09,0
SG_000690,2025-08-06,0
SG_000694,2025-12-03,0
SG_000697,2025-07-22,1
SG_000699,2025-08-08,1
SG_000700,2025-06-26,0
SG_000701,2026-10-29,0
SG_000702,2026-11-17,0
SG_000703,2025-07-20,0
SG_000704,2025-10-11,0
SG_000705,2026-03-15,0
SG_000707,2025-12-20,0
SG_000708,2025-03-02,0
SG_000710,2025-10-15,0
SG_000711,2025-05-05,0
SG_000712,2025-09-02,0
SG_000714,2026-05-03,0
SG_000715,2025-11-22,0
SG_000718,2026-01-24,0
SG_000720,2026-04-04,0
SG_000721,2026-03-26,0
SG_000723,2025-06-26,0
SG_000724,2026-08-10,0
SG_000725,2025-07-28,0
SG_000726,2026-01-21,0
SG_000728,2026-09-15,0
SG_000729,2025-01-14,0
SG_000730,2025-03-06,0
SG_000731,2026-05-23,1
SG_000732,2026-07-04,0
SG_000733,2026-04-03,1
SG_000735,2025-05-25,1
SG_000736,2025-06-29,0
SG_000738,2025-01-21,0
SG_000740,2026-02-14,0
SG_000741,2025-12-21,0
SG_000744,2025-09-14,0
SG_000745,2025-01-10,0
SG_000746,2025-06-21,0
SG_000747,2026-08-04,1
SG_000748,2026-09-01,0
SG_000749,2025-03-29,1
SG_000752,2026-04-18,0
SG_000753,2026-01-05,0
SG_000754,2025-02-14,0
SG_000755,2025-05-31,0
SG_000756,2025-03-10,0
SG_000757,2025-05-28,0
SG_000758,2025-11-12,0
SG_000760,2026-12-02,0
SG_000761,2026-10-28,0
SG_000763,2025-06-28,0
SG_000765,2026-02-22,0
SG_000766,2025-07-08,0
SG_000767,2026-02-25,0
SG_000771,2025-07-22,0
SG_000772,2025-01-31,0
SG_000773,2026-12-17,0
SG_000774,2025-08-12,0
SG_000775,2026-02-08,0
SG_000776,2026-08-06,0
SG_000777,2025-11-08,0
SG_000778,2025-03-23,0
SG_000779,2025-11-24,0
SG_000780,2025-08-29,0
SG_000781,2026-03-12,0
SG_000782,2026-04-15,1
SG_000783,2026-02-26,0
SG_000784,2026-02-11,0
SG_000785,2026-12-26,0
SG_000786,2025-03-25,0
SG_000787,2025-10-14,0
SG_000789,2025-10-13,0
SG_000791,2025-10-17,0
SG_000792,2025-06-21,0
SG_000793,2025-04-02,0
SG_000794,2025-12-16,1
SG_000795,2025-08-20,0
SG_000796,2026-07-07,0
SG_000800,2025-12-05,0
SG_000801,2025-11-25,0
SG_000804,2025-05-30,0
SG_000805,2025-03-31,0
SG_000806,2025-11-04,0
SG_000807,2025-09-13,0
SG_000808,2026-01-30,1
SG_000810,2025-12-29,0
SG_000813,2025-08-19,0
SG_000814,2026-06-21,0
SG_000815,2025-11-29,0
SG_000818,2025-10-18,0
SG_000819,2026-01-30,0
SG_000822,2025-09-12,0
SG_000823,2025-07-01,0
SG_000824,2026-08-18,0
SG_000825,2025-05-15,0
SG_000827,2025-08-12,0
SG_000828,2025-12-14,0
SG_000829,2026-07-31,0
SG_000830,2025-09-07,1
SG_000831,2025-10-24,1
SG_000832,2025-01-24,1
SG_000833,2025-06-06,0
SG_000834,2026-06-01,0
SG_000835,2026-08-05,0
SG_000836,2026-03-16,0
SG_000837,2025-07-29,1
SG_000838,2026-11-02,0
SG_000839,2026-02-25,0
SG_000841,2026-09-09,0
SG_000842,2025-05-22,0
SG_000843,2025-11-06,0
SG_000844,2026-01-03,0
SG_000845,2025-06-03,0
SG_000846,2025-11-27,0
SG_000847,2025-11-20,1
SG_000848,2026-07-22,0
SG_000850,2026-02-26,0
SG_000852,2025-09-22,0
SG_000853,2025-04-02,0
SG_000854,2025-06-28,0
SG_000855,2026-11-10,0
SG_000858,2025-03-17,0
SG_000859,2025-09-08,0
SG_000860,2025-06-07,0
SG_000861,2025-05-27,0
SG_000862,2026-02-14,0
SG_000863,2025-10-03,0
SG_000866,2025-04-05,0
SG_000867,2026-01-06,0
SG_000868,2025-11-14,0
SG_000869,2025-12-28,1
SG_000870,2026-07-27,0
SG_000871,2025-05-17,0
SG_000872,2025-06-23,0
SG_000873,2026-01-28,1
SG_000874,2025-12-02,0
SG_000876,2026-01-25,0
SG_000877,2025-02-10,0
SG_000878,2025-05-25,0
SG_000879,2026-03-15,0
SG_000880,2025-08-28,0
SG_000881,2026-03-19,0
SG_000882,2026-06-29,1
SG_000884,2025-01-10,0
SG_000885,2025-12-18,1
SG_000886,2026-03-19,0
SG_000887,2026-03-25,0
SG_000892,2026-05-17,0
SG_000893,2026-06-09,0
SG_000894,2026-01-18,0
SG_000895,2025-10-24,0
SG_000896,2026-04-07,0
SG_000897,2025-10-30,0
SG_000898,2026-06-02,0
SG_000899,2025-10-21,1
SG_000900,2026-06-18,1
SG_000901,2025-12-15,0
SG_000902,2026-12-30,0
SG_000904,2025-07-02,0
SG_000905,2025-03-28,0
SG_000906,2025-03-29,0
SG_000908,2025-09-12,1
SG_000914,2025-01-01,0
SG_000915,2026-05-14,0
SG_000916,2025-09-05,1
SG_000918,2025-02-16,0
SG_000919,2025-10-05,0
SG_000921,2026-04-28,0
SG_000922,2025-10-31,0
SG_000923,2026-12-08,0
SG_000924,2026-12-27,0
SG_000925,2026-08-30,0
SG_000926,2026-05-20,0
SG_000927,2025-02-14,0
SG_000929,2025-12-25,0
SG_000930,2026-12-27,0
SG_000931,2025-04-30,0
SG_000932,2026-04-21,0
SG_000933,2025-02-09,0
SG_000936,2025-08-01,0
SG_000937,2026-03-19,0
SG_000939,2025-02-12,0
SG_000941,2025-04-13,0
SG_000942,2026-06-22,0
SG_000944,2026-03-11,0
SG_000947,2025-08-20,1
SG_000949,2026-03-24,0
SG_000951,2025-09-24,0
SG_000952,2025-08-03,1
SG_000953,2026-05-06,0
SG_000955,2026-01-21,0
SG_000956,2025-09-09,0
SG_000957,2025-01-10,0
SG_000958,2026-06-02,0
SG_000960,2025-02-23,0
SG_000961,2025-10-15,0
SG_000962,2026-05-05,1
SG_000964,2026-06-26,0
SG_000966,2026-08-19,0
SG_000967,2026-05-17,0
SG_000969,2026-02-19,0
SG_000971,2025-08-14,0
SG_000972,2026-03-10,0
SG_000974,2026-05-15,0
SG_000976,2025-05-08,1
SG_000978,2026-01-06,0
SG_000979,2025-01-20,0
SG_000982,2026-02-03,0
SG_000983,2025-07-04,0
SG_000984,2026-12-03,0
SG_000986,2025-05-06,0
SG_000989,2025-08-23,0
SG_000992,2025-01-31,0
SG_000993,2026-01-20,0
SG_000994,2025-06-15,0
SG_000995,2025-11-16,0
SG_000996,2025-07-24,0
SG_000997,2026-03-15,0
SG_000998,2026-02-05,0
SG_000999,2025-12-15,0
SG_001000,2026-05-02,0
SG_001001,2026-12-15,1
SG_001003,2026-02-18,0
SG_001005,2025-11-12,0
SG_001006,2026-11-17,0
SG_001007,2025-10-25,1
SG_001008,2025-04-28,0
SG_001011,2026-09-15,0
SG_001012,2026-01-08,1
SG_001013,2025-10-27,0
SG_001015,2025-08-04,1
SG_001016,2026-11-17,0
SG_001017,2026-11-26,0
SG_001018,2026-09-28,0
SG_001019,2025-12-10,0
SG_001020,2026-04-07,0
SG_001021,2025-09-11,0
SG_001022,2026-03-08,0
SG_001024,2026-11-15,0
SG_001025,2026-01-21,0
SG_001026,2026-01-03,0
SG_001029,2026-01-03,0
SG_001033,2026-04-24,0
SG_001034,2026-07-05,0
SG_001035,2025-11-26,1
SG_001036,2026-01-28,0
SG_001037,2025-05-07,0
SG_001038,2026-12-25,1
SG_001039,2026-08-27,0
SG_001040,2025-08-02,0
SG_001041,2026-12-22,1
SG_001043,2025-11-19,1
SG_001044,2025-02-23,0
SG_001045,2026-01-03,0
SG_001046,2025-10-12,0
SG_001047,2025-05-19,1
SG_001050,2025-03-27,0
SG_001051,2025-09-14,0
SG_001053,2026-03-29,0
SG_001054,2025-07-08,0
SG_001055,2025-01-18,0
SG_001056,2026-09-15,0
SG_001057,2026-01-14,0
SG_001059,2026-01-30,0
SG_001061,2026-02-15,0
SG_001062,2025-08-18,0
SG_001063,2025-01-09,0
SG_001064,2025-06-11,0
SG_001065,2026-03-26,0
SG_001068,2026-04-01,0
SG_001069,2025-06-19,0
SG_001072,2026-02-20,0
SG_001073,2025-08-03,1
SG_001074,2025-05-10,0
SG_001077,2026-10-02,0
SG_001079,2026-09-07,0
SG_001080,2026-09-16,0
SG_001082,2026-05-11,0
SG_001083,2025-02-20,0
SG_001084,2026-12-29,1
SG_001087,2025-10-15,0
SG_001088,2026-05-09,0
SG_001089,2025-12-07,0
SG_001090,2025-02-21,0
SG_001091,2026-01-17,1
SG_001092,2026-02-20,0
SG_001093,2025-07-22,1
SG_001094,2026-06-17,0
SG_001095,2026-08-18,0
SG_001096,2026-11-28,0
SG_001097,2026-03-15,0
SG_001098,2025-04-11,1
SG_001099,2026-08-12,0
SG_001103,2026-01-19,0
SG_001104,2026-02-05,0
SG_001105,2026-09-23,0
SG_001110,2025-10-17,0
SG_001112,2026-03-01,0
SG_001113,2026-01-08,0
SG_001114,2025-07-13,1
SG_001115,2026-04-25,0
SG_001116,2026-01-09,0
SG_001118,2025-01-05,1
SG_001119,2025-09-23,0
SG_001120,2025-11-24,0
SG_001122,2026-05-18,1
SG_001124,2025-04-25,0
SG_001127,2026-02-04,0
SG_001129,2025-11-19,0
SG_001130,2025-10-11,0
SG_001131,2025-03-09,0
SG_001132,2025-07-20,0
SG_001134,2025-06-13,0
SG_001136,2026-11-22,0
SG_001137,2025-04-20,0
SG_001138,2026-08-30,0
SG_001139,2025-04-28,1
SG_001140,2026-11-30,0
SG_001141,2026-02-08,0
SG_001142,2026-02-03,0
SG_001144,2025-11-22,0
SG_001145,2025-03-10,0
SG_001146,2026-06-12,0
SG_001147,2026-03-30,0
SG_001148,2025-06-08,0
SG_001149,2026-04-01,1
SG_001150,2025-01-04,0
SG_001151,2026-04-02,0
SG_001152,2025-05-24,0
SG_001154,2026-12-09,1
SG_001156,2026-04-07,0
SG_001158,2025-04-21,1
SG_001160,2025-05-18,0
SG_001162,2026-03-06,0
SG_001164,2025-11-06,0
SG_001165,2026-06-22,0
SG_001166,2026-03-19,0
SG_001168,2026-05-27,0
SG_001169,2026-02-03,0
SG_001170,2025-08-01,0
SG_001171,2025-03-17,0
SG_001172,2026-09-18,0
SG_001173,2026-03-26,0
SG_001174,2026-07-03,1
SG_001175,2025-11-08,0
SG_001176,2026-02-19,0
SG_001177,2025-11-03,1
SG_001178,2026-11-21,0
SG_001179,2026-09-18,0
SG_001183,2025-12-25,0
SG_001185,2026-08-09,1
SG_001186,2026-07-01,0
SG_001187,2025-06-08,0
SG_001189,2025-10-29,0
SG_001191,2025-12-18,1
SG_001193,2025-10-06,0
SG_001194,2026-08-19,0
SG_001195,2025-06-03,0
SG_001197,2025-09-17,0
SG_001198,2025-10-27,0
SG_001199,2026-07-30,1
SG_001200,2025-11-21,1
SG_001204,2025-04-26,1
SG_001206,2026-05-25,1
SG_001207,2026-06-04,0
SG_001209,2025-02-23,0
SG_001212,2026-09-07,0
SG_001214,2026-05-13,1
SG_001216,2026-11-17,0
SG_001218,2026-09-03,0
SG_001219,2026-06-06,0
SG_001220,2025-10-26,1
SG_001221,2025-01-12,0
SG_001222,2026-07-11,1
SG_001223,2026-02-21,0
SG_001224,2026-07-04,0
SG_001227,2026-03-08,0
SG_001228,2025-04-24,0
SG_001231,2025-04-27,0
SG_001232,2026-12-15,0
SG_001233,2025-10-19,1
SG_001234,2025-10-11,0
SG_001235,2026-11-21,1
SG_001238,2025-08-08,0
SG_001239,2026-09-06,0
SG_001240,2025-04-11,0
SG_001241,2026-05-02,0
SG_001242,2026-01-04,0
SG_001244,2026-02-20,0
SG_001246,2026-12-19,0
SG_001247,2026-05-11,0
SG_001249,2025-10-05,0
SG_001250,2025-07-27,0
SG_001251,2026-03-03,0
SG_001253,2026-01-04,1
SG_001254,2026-04-30,0
SG_001256,2026-09-26,0
SG_001258,2025-10-09,1
SG_001259,2025-12-16,0
SG_001260,2025-03-20,0
SG_001261,2025-12-04,0
SG_001263,2025-11-04,0
SG_001265,2025-05-25,0
SG_001266,2026-02-28,1
SG_001268,2025-02-09,0
SG_001269,2025-03-31,0
SG_001270,2025-12-28,0
SG_001271,2025-01-09,0
SG_001272,2025-08-02,0
SG_001273,2025-09-13,0
SG_001274,2026-06-19,0
SG_001275,2026-05-06,0
SG_001276,2026-01-15,0
SG_001277,2025-06-24,0
SG_001278,2025-03-08,0
SG_001280,2025-07-08,0
SG_001281,2026-01-24,0
SG_001282,2025-08-29,0
SG_001283,2026-04-16,1
SG_001284,2025-10-10,0
SG_001286,2025-08-10,0
SG_001288,2025-11-05,0
SG_001289,2026-12-17,0
SG_001290,2025-06-23,0
SG_001291,2025-11-20,0
SG_001292,2026-03-30,0
SG_001294,2026-02-18,0
SG_001295,2025-10-26,1
SG_001297,2026-06-18,0
SG_001299,2026-03-25,0
SG_001300,2026-10-02,0
SG_001301,2026-04-22,0
SG_001302,2025-05-31,1
SG_001304,2025-12-13,0
SG_001307,2025-08-15,1
SG_001308,2026-05-10,0
SG_001310,2025-03-13,0
SG_001311,2025-10-04,1
SG_001315,2026-11-05,0
SG_001317,2025-10-30,0
SG_001320,2026-08-12,1
SG_001323,2025-07-29,0
SG_001324,2025-07-14,0
SG_001325,2026-03-16,0
SG_001326,2025-07-29,0
SG_001328,2025-04-10,0
SG_001329,2026-09-17,0
SG_001330,2026-11-30,0
SG_001332,2026-03-19,0
SG_001333,2026-05-10,1
SG_001334,2026-02-15,0
SG_001337,2025-01-07,0
SG_001338,2025-09-15,0
SG_001339,2025-11-14,0
SG_001340,2025-03-17,0
SG_001341,2026-08-09,1
SG_001342,2025-04-04,0
SG_001343,2026-06-27,0
SG_001344,2025-02-28,1
SG_001345,2026-07-20,1
SG_001346,2025-09-11,0
SG_001347,2025-07-05,0
SG_001348,2026-03-26,0
SG_001351,2025-05-22,0
SG_001353,2025-01-19,1
SG_001355,2025-11-23,0
SG_001356,2025-02-06,0
SG_001357,2026-12-16,0
SG_001358,2025-02-01,0
SG_001359,2026-08-11,1
SG_001360,2025-11-23,0
SG_001363,2025-05-01,0
SG_001365,2026-08-11,0
SG_001366,2025-07-05,0
SG_001367,2026-08-18,0
SG_001368,2025-09-14,0
SG_001369,2026-06-12,0
SG_001370,2026-09-25,0
SG_001371,2025-06-11,0
SG_001372,2025-11-03,0
SG_001373,2025-09-16,0
SG_001375,2026-03-03,0
SG_001376,2025-04-13,0
SG_001377,2026-04-23,0
SG_001378,2025-07-07,0
SG_001379,2026-08-20,1
SG_001380,2025-03-13,0
SG_001381,2026-10-02,0
SG_001382,2026-05-05,0
SG_001383,2025-09-26,0
SG_001384,2025-01-01,0
SG_001385,2026-08-05,1
SG_001386,2025-11-26,0
SG_001387,2025-08-06,0
SG_001388,2026-08-22,1
SG_001391,2025-12-14,1
SG_001392,2025-09-10,0
SG_001393,2025-03-08,0
SG_001394,2026-06-27,0
SG_001396,2025-02-03,0
SG_001398,2025-02-28,0
SG_001399,2026-03-28,0
SG_001400,2025-02-11,0
SG_001403,2026-12-02,1
SG_001404,2026-09-20,1
SG_001406,2025-03-06,1
SG_001407,2026-04-22,0
SG_001408,2026-04-30,0
SG_001409,2026-12-10,0
SG_001410,2026-01-14,0
SG_001411,2026-06-18,0
SG_001413,2026-01-22,1
SG_001414,2025-10-26,1
SG_001416,2026-09-25,0
SG_001417,2026-01-07,1
SG_001418,2025-01-22,1
SG_001420,2026-10-19,0
SG_001422,2025-09-04,0
SG_001424,2025-08-04,0
SG_001425,2025-12-05,1
SG_001426,2025-10-31,1
SG_001427,2026-04-12,1
SG_001428,2025-08-13,0
SG_001429,2026-03-29,0
SG_001430,2026-06-14,0
SG_001431,2025-03-18,0
SG_001434,2026-11-24,0
SG_001435,2026-06-30,0
SG_001436,2025-06-27,0
SG_001437,2026-03-23,0
SG_001438,2025-01-15,1
SG_001439,2025-07-20,0
SG_001440,2026-05-26,0
SG_001442,2025-12-20,0
SG_001443,2025-01-16,0
SG_001444,2026-08-05,1
SG_001445,2025-10-22,0
SG_001449,2025-10-25,0
SG_001450,2025-04-24,1
SG_001451,2025-11-25,0
SG_001452,2025-11-07,0
SG_001454,2025-02-02,0
SG_001455,2026-06-11,0
SG_001456,2025-12-02,1
SG_001457,2025-08-15,0
SG_001459,2026-12-08,0
SG_001460,2025-09-13,0
SG_001461,2025-04-24,0
SG_001462,2026-06-07,0
SG_001463,2026-02-20,0
SG_001464,2026-06-03,0
SG_001466,2025-10-13,1
SG_001467,2026-06-08,0
SG_001468,2026-05-02,0
SG_001471,2025-04-08,0
SG_001473,2025-05-12,0
SG_001474,2025-09-29,0
SG_001475,2025-03-07,0
SG_001477,2026-05-21,1
SG_001479,2025-09-20,0
SG_001481,2026-06-01,0
SG_001482,2026-08-31,0
SG_001483,2025-11-12,0
SG_001485,2026-03-04,0
SG_001486,2025-10-25,0
SG_001488,2025-09-23,0
SG_001489,2026-12-27,0
SG_001490,2025-07-13,0
SG_001491,2025-08-10,0
SG_001492,2025-09-18,1
SG_001495,2026-07-21,0
SG_001496,2025-04-14,0
SG_001497,2025-07-17,1
SG_001498,2026-05-15,0
SG_001499,2026-01-05,0
SG_001501,2026-08-09,1
SG_001502,2026-05-16,0
SG_001503,2025-12-23,0
SG_001504,2025-12-28,1
SG_001507,2025-04-18,0
SG_001508,2026-01-08,0
SG_001509,2025-10-08,0
SG_001511,2026-03-08,0
SG_001512,2025-04-05,0
SG_001513,2025-06-13,0
SG_001515,2025-10-24,0
SG_001516,2026-11-13,0
SG_001517,2025-07-25,0
SG_001518,2026-06-12,0
SG_001519,2025-07-29,1
SG_001521,2025-08-08,0
SG_001522,2026-05-17,0
SG_001523,2025-07-13,0
SG_001524,2026-12-02,0
SG_001526,2025-10-10,0
SG_001530,2025-01-10,1
SG_001532,2025-11-16,0
SG_001533,2025-10-07,1
SG_001534,2026-02-05,0
SG_001535,2025-07-23,1
SG_001536,2025-01-11,0
SG_001537,2025-06-22,0
SG_001538,2025-08-10,0
SG_001539,2026-11-30,0
SG_001540,2025-11-20,0
SG_001544,2025-10-28,0
SG_001546,2026-06-05,0
SG_001547,2025-06-09,0
SG_001548,2025-03-03,0
SG_001550,2025-02-11,0
SG_001551,2025-09-09,0
SG_001552,2026-03-03,0
SG_001553,2025-02-07,0
SG_001554,2026-08-22,0
SG_001555,2025-09-28,0
SG_001556,2025-10-23,0
SG_001559,2026-08-06,0
SG_001560,2025-12-06,1
SG_001564,2026-09-08,0
SG_001565,2025-07-20,1
SG_001566,2025-10-05,0
SG_001574,2025-12-17,0
SG_001575,2025-09-14,0
SG_001577,2026-05-06,0
SG_001578,2025-05-24,1
SG_001579,2025-11-02,0
SG_001580,2026-02-25,0
SG_001581,2026-08-20,1
SG_001582,2025-11-10,0
SG_001583,2025-12-22,0
SG_001585,2025-12-16,0
SG_001586,2025-05-31,1
SG_001587,2026-03-07,0
SG_001588,2026-01-10,0
SG_001589,2025-05-01,0
SG_001593,2025-02-17,1
SG_001594,2026-10-05,0
SG_001596,2025-04-30,1
SG_001597,2026-02-01,0
SG_001598,2025-12-14,0
SG_001599,2025-05-13,0
SG_001600,2025-01-05,0
SG_001602,2026-05-31,1
SG_001603,2026-04-21,0
SG_001605,2025-06-16,0
SG_001606,2026-03-27,1
SG_001607,2026-08-20,0
SG_001608,2025-11-06,1
SG_001611,2025-03-23,0
SG_001614,2025-08-16,0
SG_001616,2025-10-29,0
SG_001617,2025-08-14,0
SG_001618,2025-10-21,0
SG_001619,2025-03-12,1
SG_001620,2026-11-06,0
SG_001621,2026-05-18,0
SG_001622,2025-03-23,1
SG_001625,2026-06-17,1
SG_001626,2026-02-11,0
SG_001627,2025-09-04,0
SG_001628,2025-01-08,0
SG_001629,2025-06-19,0
SG_001630,2026-04-15,0
SG_001632,2026-10-17,0
SG_001633,2026-01-14,1
SG_001635,2025-05-31,0
SG_001637,2026-06-10,0
SG_001639,2025-04-07,1
SG_001640,2026-10-28,1
SG_001641,2026-10-11,1
SG_001642,2025-11-20,0
SG_001643,2025-05-12,0
SG_001644,2026-02-02,0
SG_001645,2025-05-10,0
SG_001646,2025-09-19,1
SG_001648,2025-11-05,0
SG_001649,2026-10-18,0
SG_001651,2026-02-04,1
SG_001652,2025-02-27,0
SG_001655,2026-06-23,0
SG_001656,2025-01-04,1
SG_001657,2025-07-02,0
SG_001659,2026-07-11,1
SG_001660,2025-11-10,0
SG_001661,2025-02-10,0
SG_001662,2025-11-19,1
SG_001664,2026-04-15,0
SG_001665,2026-06-13,0
SG_001666,2025-12-24,1
SG_001669,2025-04-02,1
SG_001671,2025-06-27,0
SG_001672,2025-09-13,0
SG_001673,2025-01-10,0
SG_001674,2025-07-08,0
SG_001675,2025-04-29,0
SG_001676,2026-07-15,0
SG_001677,2026-04-21,0
SG_001678,2025-10-14,0
SG_001679,2025-06-28,0
SG_001680,2025-10-20,0
SG_001681,2025-01-10,0
SG_001682,2025-04-08,1
SG_001684,2025-06-05,0
SG_001685,2025-07-12,0
SG_001687,2025-10-14,0
SG_001690,2025-02-25,0
SG_001691,2026-07-26,0
SG_001692,2026-05-24,0
SG_001693,2025-05-10,1
SG_001694,2025-07-09,0
SG_001695,2026-11-10,1
SG_001696,2026-11-23,0
SG_001697,2025-10-18,0
SG_001699,2025-10-05,0
SG_001700,2026-05-27,0
SG_001701,2025-02-05,0
SG_001702,2025-01-29,0
SG_001703,2025-01-04,0
SG_001705,2026-09-14,0
SG_001706,2025-06-18,0
SG_001707,2025-02-18,0
SG_001708,2025-04-21,0
SG_001709,2025-08-21,0
SG_001710,2025-10-02,1
SG_001712,2025-07-12,0
SG_001713,2025-04-22,1
SG_001714,2025-02-13,0
SG_001715,2025-08-26,1
SG_001716,2026-04-23,0
SG_001717,2025-02-06,0
SG_001718,2025-12-29,0
SG_001721,2026-06-25,1
SG_001722,2025-03-29,0
SG_001724,2025-04-05,0
SG_001725,2026-06-08,0
SG_001727,2025-12-17,0
SG_001729,2026-06-24,0
SG_001730,2026-06-29,0
SG_001732,2025-09-09,0
SG_001736,2026-09-18,0
SG_001741,2026-05-04,0
SG_001742,2025-12-25,0
SG_001743,2026-07-07,0
SG_001746,2026-08-10,0
SG_001747,2026-04-10,0
SG_001748,2026-02-27,0
SG_001749,2026-07-26,0
SG_001752,2026-01-22,0
SG_001753,2026-04-08,1
SG_001754,2026-03-04,0
SG_001755,2025-08-18,0
SG_001756,2025-10-10,0
SG_001757,2026-01-10,0
SG_001758,2025-07-19,0
SG_001759,2025-11-04,0
SG_001760,2026-04-20,0
SG_001762,2026-05-21,0
SG_001763,2026-11-25,0
SG_001764,2026-04-02,0
SG_001765,2026-02-19,1
SG_001766,2025-10-02,0
SG_001770,2025-07-28,1
SG_001771,2026-02-17,0
SG_001772,2025-07-10,0
SG_001773,2025-06-12,0
SG_001774,2025-10-21,0
SG_001775,2025-07-16,1
SG_001777,2026-01-05,0
SG_001778,2026-06-06,0
SG_001779,2026-09-03,0
SG_001780,2025-07-30,0
SG_001781,2026-06-08,1
SG_001782,2025-08-01,0
SG_001783,2025-07-03,1
SG_001784,2026-12-02,0
SG_001785,2025-10-19,0
SG_001787,2025-11-09,0
SG_001794,2025-07-27,0
SG_001795,2025-07-11,1
SG_001798,2025-06-15,0
SG_001799,2025-02-18,0
SG_001800,2026-08-22,1
SG_001801,2025-04-05,0
SG_001802,2025-06-01,0
SG_001805,2026-09-17,0
SG_001807,2025-08-10,0
SG_001808,2025-07-16,0
SG_001809,2026-03-08,1
SG_001810,2026-01-21,0
SG_001812,2026-06-14,0
SG_001813,2025-02-24,0
SG_001814,2025-04-06,1
SG_001816,2026-06-15,0
SG_001817,2026-09-26,0
SG_001818,2026-07-19,1
SG_001820,2025-08-09,1
SG_001821,2025-04-06,0
SG_001822,2026-01-12,0
SG_001823,2025-12-22,0
SG_001826,2026-12-21,0
SG_001828,2025-02-17,0
SG_001829,2026-03-09,1
SG_001832,2025-05-03,0
SG_001834,2026-07-17,0
SG_001835,2026-03-08,0
SG_001837,2025-02-28,1
SG_001838,2025-11-06,0
SG_001839,2025-10-01,0
SG_001840,2025-10-31,0
SG_001841,2025-11-12,0
SG_001842,2025-08-05,0
SG_001843,2026-05-09,1
SG_001845,2025-07-16,0
SG_001850,2026-09-24,0
SG_001852,2026-06-01,0
SG_001853,2025-09-02,0
SG_001854,2025-10-20,1
SG_001855,2025-12-27,0
SG_001856,2025-10-01,0
SG_001857,2025-12-12,0
SG_001859,2025-01-09,0
SG_001861,2026-03-12,0
SG_001863,2026-11-12,0
SG_001866,2026-09-02,0
SG_001868,2025-09-27,0
SG_001869,2025-07-15,0
SG_001870,2026-09-12,0
SG_001871,2026-12-24,0
SG_001873,2026-01-26,0
SG_001874,2026-01-18,0
SG_001875,2025-09-25,0
SG_001878,2025-05-31,1
SG_001879,2025-03-16,0
SG_001880,2026-08-20,0
SG_001881,2026-10-20,0
SG_001882,2025-06-08,0
SG_001887,2026-02-11,0
SG_001889,2025-10-28,0
SG_001891,2026-01-09,0
SG_001896,2025-03-28,1
SG_001898,2026-06-24,0
SG_001899,2026-10-19,0
SG_001900,2026-02-25,1
SG_001902,2026-06-21,0
SG_001905,2026-01-29,0
SG_001907,2026-01-22,0
SG_001908,2025-09-14,0
SG_001910,2026-01-15,0
SG_001911,2026-03-15,0
SG_001913,2025-11-03,0
SG_001916,2026-04-06,1
SG_001917,2026-12-17,0
SG_001918,2025-04-08,0
SG_001920,2025-09-11,0
SG_001921,2025-11-24,0
SG_001922,2026-07-16,0
SG_001923,2026-03-12,1
SG_001926,2025-01-10,0
SG_001927,2026-07-29,0
SG_001929,2025-09-19,1
SG_001931,2025-10-04,0
SG_001935,2026-03-25,0
SG_001937,2025-11-27,1
SG_001938,2026-01-29,0
SG_001939,2026-10-01,1
SG_001940,2025-11-03,0
SG_001941,2025-11-02,0
SG_001942,2025-08-22,0
SG_001943,2025-01-28,0
SG_001944,2025-12-01,1
SG_001945,2025-09-14,0
SG_001946,2025-08-14,0
SG_001948,2025-09-24,0
SG_001949,2025-11-14,0
SG_001950,2025-01-08,0
SG_001951,2026-10-25,0
SG_001952,2026-10-14,0
SG_001956,2025-01-07,0
SG_001957,2025-11-20,0
SG_001958,2026-07-26,1
SG_001959,2025-01-16,0
SG_001960,2026-03-10,0
SG_001961,2025-08-06,0
SG_001962,2025-12-21,1
SG_001964,2026-10-28,1
SG_001965,2025-05-23,0
SG_001966,2025-02-26,0
SG_001967,2026-05-16,0
SG_001968,2025-04-10,0
SG_001969,2026-03-15,0
SG_001970,2025-04-04,0
SG_001972,2026-03-10,0
SG_001973,2026-12-11,0
SG_001974,2026-06-12,0
SG_001978,2025-10-04,1
SG_001979,2025-08-26,0
SG_001983,2025-07-01,1
SG_001984,2025-11-10,1
SG_001985,2025-05-08,0
SG_001986,2026-01-08,0
SG_001987,2026-02-11,0
SG_001988,2026-03-22,0
SG_001989,2025-09-19,0
SG_001991,2026-01-25,0
SG_001992,2025-04-21,0
SG_001993,2026-04-30,0
SG_001994,2025-03-10,1
SG_001995,2025-02-15,0
SG_001996,2025-12-20,0
SG_001997,2025-04-01,0
SG_001998,2026-01-02,1
SG_002001,2025-05-22,0
SG_002003,2026-03-31,0
SG_002005,2025-06-24,0
SG_002006,2026-05-09,0
SG_002007,2025-04-02,0
SG_002010,2025-08-24,0
SG_002011,2025-03-27,0
SG_002012,2025-06-13,0
SG_002013,2026-02-08,0
SG_002014,2026-09-13,0
SG_002015,2025-08-18,1
SG_002017,2025-10-09,0
SG_002018,2025-12-15,0
SG_002019,2026-06-10,0
SG_002020,2026-08-01,1
SG_002022,2026-10-19,0
SG_002023,2025-09-04,1
SG_002025,2025-03-30,0
SG_002026,2025-11-12,0
SG_002028,2025-12-06,1
SG_002029,2025-05-22,0
SG_002030,2025-04-02,0
SG_002031,2025-07-08,0
SG_002032,2025-08-03,0
SG_002033,2025-06-11,0
SG_002034,2025-04-16,0
SG_002035,2025-06-01,0
SG_002036,2026-03-14,1
SG_002040,2026-02-24,0
SG_002041,2025-04-27,1
SG_002042,2025-07-13,0
SG_002043,2026-12-09,0
SG_002046,2026-05-30,0
SG_002047,2026-06-13,0
SG_002049,2026-01-11,1
SG_002051,2025-11-19,0
SG_002053,2026-09-19,0
SG_002054,2025-09-25,0
SG_002055,2025-09-23,0
SG_002056,2025-06-27,0
SG_002057,2025-08-16,0
SG_002058,2026-04-08,0
SG_002059,2026-01-25,0
SG_002060,2026-03-29,0
SG_002061,2025-02-13,0
SG_002062,2025-03-13,0
SG_002064,2026-06-11,0
SG_002065,2026-01-24,0
SG_002066,2026-03-05,0
SG_002070,2025-07-10,1
SG_002071,2025-06-26,0
SG_002072,2025-03-25,0
SG_002073,2026-03-04,1
SG_002076,2025-02-06,0
SG_002077,2026-02-16,0
SG_002079,2026-09-10,1
SG_002080,2025-04-16,0
SG_002082,2025-04-01,0
SG_002083,2025-04-08,0
SG_002084,2026-12-01,0
SG_002085,2025-05-06,0
SG_002086,2025-09-28,0
SG_002087,2025-07-31,1
SG_002088,2026-01-02,0
SG_002089,2025-08-10,0
SG_002091,2025-06-19,0
SG_002092,2025-11-22,1
SG_002093,2025-10-12,0
SG_002094,2025-07-09,0
SG_002095,2025-02-23,0
SG_002096,2026-02-27,1
SG_002098,2025-09-03,0
SG_002099,2026-10-23,0
SG_002100,2025-08-24,0
SG_002101,2025-02-26,0
SG_002102,2025-02-22,0
SG_002104,2026-07-03,0
SG_002106,2025-10-31,0
SG_002107,2026-09-16,0
SG_002108,2026-09-13,0
SG_002109,2025-04-24,0
SG_002111,2026-02-14,1
SG_002112,2025-07-06,0
SG_002113,2025-10-10,1
SG_002114,2025-11-19,1
SG_002115,2025-11-29,0
SG_002116,2025-01-21,1
SG_002117,2025-09-29,0
SG_002118,2026-05-06,0
SG_002119,2025-07-09,0
SG_002120,2026-05-16,1
SG_002121,2025-12-18,0
SG_002124,2026-04-11,1
SG_002126,2026-03-08,0
SG_002127,2026-10-03,0
SG_002128,2026-08-28,0
SG_002130,2026-03-24,0
SG_002132,2026-06-25,0
SG_002133,2025-11-29,0
SG_002134,2025-10-18,0
SG_002135,2026-04-14,1
SG_002136,2026-02-21,0
SG_002138,2025-07-23,0
SG_002139,2026-07-12,0
SG_002140,2025-11-04,0
SG_002141,2025-11-07,0
SG_002143,2025-11-14,0
SG_002144,2026-02-04,0
SG_002145,2025-04-20,0
SG_002146,2026-08-06,1
SG_002147,2026-10-25,0
SG_002148,2025-09-01,0
SG_002149,2025-01-06,0
SG_002153,2025-10-14,1
SG_002154,2026-12-21,0
SG_002155,2025-12-31,0
SG_002156,2025-03-07,1
SG_002157,2026-10-01,0
SG_002158,2025-10-26,0
SG_002159,2026-01-15,0
SG_002160,2026-05-24,1
SG_002161,2026-07-27,0
SG_002162,2025-01-18,0
SG_002163,2026-07-21,1
SG_002164,2026-05-19,0
SG_002165,2026-02-24,0
SG_002167,2026-12-04,0
SG_002168,2026-06-11,0
SG_002169,2026-03-13,0
SG_002170,2025-12-27,0
SG_002173,2025-03-07,0
SG_002174,2026-12-02,0
SG_002175,2025-07-20,0
SG_002178,2025-10-25,0
SG_002179,2026-02-01,0
SG_002180,2026-10-21,0
SG_002182,2025-12-29,0
SG_002183,2025-09-18,1
SG_002187,2026-06-24,1
SG_002188,2026-05-12,0
SG_002189,2025-01-11,0
SG_002190,2026-06-28,0
SG_002193,2025-07-28,0
SG_002195,2025-12-24,0
SG_002196,2026-01-12,0
SG_002197,2025-08-31,0
SG_002198,2025-08-07,0
SG_002199,2025-03-23,0
SG_002201,2026-06-02,0
SG_002202,2025-11-30,0
SG_002203,2025-10-21,0
SG_002204,2026-08-12,0
SG_002205,2026-12-30,1
SG_002206,2026-12-31,0
SG_002207,2025-12-08,0
SG_002208,2025-06-03,1
SG_002210,2025-01-29,0
SG_002211,2025-07-19,0
SG_002212,2025-09-11,0
SG_002214,2025-08-17,0
SG_002215,2026-02-20,0
SG_002216,2025-05-10,0
SG_002217,2026-03-03,0
SG_002218,2025-06-14,0
SG_002219,2026-06-15,0
SG_002221,2025-07-10,0
SG_002222,2026-03-15,0
SG_002224,2026-05-31,0
SG_002225,2026-01-07,0
SG_002226,2026-04-24,0
SG_002229,2025-04-23,0
SG_002230,2026-01-27,0
SG_002231,2025-05-21,0
SG_002232,2026-03-13,1
SG_002234,2025-10-19,1
SG_002235,2026-05-09,0
SG_002236,2026-06-20,0
SG_002237,2025-03-10,0
SG_002238,2025-02-28,0
SG_002239,2025-12-07,0
SG_002240,2025-05-14,0
SG_002242,2025-04-07,0
SG_002243,2026-03-28,0
SG_002244,2026-10-24,0
SG_002245,2025-11-10,0
SG_002246,2025-08-29,0
SG_002247,2025-09-25,0
SG_002249,2025-01-09,1
SG_002250,2026-05-17,0
SG_002253,2025-08-15,1
SG_002256,2025-08-15,0
SG_002257,2025-12-15,0
SG_002258,2026-01-02,0
SG_002259,2026-05-09,0
SG_002261,2026-02-19,0
SG_002264,2026-08-29,0
SG_002265,2026-06-08,0
SG_002267,2026-03-09,0
SG_002268,2025-01-30,0
SG_002269,2026-03-31,0
SG_002271,2026-08-06,0
SG_002272,2025-08-17,0
SG_002273,2025-01-18,0
SG_002274,2025-12-31,0
SG_002275,2026-03-12,1
SG_002276,2026-11-12,0
SG_002279,2026-04-23,0
SG_002282,2025-03-03,1
SG_002285,2025-07-31,0
SG_002287,2026-10-06,0
SG_002289,2026-06-24,1
SG_002290,2025-10-30,0
SG_002293,2025-12-16,0
SG_002295,2026-03-01,0
SG_002297,2026-05-29,0
SG_002299,2025-09-09,0
SG_002300,2026-12-10,0
SG_002302,2026-11-08,0
SG_002303,2025-07-15,0
SG_002305,2026-08-10,0
SG_002306,2026-04-10,0
SG_002307,2026-10-08,0
SG_002308,2025-02-28,0
SG_002309,2026-08-02,0
SG_002310,2026-11-30,0
SG_002312,2025-05-08,1
SG_002313,2026-01-01,1
SG_002314,2026-01-09,0
SG_002315,2026-09-18,0
SG_002316,2025-03-17,0
SG_002317,2026-12-16,0
SG_002318,2025-08-24,0
SG_002321,2025-07-26,0
SG_002323,2025-11-02,0
SG_002325,2025-12-16,0
SG_002326,2025-10-12,0
SG_002327,2026-09-14,1
SG_002329,2025-09-12,1
SG_002330,2026-02-10,0
SG_002331,2025-02-05,0
SG_002333,2025-03-21,0
SG_002334,2025-02-20,0
SG_002335,2026-09-20,0
SG_002336,2026-11-27,0
SG_002337,2025-04-25,0
SG_002338,2025-12-22,0
SG_002339,2025-08-09,0
SG_002340,2025-10-11,0
SG_002342,2026-08-11,0
SG_002343,2026-11-26,0
SG_002344,2026-03-26,0
SG_002345,2026-02-05,0
SG_002348,2025-08-21,0
SG_002349,2025-05-30,0
SG_002350,2025-12-21,0
SG_002351,2025-12-05,0
SG_002353,2025-09-19,0
SG_002354,2025-07-12,0
SG_002355,2025-11-25,0
SG_002356,2025-01-20,1
SG_002358,2025-05-19,1
SG_002359,2026-10-02,1
SG_002360,2025-02-25,0
SG_002362,2026-09-15,0
SG_002363,2025-08-14,1
SG_002364,2025-02-20,0
SG_002365,2026-01-12,0
SG_002366,2026-12-21,1
SG_002367,2026-08-30,0
SG_002368,2026-12-22,0
SG_002369,2026-05-07,0
SG_002376,2026-05-27,1
SG_002377,2026-09-08,0
SG_002378,2025-01-17,0
SG_002379,2026-07-15,0
SG_002380,2025-10-29,0
SG_002382,2025-11-10,0
SG_002383,2026-05-17,0
SG_002384,2026-07-28,0
SG_002386,2026-06-04,1
SG_002388,2025-07-21,0
SG_002389,2025-06-06,0
SG_002393,2025-11-16,0
SG_002395,2025-05-12,0
SG_002397,2026-03-13,0
SG_002398,2026-06-25,0
SG_002399,2025-12-20,0
SG_002400,2025-09-07,0
SG_002403,2025-04-13,0
SG_002405,2026-11-17,0
SG_002406,2026-03-01,0
SG_002408,2025-07-15,0
SG_002409,2025-11-10,0
SG_002411,2025-05-26,0
SG_002412,2025-01-04,0
SG_002413,2025-10-22,0
SG_002414,2025-12-04,0
SG_002415,2026-11-24,1
SG_002416,2025-10-22,0
SG_002417,2025-08-16,1
SG_002418,2026-02-21,0
SG_002420,2026-03-20,0
SG_002424,2026-05-06,1
SG_002425,2026-09-26,0
SG_002426,2026-10-15,1
SG_002427,2025-01-07,0
SG_002428,2026-05-28,0
SG_002431,2026-05-16,0
SG_002432,2025-01-17,0
SG_002433,2025-10-21,0
SG_002435,2025-10-14,0
SG_002436,2026-02-10,0
SG_002438,2025-05-23,0
SG_002439,2025-07-30,0
SG_002440,2026-03-17,1
SG_002441,2025-11-05,0
SG_002443,2025-09-15,0
SG_002445,2025-12-02,0
SG_002446,2025-06-29,0
SG_002449,2025-01-21,0
SG_002451,2026-04-13,1
SG_002452,2026-06-19,0
SG_002457,2025-08-03,1
SG_002461,2026-03-06,0
SG_002463,2025-01-01,1
SG_002465,2026-01-29,0
SG_002467,2025-12-18,0
SG_002468,2025-07-28,0
SG_002469,2025-08-24,0
SG_002470,2026-04-19,0
SG_002471,2025-03-04,0
SG_002472,2026-02-16,1
SG_002473,2025-11-20,0
SG_002474,2025-08-17,0
SG_002476,2025-11-03,1
SG_002478,2025-10-22,0
SG_002480,2025-04-26,1
SG_002481,2026-05-12,0
SG_002484,2026-08-07,1
SG_002485,2026-06-21,0
SG_002487,2025-12-13,0
SG_002488,2026-05-09,1
SG_002489,2025-12-15,0
SG_002491,2025-04-20,0
SG_002492,2025-12-26,0
SG_002494,2025-10-30,0
SG_002496,2025-10-02,0
SG_002497,2025-10-31,0
SG_002499,2026-02-11,1
SG_002501,2026-03-18,0
SG_002503,2025-05-19,0
SG_002504,2025-04-30,1
SG_002505,2026-04-01,0
SG_002506,2026-03-04,0
SG_002508,2026-02-09,0
SG_002510,2026-01-10,1
SG_002511,2025-08-04,0
SG_002512,2025-09-15,0
SG_002513,2026-04-12,0
SG_002514,2026-08-21,1
SG_002515,2026-03-12,0
SG_002516,2026-07-15,1
SG_002518,2025-06-12,0
SG_002519,2025-01-18,0
SG_002521,2026-07-27,1
SG_002523,2026-02-16,0
SG_002524,2025-12-06,1
SG_002525,2025-11-09,1
SG_002527,2025-03-08,0
SG_002528,2026-03-17,1
SG_002530,2025-08-30,0
SG_002531,2026-08-19,0
SG_002533,2025-03-13,0
SG_002534,2026-01-14,0
SG_002535,2026-04-23,0
SG_002536,2025-01-27,1
SG_002537,2026-07-05,1
SG_002538,2026-12-15,1
SG_002540,2025-04-04,0
SG_002542,2025-09-08,0
SG_002543,2025-01-20,0
SG_002547,2025-01-05,0
SG_002549,2025-06-03,1
SG_002550,2026-10-18,0
SG_002551,2026-09-06,0
SG_002552,2025-10-07,1
SG_002553,2025-06-18,0
SG_002554,2025-03-01,1
SG_002556,2026-04-12,0
SG_002557,2026-06-19,0
SG_002558,2026-12-22,0
SG_002560,2026-08-13,0
SG_002561,2025-08-07,0
SG_002562,2025-08-31,0
SG_002563,2026-03-08,0
SG_002564,2025-06-29,0
SG_002565,2025-07-10,1
SG_002566,2025-05-03,0
SG_002567,2025-02-06,0
SG_002569,2025-02-02,1
SG_002570,2026-01-29,0
SG_002571,2025-07-30,0
SG_002574,2025-02-20,0
SG_002575,2025-09-26,0
SG_002576,2025-08-06,0
SG_002578,2026-10-03,1
SG_002579,2025-11-16,0
SG_002581,2025-09-29,0
SG_002582,2025-02-13,1
SG_002584,2026-08-25,0
SG_002585,2025-07-29,0
SG_002589,2025-11-23,0
SG_002590,2026-04-24,0
SG_002591,2026-12-21,1
SG_002592,2026-06-29,0
SG_002593,2025-10-01,0
SG_002595,2026-01-30,0
SG_002598,2025-10-09,0
SG_002602,2026-04-09,0
SG_002603,2026-03-30,0
SG_002604,2026-10-08,1
SG_002606,2025-12-30,1
SG_002607,2026-06-05,0
SG_002608,2025-07-10,0
SG_002609,2025-10-05,0
SG_002610,2026-01-31,0
SG_002611,2025-10-19,0
SG_002612,2026-03-26,1
SG_002614,2026-07-19,0
SG_002616,2025-03-28,0
SG_002617,2025-01-23,0
SG_002619,2026-09-01,0
SG_002620,2025-12-09,0
SG_002621,2025-04-11,0
SG_002623,2026-07-02,0
SG_002624,2026-08-31,0
SG_002625,2025-12-16,0
SG_002626,2025-10-07,0
SG_002629,2026-03-12,0
SG_002631,2026-06-14,0
SG_002632,2026-03-29,1
SG_002634,2026-04-03,1
SG_002635,2025-08-01,0
SG_002636,2025-01-15,0
SG_002637,2026-12-22,0
SG_002639,2025-02-10,0
SG_002640,2025-01-27,0
SG_002641,2025-09-03,0
SG_002642,2025-10-12,0
SG_002643,2025-03-07,1
SG_002644,2025-07-01,0
SG_002645,2025-01-04,0
SG_002646,2026-02-09,0
SG_002647,2026-11-11,0
SG_002648,2025-04-30,1
SG_002651,2025-07-06,0
SG_002655,2026-02-03,0
SG_002656,2026-11-04,0
SG_002658,2025-06-02,0
SG_002659,2025-08-26,0
SG_002660,2025-04-29,0
SG_002661,2025-04-29,1
SG_002662,2026-10-07,0
SG_002663,2026-07-28,0
SG_002668,2025-07-07,0
SG_002669,2025-07-06,0
SG_002670,2025-10-16,0
SG_002671,2025-08-14,0
SG_002676,2025-07-14,0
SG_002677,2025-06-26,1
SG_002678,2026-01-08,0
SG_002679,2025-09-23,0
SG_002681,2025-12-05,0
SG_002682,2026-06-09,0
SG_002683,2025-08-26,0
SG_002685,2025-03-08,0
SG_002686,2026-09-27,1
SG_002687,2025-04-25,0
SG_002690,2026-05-19,0
SG_002692,2025-02-24,0
SG_002694,2025-01-03,0
SG_002695,2025-08-05,0
SG_002696,2026-12-04,0
SG_002697,2026-02-11,0
SG_002698,2026-07-12,0
SG_002700,2026-07-12,0
SG_002702,2026-03-09,0
SG_002703,2026-06-27,0
SG_002704,2025-04-15,0
SG_002706,2026-12-24,0
SG_002707,2026-05-02,0
SG_002708,2026-11-24,0
SG_002709,2026-06-01,0
SG_002710,2025-07-09,0
SG_002711,2025-09-16,0
SG_002712,2026-02-02,0
SG_002713,2025-11-18,1
SG_002714,2025-11-20,0
SG_002715,2026-07-11,1
SG_002716,2025-06-12,0
SG_002717,2025-06-24,0
SG_002718,2025-09-13,0
SG_002719,2025-10-23,0
SG_002721,2025-10-07,0
SG_002722,2025-10-27,0
SG_002723,2025-05-27,1
SG_002724,2025-04-08,0
SG_002725,2026-04-24,0
SG_002726,2025-02-25,0
SG_002727,2026-04-14,1
SG_002728,2025-11-07,0
SG_002729,2025-12-29,0
SG_002730,2025-11-08,0
SG_002732,2026-07-04,0
SG_002734,2026-01-15,0
SG_002737,2026-05-01,1
SG_002739,2026-03-03,0
SG_002740,2026-04-10,0
SG_002741,2026-11-25,0
SG_002743,2026-02-25,0
SG_002744,2026-10-08,0
SG_002745,2026-12-05,0
SG_002747,2025-10-02,0
SG_002749,2025-10-02,0
SG_002750,2026-05-25,1
SG_002751,2025-08-27,0
SG_002753,2025-01-17,0
SG_002754,2025-01-12,0
SG_002756,2025-07-06,0
SG_002758,2025-06-14,0
SG_002760,2025-01-02,0
SG_002761,2025-08-08,0
SG_002762,2025-04-11,1
SG_002763,2026-05-22,0
SG_002764,2026-12-25,1
SG_002765,2026-03-24,0
SG_002766,2026-06-30,0
SG_002768,2026-02-20,0
SG_002769,2025-11-09,0
SG_002771,2025-12-06,0
SG_002772,2026-08-01,0
SG_002774,2025-11-27,0
SG_002775,2025-12-10,0
SG_002776,2025-07-03,0
SG_002778,2026-01-11,0
SG_002779,2026-12-02,0
SG_002780,2025-08-31,0
SG_002781,2025-09-30,0
SG_002784,2025-11-18,0
SG_002786,2025-06-30,0
SG_002787,2025-10-01,0
SG_002790,2025-02-02,0
SG_002791,2026-01-16,0
SG_002792,2025-08-18,0
SG_002794,2026-07-21,1
SG_002795,2025-02-27,0
SG_002797,2026-03-19,0
SG_002799,2026-07-03,1
SG_002800,2026-03-23,0
SG_002801,2025-03-01,0
SG_002802,2025-10-14,0
SG_002803,2025-08-13,1
SG_002804,2025-06-27,0
SG_002805,2026-09-17,0
SG_002806,2025-08-09,0
SG_002807,2025-03-16,1
SG_002808,2025-12-21,0
SG_002810,2026-01-29,0
SG_002811,2025-09-17,0
SG_002812,2026-03-26,0
SG_002813,2025-05-24,0
SG_002815,2025-05-16,0
SG_002816,2025-09-04,1
SG_002817,2026-12-23,1
SG_002818,2025-05-27,0
SG_002819,2025-09-16,0
SG_002821,2025-05-20,0
SG_002822,2026-08-20,1
SG_002823,2025-08-25,0
SG_002824,2025-08-15,1
SG_002826,2025-01-30,0
SG_002828,2025-12-02,0
SG_002830,2026-05-18,0
SG_002831,2025-11-10,0
SG_002833,2026-01-20,1
SG_002835,2025-03-29,0
SG_002836,2025-01-20,0
SG_002837,2026-11-22,0
SG_002838,2026-06-18,0
SG_002839,2025-05-21,0
SG_002841,2025-07-04,0
SG_002844,2026-01-18,0
SG_002845,2026-04-09,0
SG_002846,2026-04-03,0
SG_002847,2026-03-22,0
SG_002848,2025-01-05,0
SG_002851,2026-05-10,0
SG_002852,2025-03-03,0
SG_002854,2026-01-02,0
SG_002855,2025-12-01,1
SG_002856,2025-07-10,0
SG_002857,2026-06-28,0
SG_002858,2026-06-09,0
SG_002859,2025-09-08,0
SG_002860,2025-05-19,0
SG_002861,2025-09-20,0
SG_002862,2026-10-19,0
SG_002863,2026-02-05,0
SG_002864,2025-08-31,1
SG_002865,2026-06-25,0
SG_002866,2025-09-11,0
SG_002867,2026-09-17,0
SG_002868,2025-11-12,0
SG_002869,2025-01-12,0
SG_002870,2025-11-22,0
SG_002871,2025-09-21,1
SG_002872,2025-11-11,0
SG_002873,2026-08-07,0
SG_002874,2026-06-22,0
SG_002876,2026-01-13,1
SG_002877,2026-12-22,0
SG_002878,2025-11-21,0
SG_002879,2025-09-21,0
SG_002880,2026-01-14,0
SG_002881,2025-03-29,1
SG_002883,2026-09-30,1
SG_002884,2025-09-13,1
SG_002885,2025-04-14,1
SG_002886,2026-10-14,1
SG_002888,2025-12-24,0
SG_002889,2025-12-10,0
SG_002890,2026-07-06,1
SG_002892,2025-01-28,0
SG_002893,2025-03-13,0
SG_002894,2026-06-09,0
SG_002895,2026-06-02,0
SG_002897,2026-02-14,0
SG_002898,2025-05-07,0
SG_002899,2026-02-09,0
SG_002900,2026-09-14,0
SG_002901,2025-07-29,0
SG_002902,2025-04-16,1
SG_002903,2025-01-11,1
SG_002905,2025-11-04,1
SG_002908,2025-01-21,1
SG_002909,2025-11-29,0
SG_002911,2025-10-16,0
SG_002912,2025-10-20,1
SG_002913,2025-05-11,0
SG_002914,2026-02-11,1
SG_002915,2025-02-11,0
SG_002916,2026-06-18,0
SG_002917,2025-08-07,1
SG_002919,2025-09-22,0
SG_002920,2025-06-11,0
SG_002921,2025-02-09,0
SG_002922,2026-01-31,1
SG_002923,2025-01-18,1
SG_002924,2026-05-08,0
SG_002925,2025-03-31,0
SG_002927,2025-08-16,1
SG_002928,2026-03-08,0
SG_002929,2025-10-12,1
SG_002931,2026-10-13,0
SG_002933,2025-10-13,0
SG_002934,2025-10-11,0
SG_002935,2025-12-24,1
SG_002936,2025-09-27,0
SG_002938,2026-07-31,1
SG_002940,2025-09-14,0
SG_002941,2025-11-14,0
SG_002942,2025-01-15,0
SG_002945,2026-02-13,0
SG_002946,2026-06-09,1
SG_002948,2025-01-16,0
SG_002951,2026-03-07,1
SG_002953,2025-12-27,0
SG_002956,2025-07-09,0
SG_002957,2026-03-21,0
SG_002959,2026-04-02,0
SG_002961,2026-02-01,1
SG_002962,2025-11-17,1
SG_002963,2026-09-09,1
SG_002965,2026-11-01,0
SG_002966,2025-09-13,0
SG_002968,2025-05-05,0
SG_002969,2026-07-31,0
SG_002970,2026-05-05,0
SG_002971,2025-02-27,0
SG_002973,2026-09-28,0
SG_002974,2025-08-29,0
SG_002975,2026-07-28,0
SG_002976,2025-04-16,0
SG_002977,2026-04-22,0
SG_002978,2025-07-12,1
SG_002979,2026-09-14,0
SG_002980,2026-10-01,0
SG_002981,2025-12-17,0
SG_002983,2026-05-06,0
SG_002984,2025-11-14,0
SG_002986,2026-10-26,0
SG_002987,2026-01-17,0
SG_002988,2025-03-10,0
SG_002990,2026-01-05,0
SG_002991,2025-01-08,1
SG_002992,2025-11-15,0
SG_002993,2026-05-22,0
SG_002994,2025-11-11,0
SG_002995,2025-11-15,1
SG_002996,2026-06-20,0
SG_002997,2025-02-11,0
SG_002998,2026-04-08,0
SG_003000,2026-03-25,1
SG_003001,2025-08-07,0
SG_003003,2025-07-19,1
SG_003004,2026-02-28,0
SG_003005,2026-08-30,0
SG_003006,2025-12-10,0
SG_003007,2025-06-14,0
SG_003009,2025-03-13,0
SG_003010,2026-05-06,0
SG_003011,2025-08-18,0
SG_003012,2026-07-08,0
SG_003013,2025-12-19,0
SG_003014,2026-01-03,0
SG_003015,2025-08-05,0
SG_003016,2026-01-11,0
SG_003017,2025-06-15,0
SG_003018,2026-07-03,0
SG_003019,2025-08-08,0
SG_003020,2026-02-26,0
SG_003021,2025-05-08,0
SG_003022,2026-11-06,0
SG_003025,2025-02-04,0
SG_003027,2025-10-26,0
SG_003029,2026-08-14,0
SG_003032,2025-04-07,0
SG_003033,2026-03-09,0
SG_003034,2025-05-19,0
SG_003035,2025-02-26,0
SG_003036,2025-11-06,0
SG_003038,2025-01-03,0
SG_003039,2026-06-11,0
SG_003040,2025-05-21,0
SG_003041,2025-12-21,0
SG_003046,2025-10-15,0
SG_003047,2026-06-01,0
SG_003050,2026-04-06,0
SG_003053,2025-03-27,0
SG_003054,2025-01-10,1
SG_003055,2025-11-27,0
SG_003056,2025-10-07,0
SG_003057,2026-12-29,0
SG_003058,2026-08-15,0
SG_003060,2025-12-21,0
SG_003061,2025-10-26,0
SG_003063,2025-05-11,0
SG_003064,2026-12-24,0
SG_003066,2026-07-21,0
SG_003068,2025-05-14,0
SG_003069,2025-04-25,0
SG_003070,2025-09-07,0
SG_003074,2025-07-01,0
SG_003076,2025-11-21,1
SG_003077,2026-02-06,0
SG_003078,2026-10-22,0
SG_003079,2025-10-03,0
SG_003081,2026-01-31,0
SG_003083,2026-05-31,1
SG_003086,2025-07-05,0
SG_003087,2025-12-11,1
SG_003090,2026-04-23,0
SG_003091,2025-06-22,0
SG_003092,2025-02-04,0
SG_003093,2025-07-10,0
SG_003094,2025-11-16,0
SG_003095,2025-06-21,0
SG_003098,2025-06-12,0
SG_003099,2026-09-02,0
SG_003100,2026-01-30,0
SG_003101,2026-03-25,0
SG_003103,2026-09-26,1
SG_003104,2025-09-13,0
SG_003106,2025-10-24,1
SG_003108,2025-06-24,0
SG_003109,2025-05-30,0
SG_003110,2025-06-05,0
SG_003112,2025-01-20,0
SG_003113,2026-01-28,1
SG_003114,2026-05-03,0
SG_003115,2026-01-02,0
SG_003117,2026-01-06,1
SG_003119,2026-01-29,0
SG_003120,2025-08-01,1
SG_003121,2025-08-08,0
SG_003122,2026-07-14,1
SG_003123,2025-08-22,0
SG_003124,2026-12-05,0
SG_003126,2025-02-15,0
SG_003128,2026-08-06,0
SG_003129,2025-09-11,0
SG_003130,2026-02-09,1
SG_003131,2025-09-25,1
SG_003132,2026-03-21,0
SG_003134,2025-05-19,1
SG_003136,2025-05-19,1
SG_003140,2026-01-12,0
SG_003142,2025-09-04,1
SG_003143,2025-12-25,0
SG_003145,2025-07-17,0
SG_003146,2026-08-02,0
SG_003147,2026-03-29,0
SG_003148,2025-09-05,0
SG_003149,2025-10-30,0
SG_003150,2025-02-04,0
SG_003152,2026-08-22,0
SG_003153,2025-10-25,0
SG_003155,2026-12-27,0
SG_003156,2025-05-16,1
SG_003157,2025-10-13,0
SG_003159,2026-03-31,0
SG_003161,2025-05-07,1
SG_003162,2026-04-07,0
SG_003163,2025-12-12,0
SG_003165,2026-10-29,0
SG_003166,2025-11-02,0
SG_003167,2026-02-06,0
SG_003170,2025-12-16,0
SG_003171,2025-11-30,0
SG_003172,2026-03-05,1
SG_003173,2026-03-16,0
SG_003175,2025-11-16,0
SG_003176,2025-07-18,1
SG_003177,2026-02-05,0
SG_003178,2025-12-09,0
SG_003180,2026-10-13,0
SG_003181,2026-05-28,0
SG_003182,2026-05-25,0
SG_003183,2026-12-04,0
SG_003185,2026-03-05,0
SG_003187,2026-04-29,0
SG_003188,2025-05-01,0
SG_003189,2026-02-18,0
SG_003190,2026-06-02,0
SG_003191,2026-04-11,0
SG_003192,2026-12-09,1
SG_003194,2025-10-06,0
SG_003195,2025-01-26,0
SG_003197,2026-10-23,0
SG_003199,2026-12-21,0
SG_003200,2025-10-12,0
SG_003202,2026-06-20,1
SG_003203,2026-01-30,0
SG_003207,2025-10-15,0
SG_003208,2025-11-18,0
SG_003209,2025-11-12,1
SG_003210,2026-05-25,0
SG_003212,2025-02-12,0
SG_003213,2026-04-19,1
SG_003218,2026-04-15,0
SG_003220,2026-09-21,0
SG_003221,2025-07-06,0
SG_003222,2026-05-28,0
SG_003223,2025-12-09,0
SG_003224,2025-11-11,0
SG_003225,2025-02-28,0
SG_003228,2026-04-03,1
SG_003229,2025-08-22,0
SG_003233,2026-05-09,0
SG_003235,2025-02-14,1
SG_003236,2025-07-19,0
SG_003237,2025-08-30,0
SG_003238,2026-03-04,0
SG_003240,2025-09-25,0
SG_003242,2025-08-20,0
SG_003244,2026-03-29,0
SG_003245,2025-03-03,0
SG_003246,2026-01-02,0
SG_003247,2025-10-11,0
SG_003248,2025-07-09,0
SG_003249,2026-04-17,0
SG_003251,2025-12-22,0
SG_003252,2025-01-10,1
SG_003254,2026-07-29,0
SG_003255,2025-07-16,0
SG_003257,2026-10-10,0
SG_003258,2025-08-27,0
SG_003260,2026-03-07,0
SG_003261,2025-06-13,1
SG_003262,2025-07-22,1
SG_003263,2025-10-11,0
SG_003264,2025-12-03,0
SG_003265,2025-03-09,0
SG_003267,2025-02-23,0
SG_003268,2026-07-26,0
SG_003269,2026-06-29,0
SG_003270,2025-03-31,0
SG_003271,2025-10-08,0
SG_003274,2025-09-16,0
SG_003275,2025-11-12,0
SG_003276,2026-04-11,0
SG_003277,2025-02-20,0
SG_003278,2025-12-24,0
SG_003279,2025-02-02,1
SG_003280,2025-06-11,1
SG_003282,2026-02-03,0
SG_003283,2025-12-24,0
SG_003285,2026-06-26,1
SG_003286,2025-11-04,0
SG_003287,2025-10-14,0
SG_003289,2025-07-05,0
SG_003290,2025-09-09,1
SG_003291,2025-01-08,0
SG_003292,2026-09-09,0
SG_003297,2026-05-17,0
SG_003298,2025-02-11,0
SG_003299,2026-04-27,0
SG_003300,2026-01-04,0
SG_003302,2025-09-15,0
SG_003303,2026-10-04,0
SG_003306,2025-01-16,0
SG_003308,2026-04-07,0
SG_003309,2025-06-14,0
SG_003311,2026-12-07,0
SG_003312,2026-02-14,0
SG_003313,2026-06-14,0
SG_003315,2025-04-13,0
SG_003316,2026-03-02,0
SG_003317,2026-02-08,0
SG_003318,2026-08-03,0
SG_003319,2025-07-24,0
SG_003320,2026-12-22,0
SG_003322,2026-02-09,0
SG_003323,2026-06-04,0
SG_003324,2025-03-07,0
SG_003326,2025-02-20,0
SG_003327,2025-04-28,0
SG_003329,2025-08-21,0
SG_003330,2025-01-11,0
SG_003334,2025-12-26,0
SG_003335,2026-06-11,0
SG_003336,2025-08-29,0
SG_003337,2026-10-19,0
SG_003338,2026-05-26,0
SG_003339,2025-02-10,0
SG_003343,2025-09-17,0
SG_003344,2026-01-31,1
SG_003345,2025-06-17,0
SG_003346,2025-08-14,0
SG_003347,2025-05-21,0
SG_003348,2025-05-11,1
SG_003350,2025-10-02,0
SG_003351,2026-03-06,0
SG_003352,2026-12-10,0
SG_003353,2026-12-18,0
SG_003354,2025-12-25,0
SG_003356,2025-03-11,0
SG_003358,2025-03-06,0
SG_003359,2025-11-06,0
SG_003360,2026-03-12,0
SG_003362,2026-07-10,0
SG_003363,2026-10-03,0
SG_003364,2025-09-10,0
SG_003365,2025-08-23,0
SG_003366,2026-04-20,0
SG_003367,2025-11-16,0
SG_003368,2025-03-10,0
SG_003369,2026-05-01,0
SG_003372,2026-03-08,1
SG_003375,2025-09-24,0
SG_003376,2025-12-04,1
SG_003377,2025-03-29,0
SG_003378,2025-06-10,0
SG_003380,2026-04-02,1
SG_003381,2026-08-23,1
SG_003382,2025-07-19,0
SG_003383,2026-02-12,0
SG_003384,2025-09-08,0
SG_003385,2026-12-02,0
SG_003386,2026-04-21,0
SG_003387,2025-02-20,0
SG_003394,2026-05-01,0
SG_003395,2025-07-16,0
SG_003396,2026-03-14,0
SG_003400,2025-10-13,0
SG_003401,2026-08-17,0
SG_003403,2025-09-03,0
SG_003405,2026-05-05,0
SG_003406,2026-05-21,0
SG_003409,2026-03-04,0
SG_003410,2025-12-02,0
SG_003411,2026-12-17,0
SG_003412,2026-08-22,0
SG_003413,2025-07-27,0
SG_003414,2025-05-09,0
SG_003415,2026-11-01,0
SG_003416,2026-06-03,0
SG_003417,2025-01-11,0
SG_003418,2026-03-07,1
SG_003419,2025-04-23,0
SG_003420,2025-08-03,0
SG_003421,2026-04-23,1
SG_003423,2026-08-09,0
SG_003424,2026-02-08,0
SG_003425,2025-06-16,0
SG_003427,2025-05-29,0
SG_003428,2025-03-28,1
SG_003429,2026-11-19,0
SG_003431,2026-02-14,0
SG_003432,2026-04-05,1
SG_003433,2025-06-16,0
SG_003435,2026-02-12,0
SG_003436,2026-04-28,0
SG_003438,2025-09-29,0
SG_003442,2025-03-19,0
SG_003443,2026-01-27,0
SG_003445,2025-10-18,0
SG_003446,2026-06-04,0
SG_003448,2025-05-16,0
SG_003449,2026-11-27,1
SG_003450,2026-06-14,0
SG_003451,2026-06-18,0
SG_003454,2026-01-15,0
SG_003455,2025-10-23,0
SG_003456,2025-08-27,1
SG_003457,2025-09-16,0
SG_003458,2025-10-08,0
SG_003459,2026-11-08,0
SG_003460,2026-02-12,0
SG_003461,2025-06-07,0
SG_003462,2026-08-13,0
SG_003463,2025-10-30,0
SG_003465,2026-04-22,0
SG_003466,2026-03-26,1
SG_003467,2025-07-02,0
SG_003468,2025-02-17,0
SG_003470,2026-10-10,0
SG_003471,2025-03-27,1
SG_003472,2025-11-29,0
SG_003473,2026-09-04,0
SG_003474,2026-01-17,0
SG_003476,2025-03-12,0
SG_003478,2025-09-24,0
SG_003481,2025-09-27,0
SG_003484,2026-02-14,0
SG_003487,2026-10-08,0
SG_003488,2025-04-05,0
SG_003490,2025-08-03,0
SG_003494,2026-12-13,0
SG_003495,2026-06-18,0
SG_003496,2025-11-02,0
SG_003497,2025-10-24,0
SG_003498,2026-02-17,1
SG_003499,2026-02-12,0
SG_003500,2025-08-08,0
SG_003502,2025-10-21,0
SG_003503,2025-04-14,0
SG_003504,2026-08-05,0
SG_003506,2025-08-12,0
SG_003507,2025-04-03,0
SG_003508,2025-01-17,0
SG_003510,2025-08-23,0
SG_003511,2026-01-18,0
SG_003512,2026-02-08,0
SG_003513,2026-02-21,0
SG_003514,2025-10-15,0
SG_003515,2026-01-30,0
SG_003516,2026-10-28,0
SG_003518,2026-01-02,1
SG_003519,2026-01-31,0
SG_003520,2025-04-23,0
SG_003522,2025-03-17,0
SG_003523,2025-09-08,0
SG_003524,2026-02-28,1
SG_003525,2026-06-16,0
SG_003527,2025-08-21,0
SG_003529,2026-07-15,0
SG_003530,2025-02-03,1
SG_003531,2025-11-18,0
SG_003533,2025-02-23,1
SG_003534,2025-08-28,0
SG_003536,2025-07-28,1
SG_003537,2026-09-01,0
SG_003539,2025-10-11,1
SG_003540,2026-12-29,0
SG_003542,2025-04-01,0
SG_003543,2025-11-27,0
SG_003544,2025-09-03,0
SG_003546,2026-02-12,1
SG_003547,2025-05-13,0
SG_003550,2026-10-19,1
SG_003551,2025-10-26,0
SG_003552,2025-01-28,0
SG_003553,2025-04-24,0
SG_003555,2025-06-21,0
SG_003556,2025-09-25,0
SG_003558,2025-05-15,0
SG_003559,2026-03-01,0
SG_003560,2025-03-27,0
SG_003561,2025-11-27,0
SG_003562,2025-12-01,1
SG_003563,2026-07-24,0
SG_003564,2026-07-06,0
SG_003565,2025-04-28,1
SG_003567,2026-06-30,0
SG_003569,2025-11-12,0
SG_003570,2026-07-17,0
SG_003571,2026-10-01,0
SG_003573,2025-08-19,0
SG_003574,2025-06-10,0
SG_003576,2026-08-05,0
SG_003577,2026-11-18,0
SG_003579,2025-12-15,0
SG_003580,2026-03-10,0
SG_003581,2026-12-14,0
SG_003582,2026-06-02,0
SG_003583,2025-11-05,0
SG_003586,2025-08-15,1
SG_003587,2025-05-22,0
SG_003590,2026-06-13,0
SG_003591,2026-10-29,0
SG_003592,2026-12-30,0
SG_003593,2026-05-17,0
SG_003595,2026-06-14,0
SG_003596,2026-04-28,0
SG_003599,2025-06-01,0
SG_003600,2026-01-01,1
SG_003602,2026-01-23,0
SG_003604,2026-05-08,0
SG_003605,2025-01-01,0
SG_003606,2026-05-22,1
SG_003607,2026-05-22,1
SG_003608,2025-09-30,0
SG_003609,2026-01-01,0
SG_003612,2026-01-30,0
SG_003614,2025-11-16,0
SG_003615,2025-12-10,0
SG_003616,2026-08-05,0
SG_003617,2026-04-18,0
SG_003621,2026-09-13,0
SG_003622,2025-09-15,0
SG_003623,2026-04-13,0
SG_003624,2026-04-30,1
SG_003626,2026-01-24,0
SG_003630,2025-09-21,0
SG_003631,2025-07-25,0
SG_003632,2025-09-17,0
SG_003633,2025-11-06,0
SG_003634,2026-04-19,0
SG_003635,2025-10-10,1
SG_003636,2025-06-05,0
SG_003638,2026-05-21,0
SG_003639,2026-12-16,0
SG_003640,2025-12-02,0
SG_003641,2026-03-24,1
SG_003642,2026-10-26,0
SG_003643,2026-04-03,0
SG_003644,2025-03-30,0
SG_003645,2026-09-25,0
SG_003646,2026-09-25,0
SG_003647,2026-04-20,0
SG_003649,2026-09-03,0
SG_003651,2026-04-14,0
SG_003652,2025-10-27,0
SG_003653,2025-02-15,0
SG_003654,2025-08-20,1
SG_003655,2026-10-01,1
SG_003656,2026-01-01,1
SG_003657,2025-02-06,0
SG_003658,2026-07-21,1
SG_003659,2026-09-30,0
SG_003660,2026-04-01,0
SG_003661,2025-12-08,1
SG_003662,2026-01-25,0
SG_003663,2025-11-27,0
SG_003664,2026-01-18,0
SG_003665,2025-07-21,0
SG_003667,2025-11-07,0
SG_003669,2026-11-13,0
SG_003672,2025-08-16,0
SG_003673,2026-04-03,0
SG_003674,2025-10-14,0
SG_003675,2026-08-06,0
SG_003676,2025-12-07,0
SG_003677,2026-02-24,0
SG_003678,2026-10-25,0
SG_003679,2025-06-07,0
SG_003680,2025-06-23,0
SG_003681,2025-11-25,0
SG_003682,2026-12-23,1
SG_003683,2026-05-23,0
SG_003684,2025-03-05,0
SG_003685,2026-03-28,1
SG_003686,2026-04-17,1
SG_003687,2025-04-16,0
SG_003688,2025-01-19,0
SG_003690,2025-07-20,0
SG_003692,2025-10-24,0
SG_003693,2026-03-04,0
SG_003694,2026-03-31,0
SG_003695,2026-03-09,0
SG_003696,2025-01-15,1
SG_003697,2026-06-23,0
SG_003698,2026-09-22,0
SG_003700,2026-06-28,0
SG_003701,2026-01-11,0
SG_003703,2025-02-03,0
SG_003707,2026-08-20,0
SG_003709,2025-03-30,0
SG_003712,2025-11-03,1
SG_003713,2025-07-30,1
SG_003716,2026-09-29,0
SG_003717,2026-03-03,0
SG_003718,2025-02-10,0
SG_003719,2026-02-23,0
SG_003720,2025-07-27,0
SG_003721,2025-11-04,0
SG_003723,2025-04-01,1
SG_003724,2026-02-08,0
SG_003725,2026-08-22,0
SG_003726,2026-07-15,0
SG_003727,2026-11-14,0
SG_003728,2025-12-03,0
SG_003729,2026-06-11,0
SG_003730,2025-05-27,0
SG_003731,2025-05-26,1
SG_003732,2025-12-05,0
SG_003733,2025-09-20,0
SG_003734,2026-10-18,1
SG_003735,2026-07-15,0
SG_003736,2025-10-09,0
SG_003737,2026-01-08,0
SG_003738,2025-12-23,1
SG_003739,2026-12-23,0
SG_003740,2026-09-13,0
SG_003741,2026-09-05,0
SG_003742,2025-11-29,0
SG_003743,2025-01-22,0
SG_003744,2026-12-16,1
SG_003747,2026-12-18,0
SG_003748,2026-10-19,0
SG_003749,2025-08-22,0
SG_003750,2025-06-10,0
SG_003752,2025-10-04,0
SG_003753,2026-04-26,0
SG_003755,2026-01-17,0
SG_003756,2025-12-03,0
SG_003759,2025-04-09,1
SG_003760,2026-02-25,0
SG_003761,2025-04-05,0
SG_003762,2025-02-21,0
SG_003763,2025-10-01,0
SG_003764,2026-01-13,0
SG_003766,2026-11-13,1
SG_003770,2026-05-06,1
SG_003771,2025-12-01,1
SG_003772,2026-06-13,1
SG_003773,2026-09-30,0
SG_003774,2026-03-22,0
SG_003775,2025-10-11,1
SG_003776,2026-01-25,0
SG_003778,2025-05-17,0
SG_003779,2025-09-24,0
SG_003780,2026-07-30,1
SG_003781,2026-01-13,0
SG_003782,2025-03-18,0
SG_003784,2026-06-14,0
SG_003785,2025-01-08,0
SG_003789,2026-02-07,0
SG_003790,2025-12-23,0
SG_003791,2025-10-07,0
SG_003793,2026-05-31,0
SG_003794,2025-03-21,0
SG_003796,2026-01-06,0
SG_003797,2025-12-22,0
SG_003798,2026-01-25,0
SG_003799,2025-12-12,0
SG_003800,2026-04-02,0
SG_003801,2026-10-19,0
SG_003802,2025-09-11,0
SG_003803,2026-11-24,0
SG_003804,2025-11-24,0
SG_003805,2026-03-09,0
SG_003808,2025-03-01,0
SG_003811,2026-12-21,0
SG_003813,2025-02-12,0
SG_003814,2025-11-02,0
SG_003815,2026-01-21,0
SG_003816,2025-03-05,0
SG_003817,2025-07-23,0
SG_003818,2026-03-27,0
SG_003819,2025-06-25,0
SG_003821,2025-06-26,0
SG_003823,2025-11-05,0
SG_003824,2025-08-18,0
SG_003825,2026-07-23,1
SG_003826,2025-02-11,0
SG_003827,2026-09-02,0
SG_003828,2026-06-23,1
SG_003830,2026-06-02,0
SG_003831,2025-10-29,0
SG_003832,2025-12-13,0
SG_003833,2026-01-09,0
SG_003834,2025-04-24,0
SG_003836,2026-11-24,0
SG_003837,2025-06-11,0
SG_003838,2026-06-20,1
SG_003839,2025-07-29,0
SG_003840,2025-08-23,0
SG_003841,2026-02-24,0
SG_003842,2026-08-09,0
SG_003845,2026-08-12,1
SG_003846,2025-07-21,0
SG_003847,2025-12-06,1
SG_003848,2025-06-09,0
SG_003849,2026-02-14,0
SG_003850,2025-03-02,0
SG_003853,2026-02-05,0
SG_003854,2025-10-14,0
SG_003855,2025-04-10,0
SG_003857,2026-07-12,0
SG_003858,2025-04-26,0
SG_003859,2025-04-21,0
SG_003861,2025-08-13,0
SG_003862,2025-11-10,0
SG_003864,2025-02-26,1
SG_003866,2026-12-21,1
SG_003867,2025-12-03,0
SG_003870,2026-03-25,1
SG_003871,2025-02-12,0
SG_003872,2026-06-10,0
SG_003873,2025-09-15,0
SG_003875,2025-11-11,0
SG_003876,2026-06-27,0
SG_003877,2025-10-14,0
SG_003879,2026-03-30,0
SG_003882,2025-11-15,0
SG_003883,2025-04-19,0
SG_003884,2025-10-24,0
SG_003885,2025-03-31,0
SG_003887,2026-03-17,1
SG_003888,2026-01-31,0
SG_003889,2025-07-07,0
SG_003890,2026-10-09,1
SG_003891,2026-12-02,0
SG_003892,2026-03-24,0
SG_003893,2025-01-28,0
SG_003894,2025-08-04,0
SG_003895,2025-06-07,0
SG_003897,2026-08-30,0
SG_003898,2026-05-22,0
SG_003899,2026-02-25,0
SG_003900,2026-07-10,0
SG_003901,2026-10-07,0
SG_003902,2025-04-08,0
SG_003903,2026-04-25,0
SG_003909,2026-09-19,0
SG_003911,2025-11-14,1
SG_003912,2026-05-31,0
SG_003913,2025-10-26,0
SG_003914,2026-11-10,1
SG_003915,2025-02-06,0
SG_003916,2025-03-20,0
SG_003918,2025-01-13,1
SG_003923,2026-06-29,0
SG_003924,2026-05-05,0
SG_003927,2026-06-28,0
SG_003928,2025-12-17,0
SG_003929,2026-05-31,0
SG_003930,2026-06-27,0
SG_003931,2026-07-10,0
SG_003932,2025-01-12,0
SG_003933,2025-12-18,0
SG_003934,2026-08-03,0
SG_003936,2026-02-21,0
SG_003938,2026-07-10,0
SG_003939,2026-08-06,0
SG_003942,2025-10-08,0
SG_003943,2025-06-27,0
SG_003944,2026-02-10,0
SG_003946,2026-01-23,0
SG_003947,2026-03-18,0
SG_003948,2026-06-14,0
SG_003949,2026-06-06,0
SG_003950,2026-04-28,0
SG_003952,2026-11-17,0
SG_003953,2026-04-01,0
SG_003954,2026-01-08,0
SG_003955,2026-05-09,0
SG_003956,2025-04-16,0
SG_003957,2026-07-21,0
SG_003960,2025-06-26,0
SG_003962,2025-11-18,0
SG_003963,2026-12-20,0
SG_003964,2025-05-26,0
SG_003965,2026-07-19,1
SG_003968,2025-10-21,1
SG_003970,2026-01-02,0
SG_003971,2026-05-09,0
SG_003973,2026-07-18,0
SG_003974,2025-11-11,0
SG_003975,2026-09-15,0
SG_003976,2025-10-28,0
SG_003980,2026-01-03,1
SG_003981,2026-05-03,0
SG_003982,2026-11-21,0
SG_003983,2025-08-12,0
SG_003984,2026-03-26,1
SG_003985,2026-03-10,0
SG_003986,2025-03-27,1
SG_003987,2025-01-17,0
SG_003989,2026-04-17,0
SG_003990,2026-03-01,1
SG_003991,2026-02-01,0
SG_003993,2026-01-19,0
SG_003996,2026-04-05,1
SG_003997,2025-03-30,0
SG_003998,2025-05-28,0
SG_003999,2025-11-22,1
SG_004000,2025-07-08,0
SG_004003,2025-07-13,1
SG_004004,2026-05-15,0
SG_004005,2026-09-23,1
SG_004006,2026-02-14,0
SG_004007,2025-06-05,0
SG_004008,2026-06-06,0
SG_004009,2025-04-26,0
SG_004010,2026-01-27,0
SG_004013,2026-04-24,1
SG_004014,2025-11-29,0
SG_004015,2026-11-03,0
SG_004017,2026-02-02,1
SG_004018,2025-11-13,0
SG_004020,2026-02-03,0
SG_004021,2025-10-23,0
SG_004022,2025-05-15,0
SG_004023,2025-09-06,0
SG_004024,2026-01-19,0
SG_004025,2026-03-05,1
SG_004026,2026-07-03,0
SG_004027,2026-04-04,1
SG_004028,2025-04-21,1
SG_004029,2026-08-04,0
SG_004030,2026-04-20,0
SG_004031,2026-05-19,0
SG_004032,2026-03-15,0
SG_004033,2025-12-31,0
SG_004035,2026-10-31,0
SG_004037,2025-10-29,0
SG_004038,2025-04-23,0
SG_004039,2025-11-29,0
SG_004040,2025-09-21,0
SG_004043,2025-05-05,0
SG_004044,2025-09-21,0
SG_004046,2025-11-11,0
SG_004047,2025-09-27,1
SG_004051,2025-11-19,0
SG_004052,2025-07-04,0
SG_004053,2026-06-20,0
SG_004055,2026-06-02,0
SG_004056,2026-03-20,1
SG_004057,2025-01-29,0
SG_004058,2025-07-02,0
SG_004059,2025-05-18,1
SG_004061,2026-12-01,0
SG_004062,2025-11-07,0
SG_004067,2026-04-25,1
SG_004068,2025-08-26,0
SG_004069,2026-12-31,0
SG_004070,2025-06-30,0
SG_004072,2026-11-22,0
SG_004073,2026-02-19,0
SG_004075,2025-08-25,0
SG_004076,2025-01-02,0
SG_004077,2026-07-25,0
SG_004082,2025-01-24,0
SG_004084,2025-11-18,0
SG_004085,2026-03-16,0
SG_004086,2025-04-28,0
SG_004088,2026-01-21,0
SG_004090,2026-05-26,0
SG_004092,2025-09-01,0
SG_004095,2026-12-03,0
SG_004096,2026-05-05,0
SG_004097,2026-01-20,0
SG_004098,2026-04-04,0
SG_004099,2025-05-01,0
SG_004101,2026-07-28,0
SG_004102,2025-08-24,0
SG_004103,2025-06-24,1
SG_004104,2025-02-15,0
SG_004105,2026-11-07,0
SG_004106,2025-12-09,0
SG_004108,2026-01-09,0
SG_004112,2026-11-19,0
SG_004113,2025-07-29,1
SG_004114,2025-09-17,0
SG_004115,2025-08-18,0
SG_004116,2025-12-19,0
SG_004117,2025-08-01,0
SG_004118,2025-10-12,0
SG_004119,2026-09-13,0
SG_004120,2025-09-18,0
SG_004121,2026-01-18,0
SG_004122,2025-08-05,0
SG_004124,2025-03-25,0
SG_004125,2025-08-22,0
SG_004128,2025-07-24,0
SG_004132,2025-02-23,0
SG_004133,2026-05-13,0
SG_004134,2026-03-01,0
SG_004135,2025-08-22,0
SG_004137,2025-07-24,0
SG_004138,2025-11-26,0
SG_004139,2026-06-06,1
SG_004141,2025-08-25,0
SG_004142,2026-08-12,0
SG_004143,2025-12-30,0
SG_004144,2025-11-04,0
SG_004145,2025-06-30,0
SG_004146,2026-11-18,0
SG_004147,2025-08-25,0
SG_004148,2026-04-19,1
SG_004150,2026-07-17,1
SG_004151,2026-08-01,0
SG_004153,2026-02-07,1
SG_004154,2025-12-27,0
SG_004156,2026-03-11,0
SG_004158,2025-08-03,1
SG_004159,2026-04-21,0
SG_004160,2026-06-29,0
SG_004161,2025-03-16,0
SG_004162,2025-04-02,1
SG_004165,2025-05-26,0
SG_004166,2026-02-14,0
SG_004167,2025-05-03,0
SG_004169,2026-04-28,0
SG_004172,2025-10-14,0
SG_004173,2025-01-17,0
SG_004176,2025-06-18,0
SG_004177,2025-02-07,0
SG_004179,2026-06-09,0
SG_004180,2025-09-28,0
SG_004182,2025-06-26,0
SG_004183,2026-05-30,0
SG_004185,2026-06-27,0
SG_004188,2026-04-10,0
SG_004189,2026-04-24,0
SG_004190,2025-08-15,0
SG_004193,2026-05-01,0
SG_004194,2025-05-14,0
SG_004195,2025-02-03,0
SG_004196,2026-02-19,1
SG_004198,2025-10-21,1
SG_004199,2026-05-08,0
SG_004200,2025-02-03,1
SG_004202,2025-06-28,0
SG_004203,2026-12-29,0
SG_004205,2025-10-03,0
SG_004206,2026-07-14,0
SG_004208,2025-10-19,0
SG_004210,2025-07-05,0
SG_004211,2025-03-16,0
SG_004212,2026-06-10,0
SG_004213,2026-10-02,0
SG_004215,2025-03-21,0
SG_004216,2026-02-24,0
SG_004217,2025-12-21,0
SG_004219,2025-12-20,0
SG_004221,2025-08-09,0
SG_004222,2025-10-11,0
SG_004226,2026-03-05,0
SG_004227,2026-02-03,0
SG_004231,2026-05-10,0
SG_004232,2025-12-22,0
SG_004233,2025-09-04,0
SG_004234,2025-09-05,0
SG_004236,2026-02-24,0
SG_004237,2025-08-29,0
SG_004240,2025-10-15,0
SG_004241,2025-03-12,0
SG_004242,2026-06-14,0
SG_004243,2026-10-25,0
SG_004245,2026-04-16,0
SG_004246,2025-11-24,0
SG_004247,2026-06-20,0
SG_004248,2026-03-12,0
SG_004249,2025-10-12,0
SG_004250,2025-10-14,0
SG_004251,2026-05-23,1
SG_004252,2026-10-06,0
SG_004254,2026-02-28,1
SG_004255,2026-11-25,0
SG_004259,2025-03-26,0
SG_004260,2026-02-19,0
SG_004261,2026-04-27,0
SG_004264,2025-07-12,0
SG_004266,2025-06-22,0
SG_004267,2026-09-28,1
SG_004270,2026-11-02,0
SG_004272,2026-10-03,0
SG_004273,2025-03-13,0
SG_004274,2025-08-26,0
SG_004275,2025-10-17,0
SG_004276,2025-12-03,0
SG_004277,2025-11-14,0
SG_004278,2025-01-02,0
SG_004279,2026-07-21,0
SG_004280,2025-04-12,1
SG_004281,2025-06-30,1
SG_004282,2025-01-07,0
SG_004283,2026-12-25,1
SG_004284,2025-07-24,0
SG_004285,2025-04-29,1
SG_004287,2025-06-22,1
SG_004288,2026-06-01,1
SG_004292,2025-10-08,0
SG_004293,2025-03-10,1
SG_004294,2026-06-24,0
SG_004295,2025-07-16,0
SG_004296,2025-12-19,0
SG_004298,2025-08-13,0
SG_004299,2025-03-01,0
SG_004301,2026-03-22,0
SG_004303,2025-06-07,0
SG_004304,2026-02-23,0
SG_004307,2025-02-01,0
SG_004308,2025-12-07,0
SG_004309,2025-10-30,0
SG_004310,2025-10-17,1
SG_004311,2026-10-19,0
SG_004314,2025-01-11,0
SG_004316,2026-01-30,0
SG_004317,2025-09-04,0
SG_004318,2026-10-12,0
SG_004319,2025-07-03,1
SG_004323,2025-01-11,0
SG_004324,2025-03-23,0
SG_004327,2025-04-02,0
SG_004328,2025-07-05,1
SG_004329,2026-05-07,0
SG_004330,2026-02-14,0
SG_004331,2025-11-05,0
SG_004332,2026-05-25,0
SG_004333,2026-09-02,0
SG_004334,2025-07-26,0
SG_004335,2025-09-03,0
SG_004336,2025-08-08,0
SG_004337,2025-10-27,0
SG_004338,2025-12-23,0
SG_004340,2026-04-12,0
SG_004341,2025-12-20,0
SG_004343,2026-04-05,0
SG_004344,2025-12-07,0
SG_004345,2026-07-25,0
SG_004346,2025-04-25,0
SG_004351,2026-06-09,0
SG_004352,2026-01-11,0
SG_004353,2026-01-21,0
SG_004354,2026-12-09,0
SG_004355,2026-11-02,1
SG_004356,2025-10-04,0
SG_004360,2025-07-06,0
SG_004361,2025-12-06,1
SG_004363,2026-01-21,1
SG_004364,2026-10-10,0
SG_004366,2026-05-04,0
SG_004367,2025-03-24,0
SG_004371,2025-10-16,0
SG_004372,2026-11-01,1
SG_004373,2025-07-20,0
SG_004374,2025-08-20,1
SG_004375,2025-08-03,0
SG_004376,2026-08-11,0
SG_004377,2025-03-13,0
SG_004380,2025-04-27,0
SG_004381,2026-04-24,0
SG_004382,2025-09-30,0
SG_004383,2026-10-25,0
SG_004384,2026-01-13,0
SG_004385,2026-06-21,0
SG_004386,2026-05-26,0
SG_004387,2025-07-27,1
SG_004389,2026-09-14,0
SG_004392,2025-11-03,0
SG_004393,2026-11-09,0
SG_004394,2025-01-26,0
SG_004395,2025-05-04,0
SG_004396,2026-06-11,0
SG_004397,2026-11-14,0
SG_004398,2025-12-01,0
SG_004399,2026-11-30,0
SG_004400,2026-03-19,1
SG_004402,2026-04-28,0
SG_004403,2025-12-27,0
SG_004407,2026-01-29,0
SG_004409,2025-09-25,1
SG_004410,2026-01-18,1
SG_004411,2025-06-11,0
SG_004412,2025-12-01,0
SG_004413,2026-05-08,1
SG_004414,2025-03-29,1
SG_004416,2025-03-27,0
SG_004418,2025-01-24,0
SG_004421,2026-03-18,1
SG_004424,2025-09-30,0
SG_004425,2025-07-25,0
SG_004428,2026-04-24,0
SG_004430,2026-04-24,0
SG_004431,2026-06-02,0
SG_004433,2026-01-15,0
SG_004434,2025-01-27,0
SG_004435,2025-06-01,1
SG_004436,2025-12-15,1
SG_004437,2025-10-23,1
SG_004438,2025-08-07,0
SG_004440,2026-05-11,0
SG_004441,2026-03-16,0
SG_004442,2025-10-22,0
SG_004443,2025-03-25,0
SG_004444,2026-02-12,1
SG_004446,2025-07-07,0
SG_004449,2025-04-23,0
SG_004450,2025-07-26,0
SG_004452,2025-12-13,0
SG_004453,2026-11-19,1
SG_004454,2026-01-26,0
SG_004455,2025-12-21,0
SG_004456,2025-01-17,0
SG_004459,2025-07-07,0
SG_004463,2025-07-15,0
SG_004466,2026-12-18,0
SG_004467,2025-11-14,0
SG_004468,2025-12-19,0
SG_004470,2026-03-15,0
SG_004471,2025-10-31,0
SG_004472,2026-06-28,1
SG_004473,2026-07-17,1
SG_004478,2025-05-27,0
SG_004479,2026-03-28,0
SG_004481,2025-10-09,0
SG_004483,2025-07-26,0
SG_004485,2025-02-01,0
SG_004487,2026-04-14,0
SG_004488,2026-10-12,0
SG_004489,2026-04-07,0
SG_004490,2025-10-24,0
SG_004491,2026-12-16,0
SG_004492,2026-08-30,0
SG_004493,2026-01-14,0
SG_004495,2025-06-01,0
SG_004496,2026-08-01,0
SG_004497,2025-02-02,0
SG_004498,2025-10-23,0
SG_004499,2026-05-01,0
SG_004500,2025-01-25,0
SG_004501,2026-12-12,1
SG_004502,2025-07-11,1
SG_004503,2025-12-23,0
SG_004505,2026-08-12,0
SG_004506,2025-10-27,0
SG_004507,2026-03-12,0
SG_004510,2026-10-20,1
SG_004512,2026-04-01,1
SG_004513,2026-11-19,0
SG_004516,2025-01-25,1
SG_004517,2025-11-08,0
SG_004519,2025-06-14,0
SG_004520,2026-10-04,0
SG_004522,2025-07-05,0
SG_004523,2025-01-13,0
SG_004524,2026-07-08,0
SG_004525,2025-01-16,0
SG_004527,2025-01-19,0
SG_004528,2026-01-25,1
SG_004529,2026-11-02,0
SG_004531,2026-10-15,0
SG_004532,2026-12-03,1
SG_004533,2026-01-23,1
SG_004535,2025-04-28,0
SG_004537,2025-11-27,0
SG_004540,2026-04-10,0
SG_004542,2026-01-04,1
SG_004543,2026-06-09,0
SG_004544,2025-06-04,0
SG_004545,2026-11-03,0
SG_004546,2026-04-28,0
SG_004547,2026-04-11,0
SG_004548,2025-07-25,0
SG_004550,2026-02-24,0
SG_004551,2026-10-19,0
SG_004554,2026-12-27,0
SG_004555,2025-12-24,1
SG_004557,2025-08-10,0
SG_004558,2025-08-03,0
SG_004560,2026-03-16,0
SG_004561,2026-03-25,1
SG_004563,2026-12-12,0
SG_004564,2026-06-03,0
SG_004566,2025-01-21,0
SG_004567,2025-07-29,0
SG_004569,2025-10-07,0
SG_004570,2025-04-16,0
SG_004571,2025-11-01,1
SG_004572,2025-09-17,0
SG_004573,2025-09-12,0
SG_004574,2026-03-24,0
SG_004575,2026-10-09,0
SG_004578,2025-09-10,0
SG_004579,2025-07-18,0
SG_004580,2026-03-20,0
SG_004581,2026-03-03,0
SG_004582,2025-04-04,0
SG_004583,2025-12-16,0
SG_004584,2025-04-12,0
SG_004585,2025-04-23,0
SG_004586,2025-05-03,0
SG_004587,2025-07-12,1
SG_004588,2026-03-15,0
SG_004589,2026-01-27,0
SG_004590,2025-03-27,0
SG_004591,2026-11-03,0
SG_004592,2025-10-25,0
SG_004595,2025-11-10,0
SG_004596,2026-08-28,0
SG_004597,2026-04-06,0
SG_004598,2025-06-29,0
SG_004599,2026-10-23,0
SG_004601,2026-01-04,0
SG_004603,2026-05-29,0
SG_004604,2026-03-14,0
SG_004605,2025-09-10,1
SG_004606,2025-08-25,1
SG_004607,2026-09-03,0
SG_004610,2026-09-12,0
SG_004611,2026-05-03,0
SG_004613,2025-04-18,0
SG_004615,2025-10-31,0
SG_004616,2026-04-04,0
SG_004618,2025-05-03,0
SG_004619,2026-12-30,0
SG_004621,2026-10-27,1
SG_004622,2025-11-28,0
SG_004624,2026-05-06,0
SG_004625,2026-04-17,1
SG_004627,2026-04-29,0
SG_004628,2025-01-23,0
SG_004629,2026-02-04,0
SG_004630,2026-03-29,0
SG_004634,2026-03-10,0
SG_004636,2026-02-05,0
SG_004639,2025-08-01,0
SG_004640,2026-01-25,0
SG_004642,2025-07-17,0
SG_004643,2025-01-02,0
SG_004644,2025-08-30,0
SG_004646,2026-03-20,0
SG_004647,2026-05-21,0
SG_004648,2025-04-25,0
SG_004649,2025-11-26,0
SG_004650,2026-09-16,0
SG_004651,2025-07-04,0
SG_004654,2026-08-01,0
SG_004657,2025-11-24,0
SG_004660,2026-03-06,1
SG_004661,2026-03-31,0
SG_004663,2025-02-28,0
SG_004665,2026-12-11,1
SG_004666,2025-02-09,0
SG_004667,2026-08-27,1
SG_004670,2025-09-22,1
SG_004671,2026-09-05,0
SG_004673,2025-01-27,0
SG_004674,2026-02-15,0
SG_004675,2026-09-03,1
SG_004677,2026-06-07,0
SG_004678,2025-12-25,0
SG_004679,2025-12-05,0
SG_004680,2025-12-06,0
SG_004681,2025-06-09,0
SG_004683,2025-12-05,0
SG_004684,2026-08-20,0
SG_004686,2026-08-24,1
SG_004687,2026-09-23,0
SG_004688,2025-08-27,0
SG_004690,2025-02-03,0
SG_004691,2026-03-04,0
SG_004692,2026-12-17,0
SG_004693,2025-12-21,0
SG_004694,2026-04-17,0
SG_004696,2026-06-27,0
SG_004698,2026-01-05,0
SG_004699,2026-05-18,1
SG_004702,2025-03-05,0
SG_004703,2025-08-20,0
SG_004704,2026-12-27,0
SG_004705,2025-12-21,0
SG_004706,2026-12-27,1
SG_004707,2026-03-27,0
SG_004708,2025-03-06,0
SG_004711,2025-09-13,1
SG_004713,2026-06-16,0
SG_004714,2025-04-06,0
SG_004715,2025-10-08,0
SG_004717,2025-12-27,0
SG_004718,2025-01-27,0
SG_004719,2026-10-08,0
SG_004722,2025-06-07,0
SG_004724,2026-07-04,0
SG_004725,2026-06-21,0
SG_004726,2026-01-07,0
SG_004727,2025-12-21,0
SG_004728,2026-02-07,1
SG_004729,2026-02-15,0
SG_004730,2025-04-21,0
SG_004732,2025-03-24,1
SG_004733,2025-05-05,0
SG_004734,2026-05-21,0
SG_004735,2025-07-09,0
SG_004740,2025-10-29,1
SG_004741,2025-02-01,0
SG_004743,2026-03-20,0
SG_004744,2026-03-24,0
SG_004745,2026-06-13,1
SG_004746,2026-01-08,1
SG_004747,2026-02-18,0
SG_004748,2025-11-02,0
SG_004749,2025-10-29,0
SG_004750,2025-06-13,0
SG_004752,2025-11-13,0
SG_004754,2025-01-13,0
SG_004756,2025-11-12,0
SG_004758,2025-08-19,0
SG_004759,2025-07-24,0
SG_004765,2025-11-02,0
SG_004767,2025-07-02,0
SG_004768,2025-08-26,0
SG_004770,2026-03-12,0
SG_004771,2026-10-11,0
SG_004774,2025-06-21,0
SG_004775,2025-12-21,0
SG_004776,2025-08-25,0
SG_004777,2025-12-29,0
SG_004778,2026-03-17,0
SG_004779,2025-10-02,0
SG_004780,2025-05-09,0
SG_004781,2026-08-23,1
SG_004783,2025-09-02,0
SG_004785,2026-04-27,0
SG_004788,2026-04-29,0
SG_004790,2026-04-10,0
SG_004791,2026-01-08,0
SG_004792,2026-12-27,0
SG_004793,2026-02-11,0
SG_004794,2025-04-13,0
SG_004795,2026-12-29,1
SG_004796,2026-10-19,0
SG_004800,2025-04-13,0
SG_004802,2025-02-04,0
SG_004803,2026-06-14,1
SG_004805,2026-01-20,0
SG_004806,2025-07-10,0
SG_004807,2025-01-20,0
SG_004808,2025-11-02,0
SG_004809,2026-06-04,0
SG_004810,2025-10-23,0
SG_004811,2026-08-26,0
SG_004812,2026-02-02,0
SG_004814,2025-12-07,0
SG_004815,2026-06-25,0
SG_004819,2026-03-01,0
SG_004820,2026-03-30,0
SG_004822,2026-03-29,0
SG_004823,2026-09-20,1
SG_004824,2025-10-25,1
SG_004825,2026-09-29,0
SG_004826,2026-04-23,0
SG_004832,2026-01-24,1
SG_004833,2025-10-14,0
SG_004834,2026-08-27,1
SG_004835,2025-09-04,0
SG_004837,2025-11-04,0
SG_004838,2026-10-29,0
SG_004839,2026-02-14,1
SG_004841,2025-10-07,0
SG_004843,2025-06-07,0
SG_004845,2026-08-23,0
SG_004847,2026-06-13,0
SG_004848,2025-08-22,0
SG_004849,2026-05-16,0
SG_004850,2026-08-18,0
SG_004851,2025-08-19,0
SG_004852,2025-10-27,0
SG_004854,2025-11-05,0
SG_004857,2025-10-30,0
SG_004858,2025-08-26,0
SG_004859,2025-03-18,0
SG_004860,2026-04-02,0
SG_004861,2025-05-31,0
SG_004862,2025-12-02,0
SG_004863,2025-12-25,0
SG_004864,2026-08-25,0
SG_004865,2025-09-04,0
SG_004869,2025-07-02,0
SG_004870,2026-05-29,0
SG_004871,2025-09-09,0
SG_004872,2025-11-08,0
SG_004874,2026-08-22,0
SG_004875,2026-07-08,0
SG_004876,2025-10-04,0
SG_004878,2026-05-22,1
SG_004879,2026-03-14,0
SG_004880,2025-10-17,0
SG_004883,2026-07-27,0
SG_004884,2026-04-18,1
SG_004885,2025-10-28,0
SG_004886,2025-11-24,0
SG_004888,2026-01-04,0
SG_004889,2025-12-02,0
SG_004890,2026-01-22,0
SG_004891,2026-06-13,0
SG_004892,2025-10-26,0
SG_004893,2025-09-22,0
SG_004894,2025-11-02,0
SG_004895,2026-11-02,0
SG_004896,2026-09-23,0
SG_004897,2025-07-05,1
SG_004899,2025-10-22,1
SG_004901,2026-06-19,0
SG_004902,2026-12-09,0
SG_004903,2025-12-18,1
SG_004904,2026-07-30,1
SG_004905,2026-03-05,1
SG_004908,2025-06-14,0
SG_004909,2025-06-03,0
SG_004910,2026-03-19,0
SG_004911,2026-11-23,0
SG_004914,2026-02-04,0
SG_004915,2025-10-07,0
SG_004916,2025-11-10,0
SG_004917,2026-03-28,0
SG_004918,2025-12-14,0
SG_004920,2025-12-09,0
SG_004921,2025-11-01,0
SG_004924,2025-09-13,1
SG_004926,2025-10-20,0
SG_004928,2026-07-03,0
SG_004931,2026-09-01,0
SG_004932,2026-06-17,0
SG_004933,2025-01-14,1
SG_004934,2025-12-24,1
SG_004935,2025-03-15,0
SG_004936,2025-07-21,0
SG_004937,2025-10-26,0
SG_004938,2026-12-22,0
SG_004940,2025-11-05,0
SG_004941,2026-09-03,0
SG_004943,2025-01-06,0
SG_004946,2025-09-21,1
SG_004947,2026-01-12,0
SG_004948,2026-08-20,0
SG_004949,2026-06-28,0
SG_004950,2025-10-08,1
SG_004951,2025-11-24,0
SG_004952,2025-09-18,0
SG_004953,2025-03-23,0
SG_004954,2026-01-20,0
SG_004955,2026-02-17,0
SG_004956,2025-03-23,0
SG_004957,2025-01-06,0
SG_004958,2025-10-26,1
SG_004961,2025-11-16,0
SG_004962,2025-04-28,0
SG_004963,2025-12-27,0
SG_004965,2026-11-13,1
SG_004966,2025-04-30,1
SG_004967,2025-02-12,1
SG_004970,2026-09-09,0
SG_004971,2026-09-06,0
SG_004972,2026-01-13,0
SG_004974,2026-02-05,0
SG_004976,2026-01-20,0
SG_004977,2026-04-13,0
SG_004978,2026-03-11,0
SG_004979,2025-03-03,0
SG_004980,2025-10-07,1
SG_004982,2025-06-03,0
SG_004983,2026-11-23,0
SG_004984,2026-12-04,0
SG_004986,2025-11-01,0
SG_004987,2025-10-19,0
SG_004989,2025-08-27,0
SG_004991,2025-10-13,0
SG_004992,2025-11-02,0
SG_004994,2026-08-04,0
SG_004995,2025-11-16,0
SG_004996,2026-02-03,1
SG_004998,2026-10-21,0
SG_004999,2026-09-12,0
SG_005001,2025-08-23,0
SG_005003,2026-02-12,0
SG_005005,2026-02-24,0
SG_005006,2025-07-12,0
SG_005007,2025-08-24,1
SG_005008,2025-04-22,0
SG_005009,2025-07-27,0
SG_005010,2026-08-15,1
SG_005012,2026-12-31,0
SG_005014,2026-05-09,0
SG_005015,2026-03-30,0
SG_005016,2026-04-09,0
SG_005017,2026-05-24,0
SG_005021,2025-10-29,0
SG_005023,2025-02-12,1
SG_005024,2025-06-10,0
SG_005025,2026-05-18,0
SG_005026,2025-10-09,0
SG_005028,2025-08-30,0
SG_005032,2025-07-23,0
SG_005034,2026-03-24,0
SG_005035,2026-01-16,0
SG_005036,2026-02-28,0
SG_005038,2025-09-13,0
SG_005039,2026-03-29,0
SG_005040,2025-09-28,0
SG_005042,2026-02-12,0
SG_005043,2026-08-14,0
SG_005044,2025-01-03,0
SG_005045,2026-11-18,0
SG_005046,2025-11-12,0
SG_005047,2025-03-14,0
SG_005050,2026-02-19,0
SG_005051,2025-09-30,0
SG_005053,2025-12-29,0
SG_005054,2026-05-14,0
SG_005055,2025-10-19,1
SG_005056,2026-09-24,0
SG_005059,2025-07-01,0
SG_005060,2026-04-13,1
SG_005061,2026-08-27,0
SG_005063,2025-11-21,1
SG_005064,2026-06-21,0
SG_005065,2026-08-20,0
SG_005066,2025-10-03,0
SG_005067,2025-10-24,0
SG_005068,2025-05-26,0
SG_005069,2025-06-09,0
SG_005070,2026-02-25,0
SG_005071,2025-02-28,0
SG_005072,2025-07-08,0
SG_005073,2026-06-17,1
SG_005074,2026-03-17,1
SG_005075,2026-03-05,0
SG_005076,2025-06-28,0
SG_005077,2025-10-21,0
SG_005078,2026-01-02,0
SG_005079,2026-06-14,0
SG_005081,2025-07-30,0
SG_005082,2025-08-16,0
SG_005083,2025-05-31,0
SG_005084,2025-03-12,0
SG_005087,2026-06-08,0
SG_005088,2025-10-19,1
SG_005092,2025-12-27,0
SG_005093,2025-11-02,0
SG_005095,2025-11-29,0
SG_005096,2025-01-27,0
SG_005099,2025-06-13,0
SG_005103,2025-05-27,0
SG_005104,2026-11-11,0
SG_005105,2025-09-21,1
SG_005106,2026-08-16,1
SG_005107,2026-01-02,0
SG_005109,2025-07-06,0
SG_005111,2026-03-25,0
SG_005112,2026-05-11,0
SG_005113,2026-05-17,0
SG_005115,2025-10-09,1
SG_005116,2025-11-13,0
SG_005117,2026-02-04,0
SG_005118,2025-02-11,0
SG_005119,2025-07-08,0
SG_005121,2025-04-09,0
SG_005124,2025-10-15,0
SG_005125,2025-09-02,1
SG_005127,2026-12-21,0
SG_005128,2025-09-10,1
SG_005129,2025-04-03,0
SG_005130,2025-09-12,1
SG_005133,2026-03-14,0
SG_005135,2026-04-22,0
SG_005136,2025-05-14,1
SG_005138,2025-10-31,0
SG_005139,2025-03-06,0
SG_005144,2025-12-10,0
SG_005145,2025-05-06,0
SG_005146,2026-01-16,0
SG_005147,2025-01-24,0
SG_005149,2026-01-18,0
SG_005150,2025-09-24,0
SG_005151,2025-11-11,0
SG_005152,2025-06-10,1
SG_005153,2026-05-17,0
SG_005154,2026-05-18,0
SG_005155,2025-06-30,0
SG_005156,2025-04-14,0
SG_005157,2025-09-05,0
SG_005158,2025-12-22,0
SG_005159,2025-04-05,0
SG_005160,2025-04-09,0
SG_005162,2025-01-22,0
SG_005163,2026-06-06,1
SG_005164,2026-12-17,0
SG_005165,2025-02-18,0
SG_005166,2026-01-21,0
SG_005167,2025-06-03,0
SG_005169,2026-05-25,0
SG_005172,2026-02-05,0
SG_005173,2025-04-02,0
SG_005176,2025-07-03,0
SG_005177,2025-01-12,1
SG_005180,2025-07-06,0
SG_005181,2025-04-09,0
SG_005182,2026-01-16,0
SG_005183,2026-09-01,0
SG_005184,2025-10-12,0
SG_005185,2026-03-23,0
SG_005186,2025-10-26,1
SG_005187,2025-10-02,0
SG_005189,2025-02-18,0
SG_005192,2026-02-24,0
SG_005193,2026-05-26,0
SG_005195,2025-12-09,0
SG_005197,2025-02-06,0
SG_005198,2025-09-07,0
SG_005201,2025-01-26,0
SG_005202,2025-10-17,1
SG_005204,2026-06-20,0
SG_005206,2025-12-06,0
SG_005207,2025-09-12,1
SG_005208,2025-08-15,1
SG_005209,2026-06-25,0
SG_005210,2025-03-07,0
SG_005211,2025-02-05,0
SG_005212,2026-12-28,0
SG_005215,2026-06-01,0
SG_005217,2025-10-05,1
SG_005218,2026-02-21,0
SG_005219,2025-03-17,0
SG_005221,2025-06-07,0
SG_005222,2025-10-21,0
SG_005223,2025-10-21,0
SG_005225,2025-08-05,0
SG_005226,2026-08-04,0
SG_005227,2025-12-12,0
SG_005229,2025-05-19,0
SG_005230,2025-09-08,0
SG_005231,2026-07-08,0
SG_005232,2026-07-24,0
SG_005234,2026-08-16,1
SG_005236,2026-07-04,1
SG_005237,2026-05-29,0
SG_005238,2026-11-21,0
SG_005239,2025-07-29,0
SG_005242,2025-11-16,0
SG_005243,2025-05-25,0
SG_005244,2025-03-23,0
SG_005245,2026-01-15,0
SG_005249,2025-03-30,0
SG_005252,2025-03-25,0
SG_005254,2025-11-28,0
SG_005256,2026-03-24,0
SG_005257,2025-12-29,0
SG_005258,2025-11-30,0
SG_005259,2025-01-25,0
SG_005260,2025-04-15,0
SG_005261,2026-03-30,0
SG_005262,2025-04-09,1
SG_005263,2025-06-09,0
SG_005265,2026-05-15,0
SG_005266,2026-10-26,1
SG_005267,2025-06-30,0
SG_005269,2025-02-20,0
SG_005271,2025-10-03,0
SG_005272,2025-11-03,0
SG_005273,2026-03-01,0
SG_005274,2026-01-12,0
SG_005275,2026-02-06,0
SG_005276,2026-02-08,0
SG_005278,2026-07-30,0
SG_005279,2026-09-29,0
SG_005280,2025-07-15,0
SG_005281,2026-07-20,0
SG_005285,2026-11-29,0
SG_005286,2026-08-13,0
SG_005288,2025-12-29,0
SG_005290,2026-07-15,0
SG_005293,2026-03-02,0
SG_005294,2026-02-14,0
SG_005295,2025-11-09,0
SG_005297,2026-02-15,0
SG_005298,2026-02-21,1
SG_005299,2026-04-15,0
SG_005300,2025-12-17,0
SG_005301,2025-08-24,0
SG_005303,2025-01-09,0
SG_005304,2025-12-03,0
SG_005306,2026-02-06,0
SG_005307,2025-12-08,0
SG_005308,2026-04-24,0
SG_005309,2025-03-26,1
SG_005310,2025-12-19,0
SG_005314,2026-01-25,0
SG_005315,2025-08-18,0
SG_005317,2025-10-26,0
SG_005318,2026-05-27,0
SG_005319,2026-06-14,0
SG_005324,2026-01-25,0
SG_005326,2026-01-30,0
SG_005327,2025-02-08,1
SG_005330,2025-09-25,0
SG_005331,2026-11-30,0
SG_005334,2025-01-11,0
SG_005336,2026-04-11,0
SG_005337,2025-07-22,0
SG_005338,2025-02-19,1
SG_005339,2026-07-06,0
SG_005342,2025-07-31,0
SG_005343,2025-11-03,0
SG_005344,2025-07-16,0
SG_005345,2026-03-06,0
SG_005347,2026-06-22,0
SG_005348,2026-08-01,0
SG_005349,2026-05-28,0
SG_005352,2026-06-06,0
SG_005354,2026-04-15,1
SG_005355,2026-11-16,0
SG_005357,2025-01-02,1
SG_005358,2025-12-26,1
SG_005359,2026-09-09,0
SG_005361,2026-03-23,0
SG_005364,2025-07-30,0
SG_005366,2026-05-31,0
SG_005367,2026-05-08,0
SG_005368,2025-12-30,0
SG_005369,2025-08-23,0
SG_005370,2025-10-28,1
SG_005373,2025-01-23,0
SG_005374,2025-01-25,0
SG_005375,2026-04-21,0
SG_005377,2026-02-01,0
SG_005381,2026-06-18,1
SG_005382,2026-02-18,0
SG_005383,2026-12-18,0
SG_005385,2026-05-29,0
SG_005388,2026-02-17,0
SG_005389,2026-07-15,0
SG_005390,2026-11-15,1
SG_005391,2026-06-18,0
SG_005392,2026-05-16,0
SG_005393,2026-07-26,0
SG_005394,2025-08-11,0
SG_005395,2025-06-18,1
SG_005396,2026-10-16,0
SG_005398,2025-11-19,0
SG_005399,2025-12-29,0
SG_005400,2025-08-17,0
SG_005402,2025-09-29,0
SG_005403,2026-10-03,0
SG_005404,2025-07-07,0
SG_005405,2025-04-08,0
SG_005406,2026-06-30,0
SG_005407,2026-09-05,1
SG_005409,2026-11-15,1
SG_005410,2026-11-16,0
SG_005411,2025-12-17,0
SG_005413,2026-01-09,0
SG_005415,2026-07-11,0
SG_005416,2026-01-19,0
SG_005417,2025-12-16,0
SG_005418,2026-06-11,0
SG_005419,2025-01-19,0
SG_005420,2026-06-07,0
SG_005422,2026-06-30,1
SG_005423,2025-02-14,0
SG_005425,2026-01-22,0
SG_005426,2026-03-23,0
SG_005427,2025-07-02,0
SG_005429,2026-04-20,1
SG_005430,2026-10-08,0
SG_005431,2026-02-21,0
SG_005433,2025-09-07,1
SG_005434,2025-10-12,1
SG_005435,2026-05-28,0
SG_005436,2025-06-30,1
SG_005437,2025-10-10,0
SG_005438,2025-01-12,0
SG_005440,2026-03-15,0
SG_005441,2026-05-03,0
SG_005442,2026-02-14,0
SG_005443,2026-01-25,1
SG_005448,2025-10-25,0
SG_005453,2025-10-31,0
SG_005454,2025-04-21,0
SG_005455,2026-06-30,0
SG_005458,2025-05-12,0
SG_005461,2025-09-10,0
SG_005462,2025-05-29,0
SG_005463,2026-04-18,0
SG_005464,2026-01-21,0
SG_005467,2025-08-02,0
SG_005468,2026-08-01,0
SG_005469,2026-04-03,0
SG_005471,2025-07-29,0
SG_005472,2025-08-26,0
SG_005474,2026-09-29,0
SG_005475,2026-09-21,0
SG_005476,2025-08-09,1
SG_005478,2026-07-15,0
SG_005479,2025-09-27,0
SG_005480,2025-05-15,0
SG_005481,2025-12-11,1
SG_005482,2025-07-18,0
SG_005483,2025-07-30,0
SG_005484,2026-01-18,0
SG_005485,2025-06-03,0
SG_005487,2025-08-17,1
SG_005488,2025-05-10,0
SG_005490,2025-06-26,1
SG_005492,2025-12-31,0
SG_005493,2026-07-18,0
SG_005494,2026-12-05,0
SG_005495,2026-10-27,0
SG_005498,2026-07-02,0
SG_005500,2026-07-27,0
SG_005501,2026-08-21,0
SG_005502,2025-03-22,0
SG_005505,2025-11-30,0
SG_005507,2026-01-30,0
SG_005508,2026-01-31,0
SG_005509,2026-05-18,0
SG_005512,2025-04-20,0
SG_005513,2025-06-18,0
SG_005514,2025-08-17,0
SG_005516,2025-03-31,1
SG_005517,2025-01-02,0
SG_005520,2025-01-16,0
SG_005521,2025-06-17,0
SG_005522,2025-01-06,0
SG_005523,2026-05-17,0
SG_005525,2026-08-08,1
SG_005526,2026-06-03,0
SG_005527,2025-05-07,0
SG_005528,2025-12-08,0
SG_005533,2026-07-16,0
SG_005536,2025-10-12,0
SG_005537,2026-01-27,0
SG_005538,2026-10-16,0
SG_005539,2025-02-15,0
SG_005540,2025-08-03,0
SG_005543,2025-08-11,0
SG_005544,2025-10-03,0
SG_005545,2025-06-12,0
SG_005546,2026-09-22,1
SG_005547,2025-09-11,1
SG_005548,2025-08-26,0
SG_005549,2025-09-27,1
SG_005551,2025-05-25,0
SG_005552,2025-11-04,0
SG_005553,2025-08-31,0
SG_005554,2025-03-30,0
SG_005556,2025-02-05,0
SG_005558,2025-05-15,0
SG_005559,2025-07-31,0
SG_005560,2026-03-06,0
SG_005561,2025-11-22,0
SG_005562,2025-03-23,0
SG_005563,2025-11-03,0
SG_005564,2025-01-07,0
SG_005566,2026-12-22,0
SG_005567,2025-06-28,0
SG_005568,2025-11-20,0
SG_005570,2025-07-23,0
SG_005571,2025-03-08,0
SG_005573,2026-01-11,0
SG_005574,2025-09-07,0
SG_005576,2025-03-06,0
SG_005577,2025-09-24,0
SG_005578,2025-11-30,1
SG_005581,2026-03-17,0
SG_005582,2025-10-03,0
SG_005584,2026-01-01,0
SG_005585,2025-04-06,0
SG_005586,2026-10-30,0
SG_005587,2026-09-13,0
SG_005588,2026-05-16,0
SG_005589,2025-07-29,0
SG_005590,2025-10-01,0
SG_005595,2025-11-21,0
SG_005596,2025-01-29,0
SG_005597,2025-07-19,0
SG_005598,2025-12-14,0
SG_005600,2025-11-03,0
SG_005601,2026-05-14,0
SG_005602,2026-06-12,0
SG_005604,2025-07-31,0
SG_005605,2026-09-11,1
SG_005607,2026-04-30,0
SG_005608,2026-03-03,0
SG_005609,2025-10-08,0
SG_005610,2026-04-17,0
SG_005612,2026-08-22,0
SG_005613,2025-03-11,1
SG_005614,2025-05-08,0
SG_005616,2025-12-21,0
SG_005617,2026-03-26,0
SG_005618,2025-03-10,0
SG_005619,2025-12-18,0
SG_005620,2025-07-07,0
SG_005621,2026-08-29,0
SG_005623,2025-01-22,0
SG_005624,2026-01-03,0
SG_005626,2025-06-15,0
SG_005627,2026-09-02,0
SG_005628,2026-04-27,0
SG_005629,2026-04-04,0
SG_005631,2026-12-29,0
SG_005632,2025-09-19,0
SG_005633,2026-03-26,0
SG_005637,2026-04-17,0
SG_005639,2026-04-15,0
SG_005641,2026-04-23,0
SG_005642,2026-06-21,0
SG_005646,2026-01-06,0
SG_005647,2026-08-17,0
SG_005648,2026-07-04,0
SG_005649,2026-02-08,1
SG_005651,2026-02-10,0
SG_005652,2026-01-13,0
SG_005653,2026-12-28,1
SG_005657,2025-06-10,0
SG_005658,2025-06-03,0
SG_005659,2025-01-06,0
SG_005660,2026-03-22,1
SG_005662,2025-05-10,0
SG_005663,2025-12-25,0
SG_005665,2025-08-03,0
SG_005667,2026-06-29,0
SG_005668,2025-10-23,0
SG_005669,2025-06-17,0
SG_005670,2026-11-07,0
SG_005672,2025-02-04,1
SG_005673,2025-08-21,0
SG_005674,2025-10-21,1
SG_005675,2026-04-23,0
SG_005676,2025-06-10,0
SG_005677,2026-12-01,0
SG_005678,2025-08-20,1
SG_005679,2025-12-21,0
SG_005680,2025-11-23,0
SG_005682,2025-11-10,0
SG_005684,2026-09-02,0
SG_005685,2025-01-29,1
SG_005686,2025-07-28,1
SG_005689,2025-03-16,0
SG_005690,2025-12-10,0
SG_005695,2025-09-03,1
SG_005697,2025-10-17,0
SG_005698,2026-04-04,0
SG_005699,2025-11-06,0
SG_005700,2026-03-07,0
SG_005701,2026-04-17,0
SG_005702,2026-01-31,0
SG_005705,2025-10-31,0
SG_005708,2025-05-14,0
SG_005709,2026-01-23,0
SG_005710,2025-09-08,0
SG_005711,2025-08-21,0
SG_005712,2025-05-30,0
SG_005714,2026-03-15,0
SG_005716,2026-06-13,0
SG_005717,2026-02-03,0
SG_005718,2025-04-22,0
SG_005720,2026-09-30,0
SG_005721,2025-09-10,1
SG_005723,2025-12-26,0
SG_005727,2025-06-02,0
SG_005728,2025-08-04,0
SG_005729,2026-11-02,0
SG_005731,2026-07-10,0
SG_005732,2026-08-09,1
SG_005733,2025-12-26,0
SG_005734,2026-10-23,1
SG_005737,2025-01-17,1
SG_005738,2025-10-23,0
SG_005739,2025-08-03,0
SG_005741,2025-08-12,1
SG_005742,2025-09-12,0
SG_005743,2025-02-17,0
SG_005744,2025-09-04,0
SG_005745,2025-12-12,0
SG_005746,2025-01-20,1
SG_005747,2025-10-25,0
SG_005749,2025-05-25,0
SG_005751,2025-11-21,0
SG_005752,2026-02-15,0
SG_005754,2025-08-20,1
SG_005755,2026-04-28,0
SG_005756,2025-09-21,0
SG_005757,2025-12-23,0
SG_005760,2025-09-08,0
SG_005761,2025-01-27,0
SG_005762,2025-09-21,0
SG_005763,2025-05-13,0
SG_005766,2026-07-15,0
SG_005767,2026-04-29,0
SG_005768,2026-03-08,0
SG_005769,2025-09-11,0
SG_005770,2026-02-20,0
SG_005771,2025-07-01,0
SG_005774,2026-03-20,0
SG_005775,2025-03-14,0
SG_005777,2025-07-06,0
SG_005779,2025-05-15,0
SG_005780,2026-03-20,0
SG_005781,2026-04-24,0
SG_005782,2026-02-28,0
SG_005783,2026-09-23,0
SG_005785,2025-11-21,0
SG_005787,2025-08-11,0
SG_005788,2025-09-09,0
SG_005790,2026-05-27,0
SG_005791,2026-04-29,0
SG_005792,2026-08-16,0
SG_005793,2025-10-14,0
SG_005795,2026-01-16,0
SG_005797,2025-07-22,0
SG_005798,2025-07-07,0
SG_005799,2026-12-26,1
SG_005800,2025-09-28,0
SG_005802,2026-08-13,1
SG_005803,2025-09-29,0
SG_005804,2025-04-10,1
SG_005805,2025-06-18,0
SG_005806,2026-09-14,0
SG_005808,2026-03-29,0
SG_005810,2026-03-05,0
SG_005812,2025-02-06,0
SG_005815,2025-04-04,0
SG_005816,2026-03-14,1
SG_005819,2026-03-10,0
SG_005822,2026-11-26,0
SG_005823,2025-05-10,1
SG_005826,2025-09-18,0
SG_005829,2025-08-09,0
SG_005831,2025-03-20,0
SG_005832,2025-08-09,0
SG_005833,2025-08-11,0
SG_005834,2025-12-06,0
SG_005835,2025-10-15,0
SG_005836,2025-09-21,0
SG_005837,2026-07-30,0
SG_005839,2025-08-09,0
SG_005841,2026-06-10,0
SG_005843,2025-02-03,0
SG_005844,2026-10-14,0
SG_005845,2025-08-02,0
SG_005849,2026-02-23,0
SG_005850,2026-05-04,0
SG_005851,2025-09-19,0
SG_005852,2025-01-09,1
SG_005853,2025-06-15,0
SG_005854,2025-03-16,0
SG_005855,2026-02-25,0
SG_005856,2026-01-16,0
SG_005858,2025-11-29,0
SG_005859,2026-06-30,0
SG_005860,2025-08-23,0
SG_005863,2026-10-22,0
SG_005864,2025-04-29,0
SG_005865,2025-10-19,0
SG_005866,2026-05-03,0
SG_005867,2026-02-15,0
SG_005868,2025-11-14,0
SG_005869,2025-06-18,0
SG_005870,2026-11-24,0
SG_005876,2026-02-10,0
SG_005878,2026-06-02,0
SG_005879,2026-05-10,0
SG_005881,2026-07-27,0
SG_005882,2026-03-26,0
SG_005883,2026-10-07,0
SG_005885,2026-05-20,0
SG_005886,2025-12-18,0
SG_005887,2025-12-14,0
SG_005888,2026-11-06,1
SG_005889,2025-02-22,0
SG_005890,2026-09-11,0
SG_005891,2026-07-31,0
SG_005893,2026-10-14,0
SG_005895,2025-09-15,1
SG_005896,2026-01-06,0
SG_005897,2025-02-11,1
SG_005900,2026-02-06,0
SG_005901,2025-10-30,0
SG_005902,2026-04-11,0
SG_005903,2025-05-13,0
SG_005904,2026-01-27,0
SG_005906,2025-12-08,1
SG_005907,2026-12-07,0
SG_005908,2026-04-27,0
SG_005911,2026-03-21,1
SG_005912,2025-08-29,1
SG_005913,2026-03-23,0
SG_005914,2026-08-24,0
SG_005915,2025-11-21,0
SG_005916,2026-05-10,0
SG_005917,2026-04-05,0
SG_005918,2026-10-15,1
SG_005919,2025-07-29,0
SG_005923,2025-06-27,1
SG_005924,2025-12-10,0
SG_005926,2026-06-03,0
SG_005927,2025-10-22,1
SG_005929,2026-11-22,0
SG_005930,2025-10-24,1
SG_005931,2025-12-28,0
SG_005933,2026-09-29,0
SG_005936,2026-03-07,1
SG_005938,2026-05-17,1
SG_005940,2026-07-04,1
SG_005941,2026-12-03,0
SG_005942,2025-01-09,0
SG_005944,2025-05-13,1
SG_005945,2025-03-29,0
SG_005946,2026-03-15,1
SG_005947,2026-05-28,0
SG_005948,2025-08-31,0
SG_005949,2026-10-08,0
SG_005950,2026-01-27,0
SG_005952,2025-01-23,0
SG_005953,2026-08-21,0
SG_005954,2025-05-25,0
SG_005956,2026-12-08,0
SG_005957,2026-01-08,1
SG_005958,2025-11-09,0
SG_005960,2025-03-09,1
SG_005961,2026-02-21,0
SG_005962,2026-07-11,1
SG_005963,2025-06-13,0
SG_005964,2026-02-08,0
SG_005965,2025-06-08,0
SG_005968,2026-02-19,0
SG_005970,2025-02-08,0
SG_005971,2025-04-16,0
SG_005972,2026-12-24,0
SG_005973,2026-06-09,0
SG_005974,2025-03-28,0
SG_005975,2026-03-27,0
SG_005978,2026-09-16,0
SG_005981,2026-03-01,1
SG_005982,2026-08-05,0
SG_005983,2026-02-10,0
SG_005984,2025-10-31,1
SG_005987,2026-02-28,0
SG_005988,2025-10-30,0
SG_005989,2025-11-28,0
SG_005990,2025-07-23,0
SG_005992,2026-02-01,0
SG_005993,2026-06-28,0
SG_005994,2026-10-29,0
SG_005995,2025-05-08,0
SG_005996,2026-10-27,0
SG_005997,2025-12-09,0
SG_005998,2025-08-25,0
SG_006001,2025-01-15,0
SG_006002,2026-09-01,0
SG_006003,2025-01-30,0
SG_006005,2026-08-28,0
SG_006006,2026-04-21,1
SG_006007,2026-07-31,0
SG_006008,2026-06-23,0
SG_006010,2026-09-15,0
SG_006011,2025-05-12,0
SG_006014,2026-06-02,0
SG_006015,2025-07-22,1
SG_006016,2025-01-30,0
SG_006017,2025-11-21,0
SG_006018,2025-12-08,0
SG_006019,2026-03-29,0
SG_006020,2026-06-03,1
SG_006021,2026-03-31,0
SG_006024,2025-10-14,0
SG_006025,2025-04-14,0
SG_006027,2026-11-14,0
SG_006030,2026-01-08,0
SG_006031,2025-06-04,1
SG_006032,2025-10-02,0
SG_006034,2026-10-28,0
SG_006037,2026-06-05,0
SG_006040,2026-10-09,0
SG_006042,2026-03-27,0
SG_006043,2026-09-16,0
SG_006044,2025-12-26,0
SG_006045,2025-08-27,0
SG_006046,2025-01-06,0
SG_006048,2026-12-12,0
SG_006051,2025-01-15,0
SG_006052,2025-09-10,0
SG_006053,2025-07-06,0
SG_006055,2025-11-13,0
SG_006056,2026-08-26,0
SG_006057,2025-08-15,1
SG_006058,2025-02-06,0
SG_006059,2026-12-15,0
SG_006060,2025-10-02,0
SG_006061,2026-10-29,0
SG_006062,2026-02-18,0
SG_006064,2026-06-27,0
SG_006065,2026-03-22,0
SG_006066,2026-06-01,0
SG_006068,2025-12-19,1
SG_006070,2025-03-10,1
SG_006071,2026-02-08,1
SG_006072,2026-02-07,0
SG_006078,2025-02-08,0
SG_006080,2026-09-05,0
SG_006082,2026-02-02,0
SG_006083,2025-08-03,0
SG_006084,2025-06-14,0
SG_006085,2025-12-19,0
SG_006087,2025-02-15,0
SG_006088,2025-03-20,0
SG_006089,2025-11-07,0
SG_006090,2025-07-20,0
SG_006091,2026-05-04,0
SG_006093,2026-07-09,0
SG_006094,2025-12-26,0
SG_006096,2025-08-17,0
SG_006098,2025-05-09,0
SG_006100,2025-10-08,1
SG_006102,2025-10-13,0
SG_006103,2026-04-03,0
SG_006104,2026-04-09,0
SG_006105,2025-11-04,0
SG_006106,2025-05-29,0
SG_006107,2026-04-18,0
SG_006108,2026-03-23,1
SG_006109,2025-01-04,0
SG_006110,2026-12-22,0
SG_006111,2025-09-18,0
SG_006113,2026-03-14,0
SG_006114,2026-02-12,0
SG_006115,2025-12-15,0
SG_006116,2026-10-08,0
SG_006117,2026-05-15,0
SG_006118,2026-06-13,1
SG_006119,2026-03-09,1
SG_006120,2025-06-08,0
SG_006121,2026-12-14,0
SG_006123,2026-02-05,0
SG_006124,2025-07-31,0
SG_006125,2025-09-15,0
SG_006126,2025-01-26,0
SG_006128,2025-02-22,0
SG_006129,2025-11-16,0
SG_006130,2025-09-14,0
SG_006132,2026-02-04,0
SG_006134,2025-05-06,0
SG_006135,2026-09-03,0
SG_006138,2026-01-25,0
SG_006139,2025-10-19,0
SG_006141,2025-10-13,0
SG_006142,2026-02-11,0
SG_006144,2026-06-07,1
SG_006145,2026-12-08,0
SG_006146,2026-04-30,0
SG_006147,2025-08-11,0
SG_006149,2025-11-11,0
SG_006152,2025-10-28,0
SG_006153,2025-07-10,0
SG_006155,2025-12-20,0
SG_006156,2025-06-22,0
SG_006157,2025-12-04,0
SG_006158,2025-04-11,0
SG_006159,2025-10-14,0
SG_006160,2025-02-27,0
SG_006162,2025-02-11,0
SG_006164,2026-05-26,1
SG_006165,2025-08-31,0
SG_006166,2025-05-01,0
SG_006167,2026-11-16,0
SG_006168,2026-07-02,0
SG_006171,2025-08-20,0
SG_006172,2025-08-22,1
SG_006173,2026-08-12,1
SG_006174,2026-08-29,0
SG_006175,2025-06-14,0
SG_006176,2025-01-04,0
SG_006177,2025-02-19,0
SG_006178,2025-02-21,0
SG_006180,2025-11-17,0
SG_006182,2025-03-14,0
SG_006183,2025-08-25,0
SG_006185,2026-07-27,0
SG_006186,2025-09-14,0
SG_006188,2026-10-29,0
SG_006190,2025-03-05,0
SG_006191,2026-12-01,0
SG_006192,2025-12-25,0
SG_006193,2026-02-18,1
SG_006194,2026-02-17,0
SG_006195,2025-02-23,0
SG_006196,2026-01-31,0
SG_006198,2025-10-27,1
SG_006199,2025-05-05,0
SG_006200,2026-03-26,0
SG_006201,2026-01-10,0
SG_006203,2026-03-19,0
SG_006204,2025-03-13,0
SG_006205,2026-11-11,1
SG_006207,2025-02-18,0
SG_006208,2025-02-23,0
SG_006209,2025-06-10,0
SG_006210,2026-09-02,1
SG_006211,2026-04-19,0
SG_006214,2026-09-05,0
SG_006215,2026-11-27,0
SG_006216,2025-08-25,1
SG_006217,2025-01-27,0
SG_006219,2026-08-08,0
SG_006220,2025-08-09,0
SG_006221,2025-05-08,1
SG_006223,2025-08-08,1
SG_006227,2025-12-26,0
SG_006228,2025-02-13,0
SG_006230,2026-07-20,1
SG_006231,2025-09-27,0
SG_006232,2026-12-12,0
SG_006233,2025-05-19,0
SG_006234,2025-02-08,0
SG_006235,2025-03-20,0
SG_006236,2026-12-21,0
SG_006239,2026-08-13,0
SG_006243,2026-12-29,0
SG_006246,2026-12-05,1
SG_006248,2025-05-03,0
SG_006249,2026-05-02,0
SG_006253,2026-03-12,0
SG_006255,2026-05-06,0
SG_006257,2026-06-30,0
SG_006258,2025-07-07,0
SG_006259,2025-02-27,0
SG_006261,2026-03-15,0
SG_006265,2026-04-10,0
SG_006267,2026-07-17,0
SG_006268,2025-10-31,0
SG_006270,2026-03-31,1
SG_006271,2025-10-24,1
SG_006272,2025-12-25,1
SG_006273,2026-04-01,0
SG_006274,2025-07-13,0
SG_006276,2025-10-22,0
SG_006278,2026-03-20,0
SG_006279,2025-03-22,0
SG_006280,2025-02-10,0
SG_006281,2025-09-07,1
SG_006282,2025-01-02,0
SG_006285,2025-07-08,0
SG_006286,2026-06-15,0
SG_006289,2026-02-12,0
SG_006290,2025-04-06,0
SG_006291,2026-09-26,0
SG_006292,2025-05-20,0
SG_006293,2025-10-04,0
SG_006294,2026-08-04,1
SG_006295,2026-03-28,0
SG_006296,2025-05-06,1
SG_006297,2026-08-19,0
SG_006298,2025-03-15,0
SG_006299,2026-09-02,1
SG_006302,2026-01-09,0
SG_006303,2026-10-11,0
SG_006305,2025-10-08,0
SG_006307,2025-02-06,0
SG_006308,2025-07-16,0
SG_006309,2026-06-28,0
SG_006310,2025-12-15,0
SG_006311,2026-04-15,1
SG_006312,2025-08-26,1
SG_006314,2025-08-24,0
SG_006316,2025-07-14,0
SG_006318,2026-04-07,0
SG_006319,2025-06-03,0
SG_006321,2025-01-27,0
SG_006323,2025-11-13,0
SG_006324,2026-04-21,0
SG_006325,2026-01-14,1
SG_006327,2025-02-04,1
SG_006329,2025-10-07,0
SG_006330,2025-07-18,0
SG_006332,2025-08-18,0
SG_006333,2025-06-01,0
SG_006334,2025-07-23,0
SG_006335,2025-02-28,0
SG_006336,2025-06-03,0
SG_006338,2025-01-22,0
SG_006339,2025-11-03,0
SG_006341,2025-11-20,0
SG_006342,2026-10-10,0
SG_006343,2026-03-28,0
SG_006344,2025-10-12,0
SG_006346,2025-03-02,1
SG_006347,2025-05-17,0
SG_006350,2025-12-17,0
SG_006351,2026-08-30,0
SG_006352,2026-07-19,0
SG_006353,2025-02-18,0
SG_006354,2026-04-26,0
SG_006355,2025-09-27,0
SG_006359,2025-07-16,0
SG_006361,2025-07-24,1
SG_006362,2025-11-15,0
SG_006363,2026-05-27,0
SG_006364,2025-12-16,0
SG_006365,2025-09-26,0
SG_006366,2025-12-09,0
SG_006367,2026-03-06,0
SG_006368,2026-03-06,1
SG_006369,2025-10-31,0
SG_006370,2025-08-09,0
SG_006372,2026-01-14,0
SG_006374,2026-10-30,0
SG_006375,2025-12-10,1
SG_006376,2026-10-04,0
SG_006377,2026-09-10,0
SG_006378,2025-12-17,0
SG_006379,2026-12-16,0
SG_006381,2026-04-13,1
SG_006383,2025-12-20,0
SG_006384,2025-08-30,0
SG_006385,2025-02-17,1
SG_006386,2026-04-07,0
SG_006387,2026-05-27,1
SG_006389,2025-10-01,0
SG_006390,2026-10-07,0
SG_006391,2025-01-13,0
SG_006392,2025-11-22,0
SG_006395,2025-02-28,0
SG_006397,2025-03-01,0
SG_006399,2025-12-12,0
SG_006401,2025-09-06,0
SG_006402,2026-05-05,1
SG_006405,2026-11-15,0
SG_006406,2026-12-24,0
SG_006407,2026-12-09,0
SG_006408,2025-07-09,0
SG_006409,2026-03-23,0
SG_006410,2025-01-31,1
SG_006412,2025-08-28,1
SG_006413,2026-02-19,0
SG_006414,2026-08-29,0
SG_006415,2026-05-03,0
SG_006416,2026-04-03,1
SG_006419,2026-05-06,0
SG_006422,2025-12-21,0
SG_006425,2025-04-04,0
SG_006426,2026-09-01,1
SG_006427,2026-09-13,0
SG_006428,2025-12-20,0
SG_006430,2025-05-14,0
SG_006431,2025-04-25,0
SG_006432,2025-12-27,0
SG_006433,2026-01-15,0
SG_006434,2026-03-02,0
SG_006436,2026-02-07,0
SG_006437,2025-10-03,0
SG_006440,2025-01-16,0
SG_006442,2026-03-14,0
SG_006443,2026-05-21,0
SG_006444,2025-07-03,1
SG_006447,2025-10-31,0
SG_006449,2026-06-09,0
SG_006450,2026-08-12,0
SG_006453,2026-03-11,0
SG_006454,2025-02-20,0
SG_006456,2025-11-26,0
SG_006457,2025-09-28,0
SG_006458,2026-07-13,0
SG_006459,2025-02-02,0
SG_006460,2026-02-22,0
SG_006461,2026-07-16,0
SG_006462,2025-03-03,0
SG_006464,2026-05-07,0
SG_006465,2026-10-19,1
SG_006466,2026-06-06,0
SG_006468,2026-04-17,0
SG_006471,2026-05-25,0
SG_006472,2026-03-18,0
SG_006473,2025-07-20,0
SG_006474,2025-03-25,0
SG_006475,2026-04-11,0
SG_006476,2025-02-20,0
SG_006478,2025-06-06,0
SG_006479,2026-09-12,0
SG_006481,2025-01-20,0
SG_006482,2025-06-17,0
SG_006483,2026-02-06,1
SG_006484,2025-10-02,0
SG_006485,2026-03-14,0
SG_006489,2026-11-10,0
SG_006492,2025-11-19,0
SG_006495,2026-05-09,0
SG_006499,2026-05-15,0
SG_006501,2025-08-12,0
SG_006504,2025-10-20,1
SG_006508,2025-09-07,0
SG_006509,2026-02-03,0
SG_006510,2025-12-28,0
SG_006511,2025-10-18,0
SG_006513,2026-03-09,0
SG_006514,2026-04-02,0
SG_006515,2026-03-13,1
SG_006517,2025-08-02,1
SG_006518,2025-04-21,0
SG_006519,2026-02-28,0
SG_006521,2026-12-02,1
SG_006523,2026-06-17,0
SG_006524,2026-07-11,0
SG_006525,2025-11-19,0
SG_006526,2025-11-22,0
SG_006527,2025-03-23,0
SG_006529,2025-01-30,0
SG_006530,2026-03-14,0
SG_006531,2025-08-30,0
SG_006532,2025-06-05,0
SG_006533,2026-03-11,0
SG_006538,2025-11-22,1
SG_006540,2025-03-06,0
SG_006542,2025-12-17,0
SG_006544,2026-01-26,0
SG_006546,2025-12-17,0
SG_006547,2026-01-07,0
SG_006549,2026-02-06,0
SG_006552,2025-04-06,0
SG_006553,2026-06-10,0
SG_006554,2026-08-30,1
SG_006555,2025-06-03,0
SG_006556,2026-12-31,0
SG_006558,2025-09-30,0
SG_006559,2026-04-13,0
SG_006561,2025-10-27,0
SG_006562,2026-02-12,0
SG_006563,2026-06-12,0
SG_006565,2025-07-29,0
SG_006568,2026-08-26,0
SG_006569,2025-11-18,0
SG_006570,2026-08-27,0
SG_006571,2025-06-03,0
SG_006572,2025-11-09,0
SG_006573,2026-06-30,0
SG_006574,2025-01-24,0
SG_006575,2025-10-30,0
SG_006576,2025-09-03,1
SG_006578,2025-08-15,0
SG_006580,2025-12-30,0
SG_006582,2026-04-16,1
SG_006583,2025-01-10,0
SG_006584,2026-09-19,0
SG_006585,2025-04-14,0
SG_006586,2025-12-27,0
SG_006587,2026-01-20,0
SG_006589,2026-05-16,1
SG_006590,2025-12-19,0
SG_006591,2026-03-16,0
SG_006593,2025-08-01,0
SG_006594,2025-01-28,1
SG_006595,2025-11-07,0
SG_006596,2025-10-24,1
SG_006598,2025-08-08,0
SG_006599,2025-06-09,0
SG_006600,2025-10-06,0
SG_006602,2025-09-11,0
SG_006603,2026-06-01,0
SG_006604,2025-06-17,0
SG_006605,2026-01-17,0
SG_006606,2026-07-29,0
SG_006609,2026-07-26,0
SG_006611,2026-03-11,0
SG_006612,2025-07-31,0
SG_006613,2025-12-18,0
SG_006614,2026-04-07,0
SG_006617,2025-10-03,1
SG_006618,2026-11-07,0
SG_006619,2025-08-03,0
SG_006621,2026-06-04,0
SG_006625,2026-04-14,0
SG_006628,2025-12-06,0
SG_006629,2026-04-04,0
SG_006630,2025-09-09,0
SG_006631,2025-05-07,0
SG_006632,2025-02-13,0
SG_006634,2025-03-04,0
SG_006635,2025-11-14,1
SG_006636,2026-08-17,0
SG_006640,2025-05-25,0
SG_006641,2026-01-09,0
SG_006642,2026-10-23,0
SG_006643,2026-04-20,0
SG_006646,2026-12-18,0
SG_006647,2025-03-20,1
SG_006648,2026-02-24,0
SG_006649,2026-08-16,0
SG_006650,2025-12-10,0
SG_006652,2025-11-07,0
SG_006653,2025-11-01,0
SG_006654,2025-10-26,0
SG_006655,2026-12-08,0
SG_006656,2026-02-13,0
SG_006657,2025-07-09,0
SG_006658,2025-09-10,1
SG_006660,2026-02-21,0
SG_006661,2026-08-06,0
SG_006662,2026-09-01,0
SG_006663,2026-01-24,0
SG_006665,2026-11-03,0
SG_006666,2026-04-29,1
SG_006667,2026-05-13,1
SG_006669,2025-03-07,0
SG_006670,2026-03-31,0
SG_006671,2025-11-03,1
SG_006672,2026-04-20,1
SG_006674,2026-02-26,0
SG_006675,2025-05-31,0
SG_006676,2025-06-01,0
SG_006677,2025-04-02,0
SG_006678,2026-03-30,0
SG_006679,2025-11-15,0
SG_006680,2025-11-09,0
SG_006681,2026-04-26,1
SG_006682,2025-10-28,0
SG_006683,2026-01-01,0
SG_006684,2025-11-17,1
SG_006685,2025-07-14,0
SG_006686,2026-05-28,0
SG_006689,2026-03-22,0
SG_006691,2025-07-26,0
SG_006692,2025-06-20,0
SG_006694,2025-07-29,0
SG_006695,2026-02-06,0
SG_006696,2026-12-12,0
SG_006697,2026-04-21,0
SG_006699,2025-11-11,0
SG_006701,2025-09-19,0
SG_006702,2025-11-25,0
SG_006703,2025-11-01,0
SG_006704,2026-04-03,0
SG_006705,2026-07-04,0
SG_006707,2025-12-28,0
SG_006708,2026-04-20,0
SG_006709,2026-12-03,0
SG_006711,2025-02-19,1
SG_006712,2025-01-01,0
SG_006714,2025-12-28,0
SG_006715,2025-11-04,0
SG_006717,2025-01-12,0
SG_006718,2026-10-06,1
SG_006719,2025-11-30,0
SG_006720,2025-03-27,1
SG_006721,2025-03-22,0
SG_006722,2025-02-11,0
SG_006723,2025-11-07,0
SG_006724,2025-07-05,0
SG_006725,2025-08-25,1
SG_006726,2026-02-08,0
SG_006727,2025-05-13,0
SG_006729,2026-03-22,1
SG_006730,2025-02-28,0
SG_006731,2025-07-28,0
SG_006732,2025-08-17,0
SG_006733,2025-12-17,0
SG_006735,2025-01-31,0
SG_006737,2025-04-23,0
SG_006738,2025-07-28,0
SG_006739,2025-01-05,1
SG_006740,2025-12-04,0
SG_006741,2026-03-24,1
SG_006742,2025-09-03,0
SG_006743,2026-09-18,0
SG_006746,2025-11-03,0
SG_006747,2025-01-04,1
SG_006748,2026-04-20,0
SG_006750,2026-11-10,0
SG_006751,2026-08-07,0
SG_006752,2025-10-25,0
SG_006753,2025-02-16,0
SG_006754,2025-05-09,0
SG_006755,2025-05-06,0
SG_006756,2025-11-23,0
SG_006757,2025-08-09,0
SG_006759,2025-06-17,0
SG_006761,2025-06-04,1
SG_006762,2025-01-24,0
SG_006763,2025-11-16,0
SG_006764,2026-01-16,0
SG_006767,2025-06-21,0
SG_006768,2026-01-28,1
SG_006770,2026-01-09,1
SG_006771,2026-06-09,0
SG_006772,2026-03-18,0
SG_006773,2025-09-04,1
SG_006774,2025-10-19,0
SG_006775,2026-02-24,1
SG_006776,2026-04-08,0
SG_006777,2025-06-04,0
SG_006779,2026-05-03,0
SG_006782,2025-11-14,1
SG_006783,2026-07-06,1
SG_006784,2025-07-20,0
SG_006785,2026-03-28,0
SG_006787,2025-02-25,0
SG_006788,2025-11-01,0
SG_006790,2025-07-01,1
SG_006791,2026-06-29,0
SG_006794,2026-11-01,0
SG_006795,2025-02-15,1
SG_006796,2026-04-12,1
SG_006797,2026-11-11,0
SG_006798,2026-04-04,0
SG_006799,2025-09-16,0
SG_006801,2026-05-22,0
SG_006803,2026-05-17,0
SG_006804,2025-11-02,1
SG_006805,2025-09-02,0
SG_006806,2025-12-06,0
SG_006807,2025-04-02,0
SG_006809,2026-06-07,0
SG_006810,2026-07-20,0
SG_006811,2026-01-13,0
SG_006812,2026-10-11,0
SG_006813,2026-02-06,0
SG_006814,2026-01-20,0
SG_006815,2025-07-27,0
SG_006816,2026-01-02,0
SG_006817,2025-08-17,0
SG_006818,2026-06-29,0
SG_006819,2026-05-19,0
SG_006821,2025-11-11,0
SG_006822,2025-03-19,0
SG_006823,2025-02-12,0
SG_006824,2026-04-08,0
SG_006825,2026-01-28,0
SG_006826,2025-03-07,0
SG_006827,2025-11-25,0
SG_006828,2025-12-14,0
SG_006829,2026-03-31,1
SG_006830,2025-10-10,0
SG_006831,2025-09-13,0
SG_006832,2026-02-06,0
SG_006834,2026-01-16,1
SG_006836,2025-02-05,0
SG_006838,2026-05-16,0
SG_006839,2025-12-20,0
SG_006840,2025-08-29,0
SG_006842,2026-06-01,0
SG_006843,2025-01-10,0
SG_006844,2026-01-07,0
SG_006845,2025-03-30,0
SG_006846,2025-11-09,0
SG_006849,2026-01-07,0
SG_006850,2026-06-02,0
SG_006853,2026-08-04,0
SG_006854,2025-11-19,0
SG_006855,2025-04-16,0
SG_006856,2025-02-02,1
SG_006857,2026-03-19,0
SG_006858,2026-01-22,1
SG_006859,2026-06-06,0
SG_006862,2025-11-21,0
SG_006864,2025-10-19,0
SG_006865,2026-10-02,0
SG_006867,2025-03-31,0
SG_006869,2025-08-01,0
SG_006870,2026-03-31,0
SG_006871,2025-07-17,0
SG_006872,2026-08-23,0
SG_006873,2025-03-15,1
SG_006875,2026-05-02,0
SG_006876,2026-10-01,0
SG_006878,2025-08-03,0
SG_006882,2025-11-12,0
SG_006883,2025-12-07,0
SG_006884,2025-08-22,1
SG_006885,2025-05-06,0
SG_006886,2025-01-12,0
SG_006887,2026-08-27,0
SG_006888,2025-05-27,1
SG_006891,2025-11-26,0
SG_006892,2026-11-06,0
SG_006893,2026-03-12,0
SG_006894,2025-12-02,0
SG_006895,2026-11-08,0
SG_006896,2026-08-04,0
SG_006898,2026-04-12,1
SG_006899,2025-08-01,0
SG_006900,2026-03-01,1
SG_006902,2026-01-02,0
SG_006903,2026-06-04,0
SG_006904,2026-04-11,0
SG_006905,2026-04-11,1
SG_006906,2025-05-24,0
SG_006907,2026-01-02,0
SG_006909,2026-03-15,1
SG_006911,2025-06-17,0
SG_006912,2025-09-04,0
SG_006913,2025-03-01,1
SG_006915,2025-09-17,0
SG_006916,2026-09-10,0
SG_006917,2025-02-04,1
SG_006919,2025-09-09,0
SG_006920,2026-12-27,0
SG_006921,2026-02-20,1
SG_006922,2025-08-23,1
SG_006923,2025-08-25,1
SG_006926,2025-09-15,0
SG_006928,2025-10-12,1
SG_006930,2026-05-20,0
SG_006931,2025-11-27,0
SG_006932,2026-03-28,0
SG_006933,2025-06-17,0
SG_006934,2025-07-14,0
SG_006935,2025-02-25,1
SG_006936,2025-07-21,0
SG_006939,2026-10-16,0
SG_006941,2025-05-05,1
SG_006943,2025-02-25,0
SG_006944,2025-12-08,0
SG_006946,2025-05-14,0
SG_006947,2025-08-24,0
SG_006948,2025-10-16,0
SG_006952,2026-03-08,0
SG_006955,2025-03-05,0
SG_006958,2025-08-01,0
SG_006959,2025-12-19,0
SG_006960,2026-03-22,0
SG_006961,2025-01-30,0
SG_006965,2026-02-16,0
SG_006967,2026-01-25,0
SG_006968,2025-01-12,0
SG_006969,2025-02-28,1
SG_006973,2026-10-05,0
SG_006975,2025-08-28,0
SG_006976,2025-11-05,0
SG_006979,2025-03-15,0
SG_006980,2025-09-11,0
SG_006985,2025-08-11,0
SG_006986,2025-11-05,0
SG_006988,2026-07-27,0
SG_006989,2025-11-18,0
SG_006990,2025-06-27,1
SG_006991,2025-06-13,0
SG_006992,2026-01-08,0
SG_006993,2025-07-26,0
SG_006995,2025-08-14,1
SG_006996,2026-11-02,0
SG_006998,2026-09-25,0
SG_006999,2025-11-06,0
SG_007000,2025-09-11,0
SG_007001,2025-11-24,1
SG_007003,2026-05-14,1
SG_007004,2025-04-26,0
SG_007006,2025-08-19,0
SG_007007,2025-04-10,1
SG_007008,2025-07-30,0
SG_007010,2025-12-01,0
SG_007012,2026-01-18,0
SG_007013,2025-09-21,0
SG_007014,2026-05-20,0
SG_007015,2026-09-22,0
SG_007016,2026-04-18,0
SG_007020,2025-06-28,0
SG_007021,2025-09-16,0
SG_007022,2025-03-05,0
SG_007023,2025-12-14,0
SG_007024,2025-11-28,1
SG_007025,2026-03-08,0
SG_007026,2025-07-23,0
SG_007027,2026-05-22,0
SG_007028,2026-08-16,0
SG_007031,2026-02-09,0
SG_007032,2025-01-22,0
SG_007034,2026-10-04,0
SG_007035,2025-06-19,0
SG_007036,2026-12-11,0
SG_007037,2025-03-09,0
SG_007038,2025-05-14,0
SG_007039,2025-01-14,0
SG_007041,2025-12-15,0
SG_007042,2025-05-29,0
SG_007043,2025-10-04,0
SG_007044,2025-06-17,0
SG_007045,2025-11-25,0
SG_007046,2026-08-25,0
SG_007048,2026-02-13,0
SG_007049,2025-11-26,1
SG_007050,2026-08-15,0
SG_007051,2025-11-03,0
SG_007052,2025-10-30,0
SG_007053,2026-02-17,0
SG_007057,2026-02-20,0
SG_007058,2025-04-09,0
SG_007059,2025-03-05,0
SG_007060,2025-02-14,0
SG_007063,2026-04-28,0
SG_007064,2025-05-24,0
SG_007065,2025-11-06,0
SG_007066,2026-10-29,0
SG_007070,2025-12-10,0
SG_007071,2025-12-10,0
SG_007072,2025-07-18,0
SG_007074,2026-11-03,0
SG_007077,2026-04-13,0
SG_007079,2026-03-23,0
SG_007081,2026-06-15,1
SG_007082,2026-12-23,0
SG_007083,2025-12-24,0
SG_007084,2025-06-27,0
SG_007085,2025-07-12,0
SG_007086,2026-06-02,0
SG_007087,2025-09-09,0
SG_007088,2025-11-10,0
SG_007089,2025-02-28,0
SG_007090,2025-09-08,0
SG_007092,2025-08-05,0
SG_007093,2026-03-06,1
SG_007094,2026-03-14,0
SG_007096,2025-04-27,1
SG_007097,2026-07-28,0
SG_007098,2026-01-08,0
SG_007099,2026-03-18,1
SG_007101,2025-08-24,0
SG_007102,2025-12-06,0
SG_007103,2025-03-16,0
SG_007105,2026-05-06,0
SG_007106,2025-03-08,0
SG_007107,2026-03-17,1
SG_007108,2025-06-27,0
SG_007109,2026-05-31,0
SG_007110,2025-02-16,0
SG_007111,2025-02-24,0
SG_007113,2025-12-24,0
SG_007115,2026-03-30,0
SG_007116,2026-06-25,0
SG_007117,2025-08-16,0
SG_007118,2025-01-20,0
SG_007119,2025-04-19,0
SG_007120,2026-09-14,0
SG_007121,2026-03-16,0
SG_007122,2025-03-21,0
SG_007123,2026-07-22,0
SG_007124,2025-10-06,0
SG_007125,2025-12-05,1
SG_007126,2025-02-28,1
SG_007128,2025-07-12,0
SG_007129,2026-07-28,0
SG_007131,2025-10-08,0
SG_007132,2025-03-04,0
SG_007134,2026-12-02,0
SG_007135,2025-07-15,0
SG_007137,2025-06-21,0
SG_007140,2026-04-13,0
SG_007141,2026-06-23,0
SG_007142,2025-01-27,0
SG_007144,2025-02-10,0
SG_007145,2025-09-06,0
SG_007147,2025-08-19,1
SG_007148,2026-10-01,0
SG_007149,2025-09-10,0
SG_007151,2025-12-12,0
SG_007152,2026-09-06,1
SG_007153,2026-06-25,0
SG_007154,2026-02-22,1
SG_007156,2025-09-05,1
SG_007158,2025-09-13,0
SG_007159,2025-11-10,0
SG_007161,2025-03-10,0
SG_007164,2025-12-18,0
SG_007165,2025-08-07,0
SG_007167,2025-09-03,0
SG_007169,2026-09-22,0
SG_007171,2026-10-25,0
SG_007172,2025-06-20,0
SG_007173,2025-07-12,1
SG_007174,2025-11-25,0
SG_007175,2026-04-06,0
SG_007176,2026-08-28,0
SG_007177,2025-12-28,0
SG_007178,2026-02-10,0
SG_007180,2025-10-31,0
SG_007182,2025-03-20,0
SG_007184,2026-01-14,0
SG_007185,2025-02-19,0
SG_007187,2025-09-01,0
SG_007188,2026-03-18,1
SG_007189,2025-07-22,0
SG_007190,2026-07-14,0
SG_007191,2026-07-19,0
SG_007192,2026-01-05,0
SG_007193,2026-01-11,1
SG_007194,2025-09-30,1
SG_007195,2026-09-13,0
SG_007196,2025-04-07,0
SG_007197,2025-06-27,1
SG_007198,2025-07-31,1
SG_007199,2026-12-24,0
SG_007200,2026-11-12,0
SG_007201,2025-04-16,0
SG_007206,2026-01-10,0
SG_007207,2026-04-21,0
SG_007208,2025-12-10,0
SG_007209,2025-02-01,0
SG_007211,2025-09-20,0
SG_007213,2026-03-13,1
SG_007214,2025-08-21,0
SG_007216,2025-10-18,0
SG_007217,2025-03-16,0
SG_007219,2026-02-10,0
SG_007220,2026-09-06,0
SG_007221,2026-02-01,0
SG_007222,2026-02-09,0
SG_007223,2026-03-08,0
SG_007224,2025-11-16,0
SG_007225,2026-04-04,0
SG_007227,2026-04-02,0
SG_007228,2026-07-23,1
SG_007230,2025-07-13,0
SG_007232,2025-10-12,0
SG_007233,2025-08-22,0
SG_007235,2025-02-08,1
SG_007236,2026-04-07,0
SG_007238,2026-06-04,0
SG_007241,2025-11-02,0
SG_007242,2025-02-25,0
SG_007243,2026-03-12,1
SG_007244,2026-08-01,0
SG_007245,2025-07-08,0
SG_007246,2026-08-23,0
SG_007247,2025-01-31,0
SG_007248,2025-04-02,0
SG_007250,2025-06-26,0
SG_007251,2026-07-14,0
SG_007253,2026-03-12,0
SG_007254,2026-02-18,1
SG_007258,2025-10-04,0
SG_007259,2025-07-12,1
SG_007260,2025-11-21,0
SG_007261,2025-12-12,0
SG_007262,2026-02-01,0
SG_007266,2026-03-10,1
SG_007267,2025-11-24,0
SG_007269,2026-05-19,0
SG_007270,2025-03-10,0
SG_007272,2025-03-03,0
SG_007273,2026-05-31,0
SG_007274,2026-05-16,0
SG_007276,2026-06-18,0
SG_007277,2025-08-18,0
SG_007278,2025-07-04,1
SG_007279,2025-07-25,0
SG_007284,2025-01-23,1
SG_007285,2026-11-08,0
SG_007286,2025-02-09,0
SG_007289,2025-11-10,0
SG_007290,2025-09-26,0
SG_007291,2025-05-27,0
SG_007292,2025-11-12,1
SG_007293,2026-09-18,0
SG_007294,2025-01-28,1
SG_007295,2026-02-23,0
SG_007296,2026-10-04,0
SG_007297,2026-01-15,0
SG_007298,2025-08-12,0
SG_007299,2025-12-01,0
SG_007300,2025-04-25,0
SG_007302,2026-12-20,1
SG_007303,2026-06-29,0
SG_007304,2025-08-03,0
SG_007305,2026-01-16,1
SG_007306,2026-03-04,0
SG_007308,2025-11-26,0
SG_007309,2026-03-19,0
SG_007311,2025-03-17,0
SG_007313,2025-09-28,0
SG_007315,2025-09-08,0
SG_007316,2026-09-16,0
SG_007317,2025-10-09,0
SG_007318,2025-05-31,0
SG_007320,2025-09-26,0
SG_007321,2026-07-16,0
SG_007322,2026-09-21,0
SG_007323,2025-06-29,0
SG_007324,2026-02-23,1
SG_007325,2025-08-02,0
SG_007327,2026-12-08,0
SG_007328,2025-10-16,0
SG_007329,2025-07-05,0
SG_007330,2025-08-16,0
SG_007332,2026-02-08,0
SG_007335,2025-04-16,0
SG_007336,2026-06-22,0
SG_007337,2025-07-27,0
SG_007339,2025-08-03,0
SG_007341,2025-11-06,0
SG_007342,2026-03-11,1
SG_007343,2025-10-21,0
SG_007344,2025-08-10,0
SG_007346,2025-09-02,0
SG_007347,2025-11-22,0
SG_007348,2026-10-07,0
SG_007350,2026-07-23,0
SG_007351,2026-06-24,0
SG_007352,2025-11-24,0
SG_007353,2025-04-23,1
SG_007354,2025-01-25,0
SG_007355,2025-11-18,1
SG_007357,2025-03-26,0
SG_007359,2026-02-26,0
SG_007360,2025-11-29,1
SG_007361,2026-01-25,0
SG_007362,2026-12-22,0
SG_007363,2025-11-14,1
SG_007364,2026-01-21,0
SG_007365,2025-07-29,0
SG_007366,2026-09-06,0
SG_007367,2025-02-28,1
SG_007369,2025-07-31,0
SG_007373,2026-09-20,0
SG_007374,2025-12-28,0
SG_007376,2026-04-03,0
SG_007377,2026-05-15,0
SG_007381,2025-10-11,0
SG_007382,2026-06-14,0
SG_007385,2025-11-28,1
SG_007386,2026-02-23,0
SG_007387,2025-03-06,1
SG_007388,2025-06-28,0
SG_007391,2025-03-07,0
SG_007392,2025-07-14,0
SG_007393,2026-02-04,0
SG_007394,2026-01-05,1
SG_007395,2025-12-25,0
SG_007396,2025-05-14,0
SG_007397,2026-09-10,0
SG_007398,2025-12-07,0
SG_007399,2025-06-11,0
SG_007400,2025-12-10,0
SG_007402,2026-09-23,0
SG_007404,2025-12-25,0
SG_007405,2025-10-02,0
SG_007407,2025-08-17,0
SG_007408,2025-02-26,0
SG_007411,2026-04-28,0
SG_007412,2025-06-15,1
SG_007414,2025-11-11,0
SG_007415,2025-02-10,0
SG_007417,2026-05-13,0
SG_007418,2025-05-25,0
SG_007421,2026-02-01,1
SG_007422,2025-04-11,0
SG_007425,2025-12-06,0
SG_007426,2026-12-22,0
SG_007427,2025-10-03,1
SG_007429,2026-05-27,0
SG_007430,2026-02-23,0
SG_007431,2026-01-27,0
SG_007432,2025-09-09,0
SG_007435,2025-12-03,1
SG_007436,2025-02-20,0
SG_007438,2025-02-16,0
SG_007439,2026-06-23,0
SG_007440,2026-02-17,0
SG_007442,2025-08-23,0
SG_007444,2025-02-28,0
SG_007445,2026-01-05,0
SG_007446,2025-01-13,0
SG_007447,2026-04-23,0
SG_007448,2025-12-15,0
SG_007449,2025-04-20,0
SG_007451,2026-01-16,1
SG_007453,2025-10-13,0
SG_007454,2026-03-25,0
SG_007456,2025-09-29,0
SG_007457,2025-06-08,0
SG_007458,2025-08-09,0
SG_007459,2026-06-12,0
SG_007460,2026-04-22,0
SG_007461,2026-04-10,0
SG_007463,2026-02-14,0
SG_007465,2025-08-09,0
SG_007467,2026-07-19,0
SG_007468,2025-01-18,0
SG_007471,2026-06-18,0
SG_007473,2026-09-23,0
SG_007474,2025-01-05,1
SG_007475,2025-02-02,0
SG_007477,2025-04-22,0
SG_007478,2026-06-23,0
SG_007479,2025-03-17,0
SG_007480,2026-12-14,0
SG_007481,2025-05-24,0
SG_007482,2025-02-26,1
SG_007483,2025-06-12,0
SG_007484,2025-10-14,0
SG_007485,2026-09-26,1
SG_007487,2025-08-15,0
SG_007488,2026-03-24,0
SG_007491,2025-03-10,0
SG_007492,2026-08-02,1
SG_007493,2026-08-11,0
SG_007494,2026-10-26,1
SG_007496,2025-05-24,0
SG_007497,2025-07-18,1
SG_007498,2025-11-24,0
SG_007500,2026-12-14,0
SG_007501,2026-10-20,0
SG_007502,2025-01-14,0
SG_007503,2025-09-25,0
SG_007504,2026-01-08,0
SG_007505,2026-09-18,0
SG_007507,2026-09-06,0
SG_007510,2026-06-25,0
SG_007511,2025-08-12,0
SG_007512,2026-08-11,0
SG_007513,2026-06-22,0
SG_007514,2025-10-28,0
SG_007515,2025-10-05,0
SG_007516,2026-06-27,0
SG_007519,2026-02-22,1
SG_007520,2025-11-10,0
SG_007521,2026-05-15,0
SG_007523,2026-03-01,0
SG_007525,2025-12-03,0
SG_007526,2026-05-06,0
SG_007528,2026-05-07,0
SG_007529,2025-10-18,0
SG_007530,2025-12-14,0
SG_007531,2025-12-29,1
SG_007532,2025-02-28,0
SG_007533,2025-10-12,0
SG_007534,2025-07-25,0
SG_007536,2026-01-22,1
SG_007537,2026-02-24,1
SG_007538,2026-04-03,1
SG_007539,2025-11-27,0
SG_007541,2025-03-29,0
SG_007542,2026-01-06,0
SG_007543,2026-06-16,1
SG_007544,2026-02-28,0
SG_007545,2026-07-16,1
SG_007547,2025-11-24,0
SG_007548,2025-04-02,0
SG_007549,2025-11-26,0
SG_007550,2026-03-03,1
SG_007551,2025-06-03,0
SG_007554,2025-12-01,0
SG_007555,2025-12-13,0
SG_007556,2026-03-31,0
SG_007559,2025-10-08,0
SG_007561,2025-07-26,1
SG_007562,2026-04-07,0
SG_007563,2026-01-31,0
SG_007564,2026-07-27,0
SG_007565,2025-06-11,0
SG_007566,2025-12-15,1
SG_007567,2025-12-10,0
SG_007569,2026-09-13,0
SG_007570,2026-11-20,1
SG_007572,2025-12-12,0
SG_007574,2025-09-10,1
SG_007575,2026-02-11,0
SG_007576,2025-06-30,0
SG_007580,2026-03-20,0
SG_007581,2026-06-17,0
SG_007583,2025-10-08,1
SG_007584,2025-02-20,0
SG_007585,2026-07-27,0
SG_007588,2026-12-18,0
SG_007590,2025-10-23,0
SG_007592,2025-08-01,0
SG_007593,2026-06-11,1
SG_007594,2026-10-19,0
SG_007596,2025-12-31,0
SG_007598,2025-12-06,0
SG_007600,2026-03-30,0
SG_007601,2026-05-10,0
SG_007603,2025-10-07,0
SG_007604,2025-05-26,1
SG_007606,2025-05-06,1
SG_007607,2026-06-21,0
SG_007608,2025-10-09,0
SG_007610,2026-01-06,0
SG_007611,2026-09-09,0
SG_007612,2025-09-20,1
SG_007613,2026-07-14,0
SG_007615,2026-07-23,1
SG_007616,2025-04-11,0
SG_007617,2025-06-15,0
SG_007618,2025-02-27,0
SG_007619,2026-12-06,1
SG_007621,2025-02-04,0
SG_007622,2025-11-02,0
SG_007623,2025-07-02,0
SG_007624,2026-05-27,0
SG_007625,2026-09-06,0
SG_007626,2025-06-18,0
SG_007627,2025-10-28,0
SG_007629,2025-10-15,0
SG_007631,2026-09-29,0
SG_007632,2025-10-30,1
SG_007633,2026-04-23,1
SG_007634,2025-07-04,0
SG_007635,2026-09-13,0
SG_007636,2026-12-27,0
SG_007637,2026-10-23,0
SG_007638,2025-06-02,0
SG_007639,2025-12-09,0
SG_007640,2025-03-18,1
SG_007641,2025-04-21,0
SG_007642,2026-04-27,0
SG_007643,2026-07-11,0
SG_007644,2026-01-27,0
SG_007645,2025-07-16,0
SG_007647,2026-01-30,1
SG_007649,2025-08-31,0
SG_007650,2025-09-02,0
SG_007651,2025-12-23,0
SG_007652,2025-04-29,1
SG_007653,2025-05-31,0
SG_007661,2025-12-07,0
SG_007662,2025-11-17,0
SG_007664,2025-04-18,0
SG_007666,2026-01-10,1
SG_007668,2025-01-01,1
SG_007669,2025-05-16,1
SG_007671,2025-03-19,0
SG_007672,2025-05-18,1
SG_007673,2025-12-14,1
SG_007674,2026-10-13,0
SG_007675,2026-06-22,0
SG_007676,2026-11-12,0
SG_007677,2026-11-29,0
SG_007680,2026-07-09,0
SG_007682,2026-01-16,0
SG_007683,2026-05-17,0
SG_007684,2025-10-30,0
SG_007689,2025-10-08,0
SG_007690,2025-01-06,0
SG_007692,2026-07-07,1
SG_007693,2026-04-29,0
SG_007694,2026-08-08,1
SG_007695,2026-10-09,0
SG_007697,2025-10-30,0
SG_007699,2025-01-11,0
SG_007701,2025-08-23,0
SG_007702,2026-05-24,0
SG_007705,2026-03-25,1
SG_007707,2026-03-19,1
SG_007708,2025-12-15,0
SG_007709,2025-10-23,0
SG_007710,2025-09-04,0
SG_007713,2026-10-24,0
SG_007715,2026-10-20,0
SG_007716,2025-02-23,1
SG_007718,2025-11-21,0
SG_007722,2025-09-10,0
SG_007723,2026-10-05,0
SG_007724,2025-05-07,0
SG_007725,2025-05-09,0
SG_007726,2025-06-02,1
SG_007727,2026-04-01,0
SG_007729,2026-05-07,0
SG_007730,2025-02-22,0
SG_007731,2026-03-15,0
SG_007732,2025-09-27,0
SG_007733,2025-09-30,0
SG_007734,2025-12-25,1
SG_007735,2026-12-18,0
SG_007736,2025-04-22,0
SG_007738,2026-12-14,0
SG_007739,2025-05-19,0
SG_007740,2025-02-20,0
SG_007743,2026-07-15,0
SG_007745,2026-09-25,0
SG_007747,2026-11-22,0
SG_007749,2026-04-15,1
SG_007753,2026-01-05,0
SG_007754,2026-05-06,0
SG_007755,2025-01-29,0
SG_007756,2026-10-10,1
SG_007757,2025-02-01,0
SG_007759,2025-10-15,0
SG_007761,2025-10-20,0
SG_007763,2025-07-11,0
SG_007764,2025-12-15,0
SG_007765,2026-03-09,0
SG_007766,2026-06-08,0
SG_007767,2025-09-12,0
SG_007768,2026-06-19,1
SG_007769,2025-07-30,0
SG_007771,2026-09-01,1
SG_007773,2025-10-03,0
SG_007774,2025-10-11,0
SG_007775,2025-09-19,0
SG_007777,2025-01-05,0
SG_007778,2026-02-09,0
SG_007779,2026-12-02,0
SG_007783,2025-11-01,1
SG_007784,2026-02-21,0
SG_007785,2025-02-15,0
SG_007786,2026-02-18,0
SG_007788,2025-09-21,0
SG_007789,2025-10-31,1
SG_007790,2025-07-14,0
SG_007791,2025-10-04,0
SG_007792,2026-02-15,0
SG_007793,2025-09-16,0
SG_007794,2025-08-02,1
SG_007795,2025-10-01,0
SG_007796,2026-03-07,0
SG_007797,2026-03-01,0
SG_007798,2026-01-13,0
SG_007799,2025-09-10,1
SG_007802,2026-09-20,1
SG_007803,2025-10-15,0
SG_007806,2025-04-29,0
SG_007809,2026-02-10,0
SG_007810,2025-03-27,1
SG_007811,2026-09-29,0
SG_007812,2026-04-21,0
SG_007814,2025-09-19,0
SG_007816,2026-04-11,0
SG_007819,2025-12-26,0
SG_007821,2026-09-28,1
SG_007825,2026-09-18,0
SG_007826,2025-10-06,0
SG_007827,2025-04-22,0
SG_007828,2025-11-06,1
SG_007829,2026-09-10,0
SG_007830,2026-12-24,0
SG_007831,2025-05-15,0
SG_007832,2026-05-06,0
SG_007833,2026-01-16,0
SG_007835,2026-07-28,0
SG_007837,2026-06-26,0
SG_007838,2025-06-11,1
SG_007840,2025-07-26,1
SG_007841,2025-08-28,0
SG_007843,2026-05-19,0
SG_007845,2026-01-13,0
SG_007847,2026-07-17,1
SG_007848,2025-12-12,0
SG_007850,2025-01-25,0
SG_007851,2025-04-29,0
SG_007852,2026-07-07,1
SG_007853,2025-10-15,0
SG_007854,2026-08-18,0
SG_007855,2026-04-26,0
SG_007856,2025-10-26,0
SG_007857,2026-03-15,0
SG_007859,2025-03-30,0
SG_007860,2025-05-22,0
SG_007861,2025-12-17,1
SG_007862,2026-02-21,0
SG_007863,2026-02-28,0
SG_007865,2026-02-11,0
SG_007867,2026-01-06,0
SG_007868,2025-08-01,0
SG_007869,2025-04-27,0
SG_007870,2026-03-25,0
SG_007871,2025-03-24,0
SG_007872,2025-05-20,0
SG_007873,2025-01-26,0
SG_007874,2025-06-15,0
SG_007877,2025-07-05,0
SG_007878,2025-12-06,0
SG_007879,2026-12-16,1
SG_007881,2025-01-16,0
SG_007882,2025-12-28,1
SG_007883,2026-05-27,0
SG_007885,2026-08-16,0
SG_007886,2026-11-21,0
SG_007887,2025-09-21,0
SG_007888,2026-05-31,0
SG_007890,2025-02-28,1
SG_007891,2025-10-14,0
SG_007893,2025-02-06,0
SG_007894,2026-06-25,0
SG_007895,2025-04-05,0
SG_007896,2026-01-31,0
SG_007900,2026-10-21,0
SG_007902,2025-02-14,0
SG_007903,2025-10-17,0
SG_007904,2026-08-27,0
SG_007905,2026-01-07,0
SG_007906,2026-10-09,0
SG_007907,2025-04-17,0
SG_007909,2025-03-27,0
SG_007911,2025-10-17,0
SG_007912,2026-06-27,0
SG_007913,2025-02-23,0
SG_007914,2025-07-09,1
SG_007915,2026-02-07,0
SG_007916,2025-05-23,0
SG_007917,2026-07-28,0
SG_007918,2025-07-08,0
SG_007919,2026-10-02,0
SG_007920,2026-10-21,0
SG_007921,2026-05-28,1
SG_007924,2025-09-17,1
SG_007925,2026-02-20,0
SG_007927,2025-10-06,0
SG_007928,2025-05-23,0
SG_007929,2025-07-13,0
SG_007930,2025-08-24,0
SG_007932,2026-07-16,0
SG_007934,2025-12-19,0
SG_007935,2026-03-27,0
SG_007936,2025-06-22,0
SG_007937,2025-10-27,0
SG_007938,2026-03-14,0
SG_007941,2025-04-24,1
SG_007942,2026-02-28,0
SG_007943,2025-07-11,0
SG_007944,2026-08-17,1
SG_007945,2025-02-02,0
SG_007949,2025-10-05,1
SG_007950,2026-08-13,0
SG_007951,2025-01-29,0
SG_007952,2026-12-09,0
SG_007953,2025-08-01,0
SG_007955,2025-06-08,0
SG_007956,2025-06-27,0
SG_007958,2025-07-29,0
SG_007959,2025-01-18,0
SG_007961,2025-03-11,0
SG_007962,2025-12-20,0
SG_007963,2026-02-25,0
SG_007966,2025-10-03,0
SG_007967,2025-02-24,0
SG_007968,2025-10-14,0
SG_007969,2026-01-05,0
SG_007970,2026-04-28,0
SG_007971,2025-10-02,0
SG_007972,2026-08-24,1
SG_007973,2025-10-31,0
SG_007974,2025-12-02,0
SG_007975,2025-11-24,0
SG_007976,2026-10-19,0
SG_007977,2025-06-16,0
SG_007978,2025-05-01,0
SG_007979,2026-11-27,0
SG_007981,2025-10-19,0
SG_007982,2026-05-05,0
SG_007983,2026-04-12,0
SG_007984,2025-07-27,0
SG_007986,2025-03-08,0
SG_007987,2025-11-24,0
SG_007988,2026-05-03,1
SG_007989,2026-09-19,1
SG_007990,2025-11-11,0
SG_007991,2025-06-16,0
SG_007993,2025-11-26,0
SG_007994,2026-11-14,1
SG_007995,2025-12-15,0
SG_007997,2025-08-26,0
SG_008000,2025-06-10,0
SG_008001,2026-11-12,0
SG_008002,2026-09-14,0
SG_008003,2026-02-25,0
SG_008004,2025-08-12,0
SG_008005,2025-08-12,0
SG_008006,2026-06-13,0
SG_008007,2025-12-09,0
SG_008008,2025-01-02,0
SG_008009,2025-09-30,0
SG_008010,2025-11-14,0
SG_008011,2025-04-03,0
SG_008012,2025-10-08,0
SG_008013,2026-08-19,0
SG_008016,2026-06-23,0
SG_008017,2025-09-25,0
SG_008018,2025-12-01,0
SG_008019,2025-03-06,1
SG_008021,2026-09-07,0
SG_008022,2026-04-17,1
SG_008023,2026-12-01,0
SG_008024,2026-01-29,1
SG_008025,2025-05-16,0
SG_008027,2025-10-15,1
SG_008028,2025-09-30,0
SG_008029,2026-03-13,0
SG_008030,2025-02-18,1
SG_008031,2026-01-20,0
SG_008032,2026-05-08,0
SG_008034,2026-01-03,0
SG_008035,2026-03-28,0
SG_008036,2025-04-02,0
SG_008037,2025-04-29,0
SG_008038,2026-01-15,0
SG_008039,2026-02-09,0
SG_008040,2025-09-27,0
SG_008041,2026-02-22,0
SG_008042,2026-07-30,0
SG_008044,2026-08-11,0
SG_008045,2026-03-09,0
SG_008046,2025-02-16,0
SG_008047,2025-02-05,0
SG_008048,2025-07-12,0
SG_008049,2025-06-24,0
SG_008051,2026-05-12,0
SG_008052,2025-03-25,0
SG_008053,2026-01-21,0
SG_008054,2025-04-13,0
SG_008057,2026-12-05,0
SG_008059,2026-02-05,0
SG_008060,2026-04-24,0
SG_008061,2025-04-20,0
SG_008062,2025-01-04,0
SG_008063,2026-06-24,0
SG_008064,2026-03-10,0
SG_008065,2026-01-08,0
SG_008066,2025-12-17,0
SG_008068,2026-08-26,1
SG_008069,2026-03-04,0
SG_008070,2025-08-16,0
SG_008071,2026-02-14,0
SG_008072,2025-03-23,0
SG_008073,2025-06-13,0
SG_008075,2026-01-08,0
SG_008077,2025-02-26,0
SG_008078,2025-09-18,0
SG_008079,2025-03-13,0
SG_008080,2026-04-15,1
SG_008082,2025-02-27,1
SG_008083,2025-11-25,0
SG_008084,2026-01-16,0
SG_008085,2025-05-03,0
SG_008086,2026-04-24,0
SG_008087,2025-02-28,0
SG_008088,2025-01-10,0
SG_008089,2026-08-20,0
SG_008090,2025-01-04,1
SG_008092,2025-02-02,1
SG_008093,2026-08-26,0
SG_008094,2026-08-10,1
SG_008095,2025-06-10,1
SG_008096,2025-10-09,1
SG_008097,2025-02-28,1
SG_008098,2026-06-13,0
SG_008102,2026-03-01,1
SG_008103,2025-03-17,0
SG_008105,2025-06-23,0
SG_008106,2025-06-19,0
SG_008107,2025-08-05,0
SG_008108,2025-12-21,0
SG_008109,2026-05-18,0
SG_008110,2025-08-26,0
SG_008111,2025-10-13,0
SG_008112,2025-09-25,0
SG_008113,2025-07-02,0
SG_008114,2025-09-22,0
SG_008116,2025-04-17,0
SG_008119,2025-12-05,1
SG_008120,2025-06-25,0
SG_008121,2025-08-05,0
SG_008122,2025-09-17,1
SG_008123,2026-03-01,0
SG_008124,2026-06-25,1
SG_008125,2026-01-04,0
SG_008126,2026-10-02,0
SG_008128,2025-11-22,0
SG_008129,2025-12-22,0
SG_008130,2025-04-24,0
SG_008132,2026-03-16,0
SG_008134,2026-06-20,0
SG_008135,2026-10-27,0
SG_008136,2026-03-21,1
SG_008138,2025-11-17,0
SG_008139,2025-12-31,0
SG_008142,2025-01-01,1
SG_008143,2025-09-28,0
SG_008144,2026-05-03,0
SG_008146,2026-01-11,0
SG_008147,2026-03-14,0
SG_008148,2025-10-03,0
SG_008149,2025-07-18,1
SG_008150,2025-01-04,0
SG_008151,2025-09-13,0
SG_008153,2025-12-13,1
SG_008154,2026-09-03,0
SG_008155,2026-01-12,0
SG_008157,2025-12-27,1
SG_008158,2025-03-19,0
SG_008159,2025-11-03,0
SG_008161,2025-08-04,0
SG_008162,2025-02-07,0
SG_008163,2025-10-25,0
SG_008165,2025-10-16,0
SG_008166,2025-07-19,0
SG_008168,2025-01-24,0
SG_008169,2026-04-12,0
SG_008170,2025-10-08,0
SG_008171,2026-07-28,0
SG_008172,2026-10-24,0
SG_008173,2025-01-12,0
SG_008174,2025-10-14,0
SG_008177,2026-03-28,0
SG_008178,2026-06-01,0
SG_008179,2026-05-29,1
SG_008180,2025-06-20,1
SG_008181,2026-09-16,0
SG_008182,2026-01-06,1
SG_008184,2025-11-28,0
SG_008185,2025-01-08,0
SG_008186,2026-03-18,1
SG_008187,2025-05-03,0
SG_008189,2026-12-07,0
SG_008190,2025-06-12,0
SG_008194,2025-04-07,0
SG_008196,2026-10-30,0
SG_008197,2026-02-22,0
SG_008198,2026-03-04,0
SG_008199,2026-06-28,0
SG_008200,2026-11-22,0
SG_008201,2025-02-22,0
SG_008203,2026-03-04,0
SG_008204,2026-01-31,0
SG_008205,2026-10-01,1
SG_008206,2026-01-08,1
SG_008207,2025-04-21,0
SG_008208,2025-12-15,0
SG_008209,2026-05-06,0
SG_008210,2026-06-30,0
SG_008211,2025-10-20,1
SG_008212,2026-07-10,0
SG_008214,2026-02-25,0
SG_008215,2025-01-03,1
SG_008216,2026-02-04,0
SG_008218,2026-06-07,0
SG_008219,2025-04-20,1
SG_008220,2025-09-12,0
SG_008221,2026-01-17,0
SG_008222,2025-10-15,0
SG_008223,2026-05-11,0
SG_008225,2026-11-11,0
SG_008226,2026-02-01,0
SG_008227,2025-12-25,0
SG_008230,2025-09-05,0
SG_008231,2025-08-06,0
SG_008232,2026-03-25,0
SG_008233,2026-01-26,1
SG_008234,2026-08-10,1
SG_008235,2025-08-29,0
SG_008236,2026-11-21,1
SG_008238,2026-03-17,0
SG_008239,2026-01-25,0
SG_008240,2026-06-22,0
SG_008241,2025-08-07,0
SG_008243,2025-06-09,1
SG_008244,2026-04-18,0
SG_008245,2026-11-17,0
SG_008247,2025-02-05,0
SG_008250,2026-06-18,0
SG_008251,2025-07-07,0
SG_008252,2026-04-21,0
SG_008254,2026-01-13,1
SG_008255,2025-08-29,0
SG_008256,2025-12-21,0
SG_008258,2025-11-17,1
SG_008259,2026-01-26,1
SG_008260,2026-04-04,0
SG_008262,2026-07-26,1
SG_008263,2025-08-30,1
SG_008266,2026-06-15,0
SG_008267,2025-11-26,0
SG_008268,2026-05-27,0
SG_008269,2025-10-05,0
SG_008270,2025-01-03,1
SG_008271,2026-07-30,0
SG_008272,2026-12-31,1
SG_008273,2026-08-23,0
SG_008274,2025-04-05,0
SG_008275,2026-06-04,0
SG_008276,2026-03-01,1
SG_008277,2025-02-14,0
SG_008278,2025-10-07,0
SG_008279,2026-06-06,0
SG_008280,2026-09-27,0
SG_008282,2025-06-18,0
SG_008284,2026-01-06,0
SG_008285,2026-02-13,0
SG_008286,2026-04-16,1
SG_008288,2026-06-03,0
SG_008289,2026-04-23,0
SG_008290,2026-05-24,0
SG_008292,2026-01-26,1
SG_008295,2025-03-21,1
SG_008297,2026-07-05,0
SG_008299,2026-03-31,0
SG_008300,2025-08-17,0
SG_008301,2026-03-08,0
SG_008302,2025-10-04,1
SG_008303,2025-08-01,0
SG_008304,2026-04-01,0
SG_008305,2026-01-29,0
SG_008306,2025-11-20,1
SG_008307,2026-02-08,1
SG_008308,2025-03-26,0
SG_008311,2025-07-05,0
SG_008313,2026-03-07,0
SG_008314,2026-11-19,1
SG_008315,2026-09-29,0
SG_008319,2026-09-14,0
SG_008320,2025-10-13,0
SG_008321,2025-02-27,1
SG_008322,2026-01-13,0
SG_008323,2025-09-13,0
SG_008324,2025-02-21,1
SG_008325,2025-08-02,1
SG_008326,2025-07-19,0
SG_008328,2025-07-24,0
SG_008329,2025-10-28,0
SG_008331,2026-05-31,0
SG_008332,2026-05-04,0
SG_008334,2025-05-20,0
SG_008335,2025-07-09,0
SG_008337,2026-03-30,0
SG_008338,2025-07-27,0
SG_008339,2026-01-29,1
SG_008340,2026-01-08,0
SG_008341,2025-07-17,1
SG_008342,2025-10-05,0
SG_008343,2026-03-23,0
SG_008344,2025-11-20,0
SG_008346,2026-02-22,0
SG_008348,2026-04-19,0
SG_008349,2026-10-31,0
SG_008350,2025-02-19,1
SG_008351,2026-02-17,0
SG_008352,2025-12-27,0
SG_008353,2026-06-27,0
SG_008354,2025-03-19,0
SG_008356,2026-03-27,0
SG_008357,2025-06-05,0
SG_008363,2025-11-12,0
SG_008364,2026-04-01,0
SG_008367,2025-01-16,1
SG_008368,2026-01-03,0
SG_008369,2026-06-01,0
SG_008370,2025-11-20,0
SG_008371,2026-02-02,0
SG_008372,2025-11-03,0
SG_008373,2025-11-20,0
SG_008374,2026-05-27,0
SG_008377,2025-11-09,0
SG_008378,2025-06-13,0
SG_008379,2025-11-13,1
SG_008380,2026-08-30,0
SG_008381,2025-11-12,0
SG_008384,2025-04-13,0
SG_008385,2025-12-26,0
SG_008386,2025-12-29,0
SG_008387,2025-11-24,0
SG_008390,2026-06-07,0
SG_008391,2026-01-03,0
SG_008393,2025-10-19,0
SG_008394,2025-06-22,0
SG_008395,2026-01-10,0
SG_008397,2025-08-23,0
SG_008398,2026-08-21,0
SG_008399,2026-09-03,0
SG_008400,2026-05-30,0
SG_008401,2026-06-16,0
SG_008403,2025-02-15,1
SG_008404,2025-11-25,1
SG_008405,2026-05-13,0
SG_008406,2026-05-14,0
SG_008407,2026-07-05,0
SG_008408,2026-05-22,0
SG_008409,2025-04-10,0
SG_008411,2026-03-31,0
SG_008412,2025-08-27,1
SG_008414,2025-11-14,0
SG_008415,2026-06-10,0
SG_008416,2025-09-08,0
SG_008418,2025-10-20,0
SG_008419,2025-12-07,0
SG_008421,2026-11-13,0
SG_008423,2025-05-10,0
SG_008424,2025-10-26,0
SG_008425,2025-02-13,0
SG_008426,2025-05-23,0
SG_008427,2026-06-30,1
SG_008428,2025-02-23,0
SG_008429,2025-10-18,0
SG_008430,2026-06-18,0
SG_008431,2025-12-04,1
SG_008432,2025-07-04,0
SG_008433,2026-02-26,0
SG_008434,2026-01-24,0
SG_008436,2026-03-22,0
SG_008437,2026-01-04,0
SG_008438,2026-05-16,0
SG_008439,2025-12-10,0
SG_008445,2026-10-13,0
SG_008446,2025-07-25,0
SG_008447,2026-05-15,0
SG_008448,2026-10-25,0
SG_008450,2026-02-26,0
SG_008451,2025-01-23,0
SG_008453,2025-01-13,0
SG_008454,2025-02-25,0
SG_008455,2025-12-02,1
SG_008456,2025-07-11,0
SG_008458,2026-05-28,1
SG_008460,2025-12-18,0
SG_008461,2026-05-25,0
SG_008463,2026-09-22,0
SG_008464,2025-04-20,0
SG_008465,2025-09-14,0
SG_008466,2025-07-06,0
SG_008469,2026-03-15,1
SG_008470,2025-05-03,1
SG_008471,2025-03-09,1
SG_008472,2026-09-04,1
SG_008473,2025-08-19,0
SG_008474,2026-06-11,0
SG_008475,2025-07-02,0
SG_008476,2025-06-02,0
SG_008477,2025-04-02,0
SG_008479,2026-03-08,0
SG_008480,2025-07-07,0
SG_008481,2026-02-09,0
SG_008483,2026-09-22,0
SG_008486,2025-09-02,0
SG_008487,2025-12-12,0
SG_008488,2026-09-25,0
SG_008489,2026-02-19,0
SG_008490,2026-06-19,0
SG_008491,2026-08-10,0
SG_008492,2025-02-18,0
SG_008493,2026-04-21,0
SG_008495,2026-04-01,0
SG_008496,2026-08-07,0
SG_008499,2025-09-23,0
SG_008502,2025-03-10,1
SG_008503,2026-02-12,0
SG_008505,2026-12-06,0
SG_008507,2026-09-16,0
SG_008508,2025-12-02,0
SG_008509,2026-06-21,0
SG_008510,2026-01-06,0
SG_008511,2025-04-03,0
SG_008513,2025-11-19,0
SG_008515,2025-09-05,0
SG_008516,2025-08-21,0
SG_008518,2026-02-19,0
SG_008519,2026-09-22,1
SG_008520,2026-11-22,0
SG_008521,2025-08-12,1
SG_008523,2025-07-13,0
SG_008524,2026-06-10,0
SG_008525,2025-08-22,1
SG_008526,2026-12-04,0
SG_008528,2025-03-13,0
SG_008530,2026-01-23,0
SG_008532,2025-11-30,0
SG_008533,2025-04-19,0
SG_008537,2026-03-28,0
SG_008539,2025-11-30,0
SG_008540,2025-06-25,0
SG_008543,2026-11-15,1
SG_008544,2025-11-26,1
SG_008546,2026-04-09,0
SG_008548,2026-07-06,0
SG_008552,2026-08-23,0
SG_008554,2026-06-22,0
SG_008556,2026-05-09,1
SG_008558,2026-07-01,0
SG_008559,2026-03-30,0
SG_008560,2026-06-04,0
SG_008562,2025-10-31,1
SG_008563,2026-04-07,1
SG_008566,2026-10-09,0
SG_008567,2025-10-09,0
SG_008571,2026-11-14,0
SG_008573,2025-09-07,0
SG_008578,2026-01-01,0
SG_008579,2026-01-09,0
SG_008581,2025-10-09,0
SG_008582,2025-06-23,0
SG_008583,2026-12-03,1
SG_008584,2026-03-15,0
SG_008585,2026-01-04,0
SG_008587,2025-01-31,0
SG_008588,2025-06-26,0
SG_008589,2026-02-17,0
SG_008590,2025-10-06,0
SG_008591,2026-03-03,0
SG_008592,2025-11-28,0
SG_008593,2025-05-15,0
SG_008595,2025-12-06,0
SG_008596,2025-08-28,1
SG_008597,2025-01-19,0
SG_008599,2026-01-05,0
SG_008601,2025-10-29,1
SG_008602,2025-10-04,0
SG_008603,2026-05-20,0
SG_008604,2026-03-10,0
SG_008605,2025-09-17,0
SG_008606,2025-11-23,0
SG_008607,2025-10-17,0
SG_008608,2025-09-11,0
SG_008609,2025-07-09,0
SG_008610,2025-08-12,0
SG_008611,2026-10-26,1
SG_008612,2026-01-24,0
SG_008613,2025-12-25,0
SG_008616,2025-01-23,0
SG_008618,2026-01-24,0
SG_008619,2025-06-22,0
SG_008620,2026-08-08,0
SG_008621,2025-06-12,0
SG_008622,2025-09-20,0
SG_008623,2026-09-11,0
SG_008625,2025-01-18,0
SG_008626,2025-08-22,0
SG_008627,2025-10-19,0
SG_008628,2025-11-23,0
SG_008629,2026-01-14,0
SG_008631,2025-07-27,0
SG_008632,2025-08-01,0
SG_008633,2026-06-06,0
SG_008634,2026-10-28,0
SG_008637,2026-01-01,0
SG_008638,2026-09-14,0
SG_008640,2025-11-17,1
SG_008641,2026-06-21,0
SG_008642,2026-07-17,0
SG_008643,2025-06-03,0
SG_008644,2025-08-02,1
SG_008647,2026-04-05,0
SG_008648,2026-07-03,0
SG_008649,2026-06-18,0
SG_008651,2025-06-28,1
SG_008652,2025-10-28,1
SG_008654,2026-03-07,0
SG_008655,2026-06-25,1
SG_008656,2025-01-31,0
SG_008657,2026-09-23,0
SG_008658,2026-02-02,0
SG_008659,2026-05-22,0
SG_008660,2025-11-28,0
SG_008661,2026-11-08,1
SG_008662,2025-12-24,1
SG_008663,2025-08-03,1
SG_008664,2025-10-18,1
SG_008665,2026-05-10,0
SG_008666,2025-06-02,0
SG_008667,2026-02-16,0
SG_008668,2025-09-02,0
SG_008670,2026-08-12,1
SG_008672,2026-02-21,0
SG_008673,2026-02-13,0
SG_008674,2025-06-25,0
SG_008675,2026-03-03,0
SG_008676,2025-02-28,0
SG_008677,2025-02-20,0
SG_008678,2026-10-19,0
SG_008679,2025-12-20,1
SG_008680,2025-08-18,0
SG_008681,2026-09-03,0
SG_008682,2025-02-14,0
SG_008683,2025-09-17,0
SG_008684,2026-09-11,0
SG_008685,2026-12-15,0
SG_008686,2026-07-05,0
SG_008687,2025-03-27,0
SG_008688,2025-09-14,0
SG_008690,2026-05-11,0
SG_008692,2026-05-10,0
SG_008694,2025-10-02,0
SG_008695,2025-10-07,0
SG_008696,2026-03-22,1
SG_008697,2025-03-23,0
SG_008698,2025-05-21,0
SG_008699,2026-02-09,0
SG_008700,2026-01-19,0
SG_008701,2026-05-19,0
SG_008702,2026-07-01,0
SG_008703,2026-11-06,0
SG_008704,2026-04-28,0
SG_008705,2026-06-17,0
SG_008706,2025-10-01,1
SG_008707,2026-12-23,0
SG_008709,2026-07-14,0
SG_008710,2025-03-23,0
SG_008711,2026-06-16,0
SG_008712,2026-03-18,0
SG_008713,2025-06-19,0
SG_008715,2026-06-24,0
SG_008716,2025-07-16,0
SG_008717,2025-09-10,0
SG_008718,2025-10-25,0
SG_008719,2025-10-20,0
SG_008720,2025-07-24,0
SG_008721,2026-02-10,0
SG_008722,2026-02-10,0
SG_008723,2026-03-07,1
SG_008724,2026-04-07,1
SG_008725,2025-11-30,1
SG_008728,2025-08-16,0
SG_008730,2025-10-09,0
SG_008731,2026-06-12,1
SG_008732,2026-09-06,0
SG_008733,2025-02-19,0
SG_008736,2026-08-14,0
SG_008738,2025-08-22,0
SG_008740,2026-04-25,0
SG_008741,2025-03-17,1
SG_008742,2025-05-28,0
SG_008743,2026-03-29,0
SG_008744,2025-02-27,0
SG_008746,2026-06-07,1
SG_008747,2026-01-10,0
SG_008748,2025-09-04,0
SG_008750,2025-12-06,0
SG_008751,2026-12-03,0
SG_008752,2026-06-09,0
SG_008753,2026-10-01,0
SG_008754,2025-07-07,0
SG_008756,2026-03-22,1
SG_008757,2026-01-03,0
SG_008758,2026-11-08,0
SG_008760,2026-03-27,0
SG_008761,2025-06-10,0
SG_008762,2026-02-19,0
SG_008763,2026-07-27,1
SG_008764,2025-02-15,0
SG_008765,2025-09-08,0
SG_008767,2025-08-21,0
SG_008768,2025-08-17,1
SG_008772,2025-01-19,0
SG_008775,2025-10-23,0
SG_008778,2025-02-23,1
SG_008779,2026-06-07,0
SG_008781,2025-10-08,0
SG_008783,2026-08-09,0
SG_008786,2026-12-23,0
SG_008788,2025-12-04,1
SG_008790,2026-04-09,1
SG_008791,2025-09-23,0
SG_008792,2025-10-16,0
SG_008794,2025-03-09,0
SG_008795,2025-02-19,0
SG_008796,2026-08-02,0
SG_008797,2025-03-18,0
SG_008799,2025-02-24,1
SG_008800,2026-02-20,0
SG_008801,2025-07-22,1
SG_008802,2026-04-06,0
SG_008803,2025-04-27,0
SG_008804,2025-07-20,0
SG_008805,2025-01-01,1
SG_008806,2026-11-24,0
SG_008807,2026-05-17,0
SG_008808,2025-05-20,1
SG_008809,2026-01-22,0
SG_008811,2025-12-12,0
SG_008812,2026-07-29,0
SG_008813,2025-11-28,0
SG_008814,2026-11-26,1
SG_008815,2026-05-16,0
SG_008817,2025-05-14,0
SG_008818,2025-11-25,1
SG_008819,2026-02-27,0
SG_008820,2026-04-10,0
SG_008821,2026-02-25,1
SG_008822,2025-10-24,1
SG_008826,2026-08-17,0
SG_008827,2025-03-31,0
SG_008829,2025-09-28,0
SG_008830,2025-04-07,0
SG_008831,2026-05-27,0
SG_008832,2026-02-09,0
SG_008833,2025-07-12,0
SG_008834,2026-03-19,0
SG_008835,2025-02-26,1
SG_008837,2026-11-21,0
SG_008838,2026-04-09,0
SG_008842,2026-10-25,0
SG_008846,2025-12-28,0
SG_008847,2025-02-22,0
SG_008848,2025-03-03,0
SG_008851,2025-12-14,1
SG_008852,2026-12-13,0
SG_008854,2025-10-27,0
SG_008856,2026-03-17,1
SG_008857,2025-08-20,0
SG_008858,2025-07-25,0
SG_008860,2025-12-05,1
SG_008861,2025-06-01,0
SG_008863,2025-07-14,1
SG_008868,2025-09-24,1
SG_008870,2025-11-13,0
SG_008871,2026-05-18,0
SG_008872,2025-12-17,0
SG_008873,2025-10-27,0
SG_008874,2026-03-31,0
SG_008875,2025-10-13,0
SG_008877,2025-11-24,0
SG_008878,2025-08-25,0
SG_008879,2025-10-25,0
SG_008880,2026-12-13,1
SG_008882,2025-01-25,0
SG_008884,2026-02-03,0
SG_008885,2026-04-14,0
SG_008886,2025-12-26,1
SG_008887,2026-01-10,0
SG_008890,2026-01-27,0
SG_008891,2025-12-06,1
SG_008892,2025-04-07,0
SG_008893,2025-05-12,1
SG_008894,2025-10-07,0
SG_008896,2026-06-20,0
SG_008898,2026-07-08,0
SG_008899,2025-07-15,1
SG_008900,2025-09-04,0
SG_008902,2025-12-09,0
SG_008903,2025-04-17,1
SG_008904,2026-02-13,1
SG_008906,2025-11-24,0
SG_008909,2026-04-08,0
SG_008911,2025-12-22,1
SG_008912,2025-01-28,1
SG_008915,2026-09-04,0
SG_008916,2025-08-02,1
SG_008918,2026-02-08,0
SG_008921,2025-10-03,0
SG_008922,2026-02-22,0
SG_008923,2025-01-22,0
SG_008924,2025-11-22,0
SG_008928,2025-07-17,0
SG_008929,2026-08-01,1
SG_008931,2026-03-29,0
SG_008933,2025-12-23,0
SG_008935,2025-12-11,0
SG_008936,2026-02-13,0
SG_008938,2026-08-24,0
SG_008939,2025-06-12,1
SG_008941,2025-07-18,0
SG_008942,2025-12-22,0
SG_008944,2026-04-14,0
SG_008945,2025-04-11,1
SG_008946,2026-04-04,0
SG_008948,2025-04-17,0
SG_008949,2025-11-26,0
SG_008950,2026-03-19,0
SG_008951,2026-06-24,0
SG_008952,2025-10-29,0
SG_008953,2025-05-24,0
SG_008954,2025-06-14,1
SG_008956,2025-07-07,0
SG_008957,2025-08-15,0
SG_008958,2025-09-01,1
SG_008959,2026-02-01,0
SG_008961,2026-12-04,1
SG_008963,2026-09-13,0
SG_008967,2026-05-10,0
SG_008968,2026-07-16,1
SG_008969,2026-06-25,0
SG_008970,2026-06-25,1
SG_008973,2025-11-23,0
SG_008974,2026-04-23,1
SG_008975,2026-08-13,1
SG_008977,2026-12-05,0
SG_008979,2026-07-07,1
SG_008980,2026-01-25,0
SG_008981,2026-01-19,0
SG_008982,2025-12-24,1
SG_008984,2026-11-18,1
SG_008985,2025-10-02,1
SG_008986,2025-08-19,0
SG_008987,2026-08-21,0
SG_008988,2025-10-06,0
SG_008991,2025-10-10,0
SG_008992,2025-08-23,0
SG_008993,2026-11-27,1
SG_008995,2025-09-27,0
SG_008997,2026-02-12,1
SG_009000,2025-12-07,0
SG_009002,2026-05-20,0
SG_009003,2025-10-01,0
SG_009004,2026-08-04,1
SG_009007,2025-12-31,0
SG_009008,2025-11-07,0
SG_009009,2025-08-22,0
SG_009010,2025-02-14,0
SG_009012,2026-10-13,0
SG_009013,2025-08-22,0
SG_009014,2025-10-23,0
SG_009015,2025-01-08,0
SG_009016,2025-12-05,0
SG_009019,2026-09-08,0
SG_009020,2025-02-24,0
SG_009021,2025-11-11,0
SG_009022,2026-11-08,0
SG_009023,2025-05-19,0
SG_009024,2026-11-26,1
SG_009025,2026-12-22,0
SG_009026,2026-09-29,0
SG_009027,2025-11-20,0
SG_009028,2025-06-21,1
SG_009029,2025-07-20,0
SG_009030,2025-05-27,0
SG_009031,2026-09-13,0
SG_009033,2026-02-03,0
SG_009035,2026-06-12,0
SG_009036,2025-07-13,0
SG_009037,2026-05-03,0
SG_009038,2025-07-03,1
SG_009039,2025-05-26,1
SG_009040,2026-01-22,0
SG_009041,2025-11-23,0
SG_009042,2026-05-04,0
SG_009044,2026-03-27,0
SG_009045,2025-07-06,0
SG_009046,2026-02-12,1
SG_009049,2025-11-23,0
SG_009050,2025-03-09,0
SG_009051,2025-02-05,0
SG_009052,2026-02-25,0
SG_009054,2025-04-16,1
SG_009056,2026-01-27,0
SG_009057,2026-04-12,0
SG_009059,2025-08-24,0
SG_009060,2026-04-21,0
SG_009061,2025-01-01,0
SG_009062,2026-01-15,0
SG_009066,2026-06-19,1
SG_009067,2025-03-11,0
SG_009068,2026-04-30,0
SG_009071,2025-04-11,1
SG_009073,2026-01-17,0
SG_009074,2025-12-23,0
SG_009076,2025-08-23,0
SG_009077,2025-10-13,0
SG_009078,2026-08-20,0
SG_009082,2025-05-02,0
SG_009084,2025-04-01,0
SG_009086,2026-05-29,0
SG_009087,2026-03-27,0
SG_009088,2025-12-19,0
SG_009089,2026-05-10,0
SG_009090,2026-03-23,1
SG_009092,2025-11-07,0
SG_009094,2026-07-16,0
SG_009095,2026-03-11,0
SG_009096,2026-04-01,0
SG_009097,2026-11-07,0
SG_009098,2026-02-21,1
SG_009099,2025-09-03,0
SG_009101,2025-09-25,0
SG_009102,2025-10-09,0
SG_009103,2025-06-29,0
SG_009104,2025-11-08,0
SG_009105,2025-04-04,0
SG_009106,2026-03-25,0
SG_009107,2025-11-26,1
SG_009108,2026-12-10,0
SG_009110,2025-07-19,1
SG_009111,2026-07-29,0
SG_009112,2025-01-06,1
SG_009113,2026-03-23,0
SG_009114,2026-07-18,0
SG_009116,2025-11-18,0
SG_009117,2025-05-27,0
SG_009118,2025-05-30,0
SG_009121,2025-07-02,0
SG_009122,2025-04-04,0
SG_009125,2026-05-12,0
SG_009126,2025-03-15,0
SG_009129,2025-12-10,0
SG_009130,2025-06-28,0
SG_009131,2026-01-04,0
SG_009132,2026-02-06,1
SG_009133,2026-04-03,1
SG_009134,2026-04-10,0
SG_009137,2025-07-18,0
SG_009138,2025-08-01,0
SG_009140,2026-05-02,0
SG_009141,2025-07-29,0
SG_009142,2026-02-27,1
SG_009143,2025-06-22,0
SG_009144,2025-08-13,0
SG_009145,2026-12-23,0
SG_009148,2026-06-14,0
SG_009151,2026-02-15,0
SG_009154,2026-05-30,0
SG_009155,2026-05-28,0
SG_009156,2026-04-12,0
SG_009157,2025-12-03,1
SG_009158,2025-12-01,1
SG_009160,2026-10-11,0
SG_009161,2025-03-03,0
SG_009162,2026-05-06,0
SG_009163,2025-07-20,0
SG_009164,2025-08-27,0
SG_009165,2025-12-28,0
SG_009166,2026-03-30,0
SG_009167,2026-03-02,0
SG_009171,2026-06-18,0
SG_009173,2026-07-10,0
SG_009174,2025-12-01,0
SG_009175,2025-02-08,0
SG_009177,2025-11-23,1
SG_009178,2026-08-15,1
SG_009180,2025-02-05,0
SG_009181,2025-07-03,0
SG_009182,2025-09-22,0
SG_009184,2026-08-03,0
SG_009185,2026-03-26,0
SG_009186,2026-03-31,1
SG_009187,2026-07-18,0
SG_009188,2026-06-06,1
SG_009189,2026-05-23,1
SG_009190,2025-11-14,1
SG_009191,2025-12-01,1
SG_009192,2026-04-28,0
SG_009194,2026-09-27,0
SG_009195,2025-09-10,0
SG_009197,2026-03-09,1
SG_009198,2026-03-09,0
SG_009200,2026-03-23,0
SG_009201,2026-11-07,0
SG_009205,2026-06-12,0
SG_009208,2025-07-06,0
SG_009211,2026-08-16,0
SG_009212,2025-08-26,0
SG_009213,2026-09-07,0
SG_009215,2025-08-12,0
SG_009216,2026-12-01,1
SG_009217,2025-08-07,0
SG_009218,2025-03-17,0
SG_009219,2025-09-28,0
SG_009221,2026-05-01,1
SG_009222,2026-05-24,0
SG_009227,2025-11-04,0
SG_009228,2026-09-17,1
SG_009231,2026-05-29,1
SG_009232,2026-09-04,0
SG_009233,2026-04-19,0
SG_009234,2026-08-14,0
SG_009235,2026-11-09,0
SG_009237,2025-06-12,1
SG_009238,2025-05-15,1
SG_009239,2025-01-06,0
SG_009240,2026-08-06,0
SG_009241,2026-08-22,0
SG_009243,2025-01-18,0
SG_009244,2025-09-05,0
SG_009245,2026-12-29,0
SG_009247,2026-04-01,0
SG_009248,2026-05-13,0
SG_009249,2025-01-06,0
SG_009251,2025-12-22,0
SG_009252,2026-09-22,0
SG_009254,2025-12-22,0
SG_009255,2025-07-11,0
SG_009256,2025-12-10,0
SG_009257,2026-02-01,0
SG_009258,2026-03-09,0
SG_009259,2025-01-18,0
SG_009260,2026-08-17,0
SG_009261,2025-03-21,0
SG_009262,2026-07-28,0
SG_009263,2026-06-23,0
SG_009264,2025-03-09,0
SG_009265,2026-10-07,0
SG_009267,2026-07-26,1
SG_009269,2026-01-16,0
SG_009270,2025-08-24,1
SG_009271,2026-08-25,0
SG_009275,2025-06-27,0
SG_009276,2025-02-18,0
SG_009282,2025-09-20,0
SG_009283,2026-09-11,0
SG_009284,2026-06-12,0
SG_009285,2025-10-08,0
SG_009286,2026-04-12,0
SG_009287,2025-12-01,1
SG_009288,2025-05-24,0
SG_009291,2025-11-19,0
SG_009292,2025-10-02,0
SG_009293,2026-01-18,1
SG_009294,2025-02-12,0
SG_009295,2026-05-10,0
SG_009296,2026-09-30,0
SG_009297,2026-01-23,0
SG_009298,2025-12-16,0
SG_009301,2026-05-17,1
SG_009302,2026-12-03,1
SG_009303,2025-08-06,0
SG_009304,2025-11-09,0
SG_009306,2026-03-13,0
SG_009308,2026-10-24,0
SG_009309,2026-06-25,0
SG_009310,2026-07-24,0
SG_009311,2025-06-08,0
SG_009312,2025-12-04,0
SG_009313,2026-07-31,0
SG_009314,2025-12-12,0
SG_009315,2025-09-28,0
SG_009316,2025-12-19,0
SG_009317,2026-04-16,0
SG_009318,2026-06-02,1
SG_009320,2026-11-03,0
SG_009321,2026-04-12,0
SG_009322,2026-10-30,0
SG_009323,2026-04-29,0
SG_009324,2026-07-23,0
SG_009325,2025-04-03,0
SG_009326,2026-07-29,0
SG_009327,2025-11-02,1
SG_009329,2026-04-01,0
SG_009330,2025-02-22,1
SG_009331,2025-10-07,1
SG_009332,2025-10-19,0
SG_009334,2026-06-20,0
SG_009336,2025-09-01,0
SG_009337,2026-06-11,0
SG_009338,2025-02-21,1
SG_009339,2026-04-29,0
SG_009340,2026-06-22,0
SG_009342,2025-02-10,0
SG_009343,2025-02-05,1
SG_009344,2025-09-26,0
SG_009345,2025-06-03,0
SG_009346,2026-08-22,0
SG_009348,2026-12-27,0
SG_009349,2025-06-14,0
SG_009350,2026-04-01,0
SG_009351,2026-03-15,1
SG_009352,2025-06-13,0
SG_009353,2026-07-15,1
SG_009356,2025-07-17,0
SG_009358,2026-05-07,0
SG_009359,2025-07-29,0
SG_009360,2026-09-01,0
SG_009361,2026-10-10,0
SG_009364,2025-11-12,0
SG_009368,2025-09-23,0
SG_009369,2026-06-23,0
SG_009371,2026-02-18,0
SG_009372,2026-12-30,0
SG_009373,2026-02-26,0
SG_009374,2026-01-21,0
SG_009375,2025-04-11,0
SG_009376,2026-07-19,0
SG_009377,2025-08-31,0
SG_009378,2025-07-11,0
SG_009379,2026-08-23,0
SG_009380,2025-03-17,0
SG_009381,2025-01-11,0
SG_009382,2026-06-20,0
SG_009383,2025-02-25,1
SG_009384,2025-07-20,0
SG_009385,2025-01-06,0
SG_009387,2025-03-19,0
SG_009388,2025-05-23,0
SG_009389,2025-10-29,0
SG_009390,2026-01-20,0
SG_009391,2025-04-26,0
SG_009393,2026-07-23,0
SG_009394,2025-07-04,0
SG_009395,2026-07-06,0
SG_009396,2026-05-15,0
SG_009397,2025-08-17,1
SG_009399,2025-07-14,0
SG_009401,2025-07-31,0
SG_009405,2025-04-18,0
SG_009414,2025-08-18,0
SG_009416,2026-07-27,0
SG_009418,2025-10-15,0
SG_009420,2026-11-28,1
SG_009421,2025-03-31,0
SG_009422,2026-06-18,0
SG_009423,2026-12-11,1
SG_009424,2026-03-07,0
SG_009428,2026-04-28,1
SG_009430,2025-09-06,0
SG_009431,2026-02-16,1
SG_009432,2025-03-17,0
SG_009433,2026-06-15,0
SG_009435,2025-11-02,0
SG_009436,2026-10-06,0
SG_009437,2026-04-27,0
SG_009439,2026-04-23,0
SG_009440,2026-01-07,0
SG_009443,2026-02-18,0
SG_009448,2026-07-26,0
SG_009450,2026-12-03,0
SG_009451,2025-04-08,0
SG_009452,2025-09-02,1
SG_009453,2026-01-21,0
SG_009454,2026-02-27,0
SG_009456,2025-09-06,0
SG_009457,2025-10-26,0
SG_009459,2025-06-08,1
SG_009460,2026-07-13,0
SG_009463,2026-12-18,0
SG_009464,2025-05-30,0
SG_009465,2025-03-17,0
SG_009467,2025-11-03,0
SG_009468,2025-04-02,1
SG_009469,2026-10-28,0
SG_009470,2025-09-21,0
SG_009471,2026-02-25,0
SG_009472,2026-07-31,0
SG_009474,2025-11-20,0
SG_009475,2026-03-06,0
SG_009476,2025-08-29,0
SG_009477,2025-10-24,0
SG_009480,2026-12-02,0
SG_009482,2026-09-12,1
SG_009483,2026-02-03,0
SG_009484,2025-03-10,0
SG_009486,2026-05-24,0
SG_009487,2025-10-02,1
SG_009488,2026-01-23,0
SG_009489,2025-11-03,0
SG_009491,2026-07-26,0
SG_009492,2025-07-30,0
SG_009493,2026-05-31,0
SG_009494,2025-10-22,0
SG_009495,2025-11-13,1
SG_009497,2025-10-24,0
SG_009498,2026-02-13,0
SG_009499,2025-04-27,0
SG_009501,2025-01-25,0
SG_009503,2026-10-23,0
SG_009506,2026-04-07,0
SG_009507,2026-01-11,0
SG_009508,2025-08-26,0
SG_009509,2025-10-03,1
SG_009510,2026-12-13,0
SG_009511,2026-03-30,0
SG_009512,2026-01-23,0
SG_009513,2026-06-15,0
SG_009514,2025-11-28,0
SG_009515,2025-01-12,1
SG_009517,2026-09-11,1
SG_009520,2025-08-28,0
SG_009521,2026-03-29,0
SG_009522,2026-03-14,0
SG_009523,2026-09-13,0
SG_009524,2025-07-09,0
SG_009525,2026-09-15,0
SG_009526,2025-08-05,0
SG_009527,2025-06-16,0
SG_009531,2025-03-18,1
SG_009532,2025-12-11,0
SG_009534,2025-07-12,0
SG_009535,2026-06-21,0
SG_009536,2025-07-09,0
SG_009538,2026-08-10,1
SG_009542,2025-09-10,0
SG_009543,2025-08-31,0
SG_009545,2026-11-03,0
SG_009546,2025-12-11,0
SG_009547,2025-04-18,0
SG_009548,2026-04-25,0
SG_009549,2025-03-18,0
SG_009550,2025-12-15,0
SG_009551,2025-06-16,1
SG_009552,2026-07-22,1
SG_009553,2025-10-14,0
SG_009554,2025-11-06,0
SG_009555,2026-02-15,0
SG_009557,2025-05-01,0
SG_009559,2025-03-03,0
SG_009560,2025-06-12,0
SG_009561,2025-08-27,0
SG_009562,2026-07-22,0
SG_009563,2026-07-27,0
SG_009564,2026-07-14,0
SG_009565,2026-03-26,1
SG_009568,2026-01-27,1
SG_009570,2025-05-04,1
SG_009571,2026-07-28,0
SG_009572,2026-10-27,0
SG_009574,2025-01-30,0
SG_009575,2025-10-31,0
SG_009576,2026-03-30,1
SG_009578,2026-02-25,1
SG_009579,2025-10-05,1
SG_009580,2025-08-30,1
SG_009583,2025-09-20,0
SG_009586,2026-04-09,0
SG_009587,2026-01-13,0
SG_009588,2025-10-23,1
SG_009590,2025-01-01,0
SG_009591,2026-04-03,0
SG_009594,2025-02-25,0
SG_009595,2025-10-13,0
SG_009596,2026-02-21,1
SG_009597,2026-07-02,0
SG_009598,2025-08-22,0
SG_009599,2025-08-13,0
SG_009600,2025-02-11,0
SG_009601,2025-08-29,0
SG_009603,2025-05-02,0
SG_009604,2026-06-02,0
SG_009605,2025-02-08,0
SG_009606,2025-11-06,0
SG_009607,2025-02-01,0
SG_009608,2025-12-12,0
SG_009609,2026-12-31,1
SG_009610,2026-03-18,0
SG_009611,2025-03-06,0
SG_009612,2026-12-31,1
SG_009613,2025-08-02,1
SG_009615,2026-04-19,0
SG_009617,2025-11-29,0
SG_009621,2026-05-29,0
SG_009623,2025-11-10,0
SG_009624,2025-10-12,0
SG_009625,2026-01-21,0
SG_009626,2025-08-26,0
SG_009627,2025-10-29,0
SG_009628,2025-04-02,0
SG_009629,2025-12-17,1
SG_009631,2026-02-28,0
SG_009633,2026-10-17,1
SG_009634,2025-04-30,0
SG_009635,2026-03-06,0
SG_009636,2025-07-18,1
SG_009637,2026-01-04,0
SG_009638,2025-09-11,0
SG_009640,2026-05-23,0
SG_009641,2025-06-23,1
SG_009642,2025-01-23,1
SG_009643,2026-01-20,0
SG_009644,2026-01-12,0
SG_009645,2025-05-27,0
SG_009646,2026-04-04,1
SG_009647,2026-08-25,0
SG_009648,2026-10-11,0
SG_009650,2025-07-13,0
SG_009652,2026-07-21,0
SG_009653,2025-11-02,0
SG_009654,2026-05-22,0
SG_009655,2025-12-22,0
SG_009656,2025-02-23,0
SG_009657,2026-03-17,0
SG_009658,2026-02-23,0
SG_009659,2025-11-08,0
SG_009660,2026-07-17,1
SG_009662,2026-12-24,1
SG_009663,2026-02-14,0
SG_009664,2025-08-05,1
SG_009665,2025-04-27,0
SG_009666,2026-06-13,1
SG_009667,2025-06-24,0
SG_009668,2026-06-26,0
SG_009669,2026-01-19,0
SG_009672,2025-12-11,0
SG_009673,2025-08-17,0
SG_009674,2025-02-28,0
SG_009675,2025-02-22,0
SG_009676,2025-10-30,1
SG_009677,2025-03-18,1
SG_009678,2025-11-25,0
SG_009680,2025-02-10,0
SG_009682,2026-01-05,0
SG_009684,2025-01-17,1
SG_009685,2025-08-02,0
SG_009686,2026-05-08,0
SG_009688,2026-12-19,0
SG_009689,2025-09-13,0
SG_009692,2026-05-03,0
SG_009693,2026-06-24,0
SG_009695,2025-06-14,0
SG_009697,2025-10-15,0
SG_009698,2026-08-29,0
SG_009699,2026-05-28,0
SG_009700,2025-08-02,0
SG_009703,2026-04-10,0
SG_009704,2025-10-04,0
SG_009705,2026-12-18,0
SG_009706,2025-08-24,0
SG_009708,2025-08-21,0
SG_009709,2025-10-27,0
SG_009710,2025-02-18,0
SG_009711,2025-08-11,0
SG_009712,2025-05-04,1
SG_009713,2025-09-06,1
SG_009714,2025-10-17,0
SG_009715,2025-10-20,0
SG_009717,2025-09-20,0
SG_009719,2025-05-29,0
SG_009720,2025-11-11,0
SG_009721,2026-06-21,0
SG_009722,2025-10-03,0
SG_009723,2026-03-05,0
SG_009724,2026-04-06,0
SG_009725,2026-08-07,0
SG_009726,2026-06-08,0
SG_009728,2026-02-04,0
SG_009729,2026-04-20,0
SG_009730,2025-04-11,1
SG_009731,2025-02-16,0
SG_009732,2025-09-23,1
SG_009733,2026-07-31,0
SG_009734,2026-12-22,0
SG_009735,2025-07-25,0
SG_009737,2025-10-22,0
SG_009738,2026-06-13,1
SG_009739,2025-02-04,0
SG_009740,2026-08-30,0
SG_009742,2025-02-19,0
SG_009743,2025-07-17,0
SG_009745,2026-05-01,1
SG_009748,2025-10-08,0
SG_009749,2025-10-21,0
SG_009750,2026-07-20,0
SG_009752,2025-02-23,0
SG_009753,2025-04-19,0
SG_009755,2026-07-31,0
SG_009756,2026-09-18,1
SG_009758,2025-12-03,0
SG_009761,2025-03-01,0
SG_009764,2025-12-13,0
SG_009765,2026-06-24,0
SG_009767,2026-12-03,0
SG_009768,2026-02-15,0
SG_009769,2026-07-01,0
SG_009770,2026-03-14,0
SG_009771,2026-09-29,0
SG_009772,2025-02-17,0
SG_009773,2026-06-18,0
SG_009774,2026-03-05,0
SG_009775,2026-09-23,0
SG_009777,2025-08-24,0
SG_009779,2025-05-31,0
SG_009781,2025-11-24,0
SG_009784,2026-01-02,0
SG_009787,2025-07-26,0
SG_009788,2026-06-29,0
SG_009789,2026-02-24,0
SG_009790,2026-08-14,0
SG_009792,2025-07-10,0
SG_009793,2026-01-11,1
SG_009796,2026-02-20,0
SG_009797,2026-10-28,0
SG_009798,2026-12-22,0
SG_009801,2025-10-15,0
SG_009802,2025-01-29,0
SG_009803,2025-08-14,0
SG_009804,2025-12-09,0
SG_009805,2025-07-26,1
SG_009806,2025-02-22,0
SG_009807,2025-03-13,0
SG_009808,2026-01-18,0
SG_009809,2025-07-26,0
SG_009810,2025-09-16,0
SG_009811,2025-01-23,0
SG_009812,2025-01-26,0
SG_009813,2026-04-08,0
SG_009815,2025-06-23,0
SG_009816,2026-07-31,0
SG_009817,2025-01-28,0
SG_009818,2025-01-31,1
SG_009820,2026-04-04,0
SG_009821,2025-11-03,0
SG_009822,2026-05-06,1
SG_009823,2026-03-22,0
SG_009826,2025-01-28,0
SG_009827,2025-03-25,0
SG_009828,2026-09-02,0
SG_009830,2026-07-31,0
SG_009831,2025-08-14,0
SG_009832,2026-03-01,0
SG_009833,2026-09-13,0
SG_009835,2025-07-13,0
SG_009836,2026-02-17,0
SG_009839,2025-11-14,0
SG_009840,2025-06-14,0
SG_009841,2025-03-08,0
SG_009842,2026-05-18,0
SG_009844,2025-07-15,0
SG_009846,2025-07-22,0
SG_009847,2026-02-06,0
SG_009848,2025-07-04,0
SG_009849,2025-05-29,0
SG_009850,2026-07-09,0
SG_009852,2025-04-06,0
SG_009853,2025-01-18,0
SG_009854,2025-02-10,1
SG_009857,2026-07-12,0
SG_009858,2026-07-08,0
SG_009859,2025-11-12,0
SG_009860,2025-03-31,0
SG_009861,2025-09-04,0
SG_009863,2026-08-07,0
SG_009864,2025-10-02,0
SG_009866,2025-12-23,0
SG_009871,2026-07-12,0
SG_009872,2025-06-19,0
SG_009873,2026-03-02,0
SG_009874,2025-09-29,1
SG_009879,2026-02-24,1
SG_009882,2026-10-13,0
SG_009883,2025-12-27,0
SG_009884,2026-03-04,0
SG_009885,2025-07-30,0
SG_009886,2025-10-31,0
SG_009887,2026-01-13,0
SG_009888,2025-08-18,0
SG_009889,2026-02-22,0
SG_009890,2026-04-02,0
SG_009891,2026-11-25,1
SG_009892,2026-03-31,0
SG_009893,2025-07-14,0
SG_009894,2026-08-23,0
SG_009896,2025-03-23,1
SG_009897,2025-12-12,1
SG_009898,2025-02-09,0
SG_009899,2026-12-06,0
SG_009900,2025-12-05,0
SG_009901,2025-02-08,0
SG_009902,2025-06-17,0
SG_009903,2025-01-27,0
SG_009904,2025-10-30,0
SG_009906,2025-07-16,0
SG_009907,2026-11-10,0
SG_009908,2025-08-30,0
SG_009910,2025-09-08,0
SG_009911,2026-10-28,0
SG_009912,2025-08-10,0
SG_009913,2026-03-18,0
SG_009915,2025-07-19,0
SG_009917,2026-01-14,0
SG_009918,2025-09-15,1
SG_009919,2025-08-20,0
SG_009920,2025-10-11,0
SG_009922,2026-09-14,1
SG_009924,2026-09-11,0
SG_009925,2026-06-07,0
SG_009927,2025-10-26,0
SG_009928,2025-02-02,0
SG_009930,2025-04-24,0
SG_009931,2025-02-20,0
SG_009934,2026-06-24,0
SG_009938,2025-07-21,1
SG_009939,2026-02-25,0
SG_009940,2026-07-10,0
SG_009943,2025-12-27,0
SG_009944,2025-10-04,0
SG_009945,2026-01-06,0
SG_009946,2025-02-17,0
SG_009947,2026-07-17,0
SG_009948,2026-02-04,0
SG_009949,2025-07-27,0
SG_009950,2025-10-21,0
SG_009951,2026-10-29,0
SG_009952,2026-11-27,0
SG_009954,2025-10-19,0
SG_009955,2025-06-02,0
SG_009957,2025-04-12,0
SG_009958,2026-11-27,0
SG_009960,2025-11-27,0
SG_009961,2026-11-26,0
SG_009962,2025-02-04,0
SG_009963,2025-08-17,0
SG_009965,2025-04-26,0
SG_009966,2026-11-26,0
SG_009967,2025-03-26,1
SG_009968,2026-05-18,0
SG_009969,2026-02-01,0
SG_009970,2026-08-17,0
SG_009971,2025-09-10,0
SG_009973,2025-08-19,0
SG_009974,2026-12-12,0
SG_009975,2025-08-13,1
SG_009976,2025-10-19,1
SG_009978,2025-03-31,0
SG_009980,2026-03-22,0
SG_009981,2026-11-10,0
SG_009983,2025-08-16,0
SG_009984,2025-03-14,0
SG_009986,2026-01-06,0
SG_009988,2025-03-13,0
SG_009990,2026-05-30,0
SG_009991,2025-12-10,0
SG_009992,2025-08-11,0
SG_009994,2025-09-02,0
SG_009995,2026-11-23,0
SG_009996,2025-09-10,0
SG_009998,2025-11-27,0
SG_010000,2026-05-15,0
SG_010001,2025-07-20,0
SG_010003,2026-03-03,0
SG_010004,2025-05-31,0
SG_010005,2026-02-27,1
SG_010006,2026-11-03,0
SG_010013,2025-11-03,0
SG_010016,2026-08-12,0
SG_010017,2026-08-18,0
SG_010018,2025-11-25,0
SG_010022,2026-01-31,0
SG_010023,2025-03-21,0
SG_010026,2026-01-14,0
SG_010027,2025-01-04,0
SG_010028,2026-02-03,0
SG_010029,2025-02-02,0
SG_010030,2025-11-05,0
SG_010031,2026-08-27,0
SG_010032,2026-07-28,1
SG_010033,2026-06-22,1
SG_010035,2026-01-11,0
SG_010036,2026-03-31,0
SG_010039,2025-05-11,0
SG_010040,2026-06-28,0
SG_010041,2025-03-11,0
SG_010043,2026-04-15,1
SG_010044,2025-01-07,0
SG_010046,2026-05-14,0
SG_010049,2025-04-22,1
SG_010051,2026-07-23,0
SG_010053,2026-09-01,0
SG_010054,2026-08-20,0
SG_010055,2025-11-12,0
SG_010056,2025-03-16,0
SG_010057,2026-06-15,0
SG_010059,2026-11-28,0
SG_010060,2026-04-28,0
SG_010062,2026-07-21,0
SG_010063,2025-04-04,1
SG_010064,2025-08-24,0
SG_010065,2026-01-06,0
SG_010066,2025-04-25,0
SG_010067,2026-10-04,0
SG_010070,2026-04-10,0
SG_010071,2025-03-07,0
SG_010072,2025-07-01,0
SG_010073,2025-10-12,1
SG_010075,2025-11-15,0
SG_010076,2026-10-16,0
SG_010077,2025-10-18,1
SG_010079,2025-05-11,0
SG_010080,2026-02-16,0
SG_010082,2026-05-02,0
SG_010083,2025-07-09,0
SG_010087,2026-11-20,1
SG_010089,2026-12-08,0
SG_010090,2025-11-18,0
SG_010093,2025-05-21,0
SG_010094,2025-08-31,1
SG_010095,2025-10-26,0
SG_010096,2025-09-14,0
SG_010097,2025-04-13,0
SG_010098,2026-02-20,0
SG_010100,2025-01-05,0
SG_010102,2025-08-27,0
SG_010105,2026-06-15,0
SG_010107,2025-12-28,0
SG_010108,2026-11-27,0
SG_010110,2026-02-05,0
SG_010111,2026-08-18,0
SG_010112,2025-03-22,0
SG_010113,2025-09-20,0
SG_010114,2026-04-26,0
SG_010118,2026-11-03,0
SG_010119,2025-07-08,1
SG_010120,2025-05-16,0
SG_010121,2026-12-30,0
SG_010122,2026-12-12,0
SG_010124,2026-01-29,0
SG_010125,2025-11-23,0
SG_010126,2025-08-12,0
SG_010127,2025-02-07,0
SG_010128,2026-09-08,0
SG_010129,2025-08-16,0
SG_010131,2026-02-05,0
SG_010133,2025-11-21,0
SG_010135,2026-02-01,0
SG_010136,2026-02-09,1
SG_010137,2026-12-11,0
SG_010138,2026-04-17,1
SG_010139,2025-11-06,0
SG_010140,2026-02-17,0
SG_010141,2025-10-28,0
SG_010143,2025-09-29,0
SG_010145,2026-05-10,0
SG_010147,2026-04-18,0
SG_010148,2025-09-07,0
SG_010149,2025-06-18,0
SG_010150,2026-06-26,0
SG_010152,2025-08-09,1
SG_010154,2025-02-28,0
SG_010156,2026-10-04,0
SG_010158,2026-03-19,0
SG_010159,2025-02-11,0
SG_010160,2025-12-13,0
SG_010161,2025-02-01,0
SG_010162,2026-04-18,0
SG_010163,2026-02-21,0
SG_010164,2025-07-13,0
SG_010167,2026-05-05,0
SG_010168,2025-11-11,0
SG_010171,2026-02-06,0
SG_010177,2025-10-19,0
SG_010178,2025-08-29,0
SG_010179,2026-02-22,0
SG_010180,2025-04-19,0
SG_010181,2026-11-20,0
SG_010185,2025-08-10,0
SG_010186,2025-06-15,0
SG_010188,2026-08-29,0
SG_010189,2026-05-15,0
SG_010190,2026-12-02,1
SG_010191,2025-07-07,1
SG_010192,2025-10-20,0
SG_010193,2026-12-08,0
SG_010194,2026-06-24,0
SG_010196,2026-01-26,0
SG_010197,2026-02-25,1
SG_010201,2026-07-02,0
SG_010202,2026-06-02,0
SG_010203,2026-10-11,1
SG_010205,2025-07-04,0
SG_010207,2026-04-03,0
SG_010211,2026-06-21,0
SG_010212,2026-02-08,0
SG_010214,2025-09-29,0
SG_010215,2025-09-05,0
SG_010216,2025-11-15,1
SG_010218,2025-10-26,0
SG_010219,2026-07-06,0
SG_010220,2025-07-13,0
SG_010221,2025-03-26,0
SG_010222,2026-11-05,0
SG_010223,2026-12-22,0
SG_010224,2026-12-30,1
SG_010225,2025-10-22,0
SG_010228,2026-02-27,0
SG_010229,2026-02-24,0
SG_010230,2025-04-06,0
SG_010231,2025-05-20,0
SG_010232,2025-09-15,0
SG_010233,2026-03-30,0
SG_010236,2026-01-11,0
SG_010237,2025-05-07,0
SG_010239,2025-08-23,0
SG_010240,2025-03-08,0
SG_010244,2026-10-20,0
SG_010245,2026-06-23,1
SG_010247,2025-02-07,0
SG_010248,2025-09-12,0
SG_010249,2026-03-22,0
SG_010250,2026-01-20,0
SG_010251,2025-12-29,0
SG_010254,2025-12-04,0
SG_010255,2026-01-16,1
SG_010260,2025-07-18,0
SG_010262,2025-06-23,0
SG_010264,2025-09-13,0
SG_010266,2025-10-30,0
SG_010268,2025-08-14,0
SG_010269,2025-07-20,0
SG_010270,2025-09-04,0
SG_010272,2025-08-30,0
SG_010275,2025-07-09,0
SG_010276,2026-03-21,0
SG_010278,2025-03-21,1
SG_010279,2026-03-18,0
SG_010280,2025-01-23,0
SG_010281,2025-10-02,0
SG_010282,2025-11-05,1
SG_010283,2026-03-04,1
SG_010285,2026-03-16,0
SG_010289,2025-09-27,0
SG_010290,2026-01-18,0
SG_010291,2026-10-12,0
SG_010292,2025-02-02,0
SG_010295,2026-08-29,0
SG_010296,2026-05-26,1
SG_010297,2026-05-03,0
SG_010299,2025-12-05,0
SG_010300,2026-08-07,0
SG_010301,2025-08-02,1
SG_010302,2025-03-24,0
SG_010303,2025-05-11,0
SG_010304,2026-01-15,0
SG_010305,2025-08-09,0
SG_010307,2025-10-11,0
SG_010308,2025-04-30,1
SG_010309,2026-06-22,1
SG_010310,2026-04-03,0
SG_010311,2025-09-07,0
SG_010312,2025-03-12,0
SG_010314,2026-01-06,0
SG_010317,2026-03-16,0
SG_010318,2026-02-07,0
SG_010321,2025-10-16,0
SG_010324,2025-01-13,0
SG_010325,2026-06-19,0
SG_010327,2026-04-28,0
SG_010331,2025-12-18,0
SG_010333,2026-01-14,0
SG_010334,2026-02-16,0
SG_010335,2025-10-13,0
SG_010337,2026-10-10,0
SG_010338,2025-01-29,1
SG_010339,2026-09-14,0
SG_010340,2025-02-08,0
SG_010341,2026-10-19,0
SG_010342,2025-11-30,0
SG_010343,2025-06-18,0
SG_010345,2025-02-04,0
SG_010346,2025-10-09,1
SG_010348,2025-03-28,0
SG_010349,2025-12-17,0
SG_010351,2025-02-05,0
SG_010353,2026-02-28,1
SG_010355,2026-12-29,0
SG_010356,2025-08-02,0
SG_010357,2025-10-17,0
SG_010359,2025-12-21,0
SG_010360,2025-05-02,0
SG_010361,2026-09-15,0
SG_010362,2026-05-05,0
SG_010363,2025-12-20,1
SG_010364,2025-09-22,0
SG_010365,2026-03-02,0
SG_010366,2025-04-05,1
SG_010367,2025-08-02,0
SG_010368,2026-12-12,0
SG_010369,2026-01-15,0
SG_010370,2025-02-14,0
SG_010372,2025-09-11,1
SG_010374,2025-02-03,0
SG_010375,2025-06-27,0
SG_010376,2025-10-14,0
SG_010377,2026-07-12,0
SG_010378,2026-12-13,0
SG_010380,2026-01-16,1
SG_010381,2025-05-24,0
SG_010382,2026-06-20,0
SG_010383,2025-04-20,0
SG_010384,2025-07-21,0
SG_010385,2026-10-08,0
SG_010387,2025-01-04,0
SG_010388,2025-07-17,0
SG_010389,2025-10-16,1
SG_010390,2025-09-06,0
SG_010391,2026-01-13,0
SG_010392,2025-01-22,0
SG_010395,2025-05-16,0
SG_010396,2025-02-09,0
SG_010397,2025-02-08,0
SG_010398,2025-02-17,0
SG_010400,2026-07-11,0
SG_010402,2025-10-26,0
SG_010403,2026-04-04,0
SG_010405,2025-11-21,0
SG_010408,2026-01-28,0
SG_010410,2026-08-06,1
SG_010411,2025-10-15,1
SG_010413,2026-06-28,0
SG_010414,2025-10-10,0
SG_010415,2026-11-02,0
SG_010416,2025-12-09,0
SG_010417,2026-01-05,0
SG_010419,2026-03-19,0
SG_010421,2026-04-05,0
SG_010422,2025-02-27,0
SG_010423,2025-10-23,0
SG_010426,2025-03-10,1
SG_010427,2026-03-11,1
SG_010429,2026-12-02,0
SG_010432,2025-07-30,0
SG_010433,2026-03-08,0
SG_010434,2026-04-08,0
SG_010436,2026-06-15,0
SG_010437,2025-12-15,1
SG_010438,2026-06-08,0
SG_010439,2025-07-18,0
SG_010440,2025-11-23,1
SG_010441,2025-03-08,0
SG_010443,2025-11-09,0
SG_010444,2026-12-20,0
SG_010445,2026-02-12,0
SG_010446,2025-11-05,1
SG_010447,2026-05-30,1
SG_010448,2025-05-05,0
SG_010449,2026-04-17,1
SG_010450,2026-02-28,0
SG_010451,2026-07-18,0
SG_010452,2026-02-05,0
SG_010453,2025-07-01,0
SG_010454,2026-06-03,0
SG_010456,2026-01-25,0
SG_010457,2026-01-15,0
SG_010458,2026-09-10,0
SG_010463,2026-11-27,0
SG_010464,2026-03-27,0
SG_010466,2025-09-06,0
SG_010468,2026-10-24,0
SG_010471,2026-04-21,0
SG_010473,2025-11-20,1
SG_010474,2025-10-04,0
SG_010476,2025-09-14,0
SG_010478,2025-10-12,1
SG_010479,2026-12-08,0
SG_010480,2025-10-07,1
SG_010484,2026-02-26,0
SG_010488,2026-02-08,0
SG_010489,2025-10-31,0
SG_010491,2025-02-08,0
SG_010494,2025-12-14,0
SG_010496,2026-12-26,0
SG_010497,2026-01-19,0
SG_010500,2026-09-03,0
SG_010502,2025-08-27,0
SG_010504,2025-07-23,0
SG_010508,2026-04-09,1
SG_010511,2025-02-17,0
SG_010512,2025-05-12,0
SG_010513,2026-06-02,0
SG_010514,2026-03-06,0
SG_010516,2026-01-15,1
SG_010519,2025-08-29,0
SG_010520,2026-08-06,0
SG_010521,2025-08-05,0
SG_010522,2025-03-31,0
SG_010523,2026-11-05,0
SG_010524,2025-05-06,0
SG_010525,2026-02-16,0
SG_010526,2026-01-01,1
SG_010527,2025-09-05,0
SG_010528,2025-06-20,0
SG_010529,2026-09-14,0
SG_010530,2025-08-08,0
SG_010532,2026-03-10,0
SG_010533,2026-03-10,0
SG_010534,2026-04-29,0
SG_010535,2026-12-09,1
SG_010536,2025-02-02,0
SG_010537,2025-08-14,0
SG_010538,2025-06-04,0
SG_010539,2026-11-25,1
SG_010540,2025-12-06,0
SG_010541,2026-11-05,0
SG_010542,2025-05-09,0
SG_010543,2025-07-01,0
SG_010544,2025-06-20,0
SG_010545,2025-01-15,0
SG_010548,2026-01-29,0
SG_010549,2025-01-29,0
SG_010551,2025-10-23,1
SG_010554,2026-01-23,0
SG_010556,2026-04-09,1
SG_010557,2026-10-12,1
SG_010558,2025-02-08,0
SG_010559,2025-05-20,0
SG_010560,2025-12-22,1
SG_010564,2026-04-30,0
SG_010565,2026-06-05,0
SG_010566,2026-03-27,1
SG_010567,2026-05-02,0
SG_010568,2026-04-19,0
SG_010570,2026-04-11,0
SG_010572,2026-02-07,0
SG_010573,2025-08-22,0
SG_010574,2025-05-17,0
SG_010575,2026-05-19,0
SG_010576,2026-11-27,0
SG_010580,2026-05-29,0
SG_010581,2026-03-15,0
SG_010583,2025-04-29,0
SG_010584,2025-12-22,0
SG_010587,2026-05-02,0
SG_010591,2025-07-16,0
SG_010593,2025-09-13,0
SG_010595,2026-06-25,0
SG_010596,2026-09-08,0
SG_010597,2025-11-19,0
SG_010599,2026-05-13,0
SG_010601,2026-02-20,1
SG_010602,2026-08-19,0
SG_010603,2026-06-08,0
SG_010604,2026-03-05,0
SG_010605,2025-11-16,0
SG_010606,2025-10-20,0
SG_010608,2025-12-27,0
SG_010609,2025-01-28,0
SG_010610,2026-07-03,0
SG_010612,2025-09-06,0
SG_010613,2026-05-14,0
SG_010614,2025-02-01,0
SG_010617,2026-01-03,0
SG_010618,2025-12-20,0
SG_010620,2025-12-16,0
SG_010621,2026-04-28,0
SG_010622,2026-06-20,0
SG_010623,2025-10-23,1
SG_010624,2025-07-27,0
SG_010625,2026-01-01,1
SG_010626,2026-05-18,0
SG_010628,2025-06-27,0
SG_010629,2026-07-29,0
SG_010630,2025-02-23,0
SG_010631,2025-12-12,1
SG_010632,2026-08-17,0
SG_010633,2026-04-16,0
SG_010637,2026-03-19,0
SG_010638,2025-12-22,0
SG_010639,2025-07-02,0
SG_010640,2026-06-19,1
SG_010641,2025-03-13,0
SG_010642,2025-12-01,0
SG_010643,2026-09-14,1
SG_010644,2025-02-08,0
SG_010645,2026-03-31,1
SG_010646,2026-07-08,0
SG_010647,2026-01-05,0
SG_010648,2025-09-12,0
SG_010650,2025-08-16,0
SG_010652,2026-05-19,0
SG_010654,2025-01-03,0
SG_010656,2026-05-20,0
SG_010657,2026-01-07,0
SG_010658,2025-12-25,0
SG_010660,2026-08-10,0
SG_010661,2026-05-27,0
SG_010663,2025-04-08,1
SG_010665,2026-01-30,0
SG_010667,2025-08-22,0
SG_010669,2025-07-20,0
SG_010671,2025-06-01,0
SG_010672,2025-10-17,0
SG_010675,2025-04-04,0
SG_010676,2025-11-16,0
SG_010677,2026-03-25,1
SG_010678,2025-05-01,0
SG_010680,2026-01-09,0
SG_010681,2025-05-10,0
SG_010682,2026-05-27,0
SG_010683,2025-05-31,0
SG_010686,2026-05-11,0
SG_010687,2026-11-30,0
SG_010688,2026-01-25,0
SG_010689,2025-09-03,0
SG_010691,2025-08-24,0
SG_010692,2025-10-17,0
SG_010693,2025-01-19,0
SG_010694,2026-12-05,1
SG_010695,2026-10-02,0
SG_010697,2025-09-04,0
SG_010698,2025-08-20,0
SG_010699,2025-12-13,0
SG_010701,2026-01-31,0
SG_010702,2025-01-21,0
SG_010703,2025-04-24,0
SG_010704,2026-01-13,1
SG_010705,2026-01-23,0
SG_010706,2026-04-29,0
SG_010709,2026-08-19,0
SG_010710,2026-07-20,1
SG_010711,2025-06-07,0
SG_010712,2026-05-22,0
SG_010714,2025-05-14,0
SG_010715,2026-04-10,1
SG_010716,2025-07-11,1
SG_010719,2026-02-23,0
SG_010720,2025-12-20,0
SG_010723,2026-03-21,0
SG_010724,2026-04-22,0
SG_010725,2026-10-14,0
SG_010727,2026-08-26,0
SG_010728,2025-10-01,0
SG_010730,2025-06-15,0
SG_010731,2025-03-04,0
SG_010732,2025-07-03,0
SG_010735,2025-07-13,0
SG_010736,2025-09-15,0
SG_010738,2025-07-24,0
SG_010740,2025-09-05,0
SG_010741,2025-01-14,1
SG_010742,2025-12-07,0
SG_010743,2026-03-30,0
SG_010744,2026-05-13,0
SG_010746,2025-09-21,0
SG_010747,2026-09-13,0
SG_010748,2025-10-27,0
SG_010749,2025-12-04,0
SG_010750,2026-07-06,0
SG_010751,2025-08-22,1
SG_010754,2025-09-20,0
SG_010755,2025-12-29,1
SG_010756,2025-01-23,0
SG_010758,2025-10-22,0
SG_010759,2025-12-17,0
SG_010761,2025-12-02,0
SG_010762,2025-04-27,0
SG_010764,2025-06-30,0
SG_010765,2026-09-28,1
SG_010766,2025-01-15,0
SG_010767,2025-09-17,0
SG_010768,2025-07-24,1
SG_010770,2025-08-03,0
SG_010771,2025-07-03,0
SG_010775,2026-02-24,0
SG_010776,2025-12-01,0
SG_010777,2025-02-11,0
SG_010778,2026-12-31,1
SG_010779,2026-03-20,0
SG_010780,2025-12-05,1
SG_010782,2025-02-27,0
SG_010783,2026-02-08,0
SG_010785,2026-11-10,1
SG_010786,2026-01-19,0
SG_010787,2026-03-14,0
SG_010788,2026-06-22,0
SG_010790,2025-01-14,0
SG_010792,2026-02-08,0
SG_010793,2026-07-30,0
SG_010794,2026-03-07,0
SG_010797,2026-05-08,0
SG_010799,2025-05-25,0
SG_010800,2025-05-27,0
SG_010802,2026-06-08,0
SG_010804,2026-06-10,0
SG_010805,2025-11-12,1
SG_010806,2025-05-16,0
SG_010807,2026-12-14,0
SG_010811,2026-01-10,0
SG_010812,2025-11-20,1
SG_010813,2025-04-21,0
SG_010815,2025-06-24,1
SG_010817,2026-08-19,1
SG_010819,2026-11-08,1
SG_010820,2025-09-27,0
SG_010821,2026-03-03,0
SG_010822,2025-06-22,0
SG_010823,2025-12-07,0
SG_010825,2025-11-26,0
SG_010826,2025-07-08,0
SG_010827,2026-03-21,0
SG_010829,2026-12-31,0
SG_010832,2026-04-14,0
SG_010833,2025-11-23,0
SG_010834,2026-04-26,0
SG_010835,2026-12-17,1
SG_010836,2026-11-11,0
SG_010838,2025-11-28,0
SG_010839,2025-10-05,0
SG_010840,2025-01-30,0
SG_010841,2025-04-21,0
SG_010842,2025-09-01,0
SG_010848,2025-02-28,1
SG_010849,2026-11-19,1
SG_010850,2025-03-24,0
SG_010851,2025-11-28,0
SG_010852,2026-01-30,0
SG_010854,2025-10-04,0
SG_010855,2026-10-09,1
SG_010856,2026-03-05,0
SG_010858,2026-12-01,0
SG_010859,2025-03-06,0
SG_010861,2026-03-03,0
SG_010862,2026-01-09,1
SG_010864,2025-12-02,0
SG_010866,2025-06-25,0
SG_010867,2026-09-15,1
SG_010868,2026-03-18,1
SG_010869,2026-10-26,1
SG_010873,2026-04-04,0
SG_010874,2025-04-22,0
SG_010875,2025-02-14,1
SG_010877,2025-08-30,0
SG_010878,2025-12-10,0
SG_010879,2025-08-21,0
SG_010880,2026-01-22,0
SG_010883,2025-05-22,0
SG_010885,2025-09-06,0
SG_010886,2025-12-30,1
SG_010890,2025-11-11,0
SG_010891,2025-08-19,0
SG_010892,2026-01-17,0
SG_010893,2026-03-10,0
SG_010895,2025-03-01,0
SG_010897,2026-06-30,1
SG_010899,2026-10-23,0
SG_010900,2026-03-18,1
SG_010901,2025-04-09,0
SG_010903,2026-03-22,0
SG_010905,2025-12-22,0
SG_010906,2026-02-08,0
SG_010908,2025-08-14,0
SG_010909,2026-06-10,0
SG_010910,2025-03-05,0
SG_010912,2026-12-20,0
SG_010913,2026-01-13,0
SG_010914,2026-03-16,0
SG_010915,2026-02-02,0
SG_010916,2026-06-26,0
SG_010917,2025-10-24,0
SG_010918,2026-06-21,0
SG_010919,2026-02-05,0
SG_010920,2025-02-15,0
SG_010921,2025-04-01,0
SG_010923,2025-12-24,0
SG_010924,2025-07-09,0
SG_010925,2026-03-25,0
SG_010926,2026-04-30,0
SG_010927,2026-01-30,0
SG_010928,2026-04-20,0
SG_010929,2026-02-04,0
SG_010931,2026-11-22,0
SG_010932,2026-01-02,0
SG_010933,2025-10-01,0
SG_010934,2026-11-19,0
SG_010935,2026-07-02,0
SG_010936,2026-02-27,0
SG_010937,2025-08-29,0
SG_010938,2025-09-27,0
SG_010939,2026-06-24,0
SG_010940,2026-07-25,1
SG_010941,2026-04-05,1
SG_010942,2025-08-29,0
SG_010943,2026-04-05,1
SG_010944,2025-08-11,0
SG_010945,2025-10-06,0
SG_010947,2025-01-25,0
SG_010948,2026-11-01,0
SG_010949,2026-05-20,0
SG_010950,2026-12-10,0
SG_010952,2026-08-14,0
SG_010953,2026-10-06,0
SG_010954,2026-01-15,0
SG_010955,2026-07-08,0
SG_010957,2025-09-18,0
SG_010958,2025-10-26,0
SG_010959,2025-02-25,1
SG_010963,2026-04-19,0
SG_010964,2026-11-20,0
SG_010965,2026-07-12,0
SG_010966,2025-08-07,1
SG_010967,2026-07-19,0
SG_010968,2026-07-05,1
SG_010970,2025-08-30,0
SG_010972,2025-11-10,0
SG_010975,2025-06-04,0
SG_010976,2025-12-20,1
SG_010978,2026-06-11,1
SG_010979,2025-08-16,0
SG_010980,2025-12-15,0
SG_010981,2025-09-04,0
SG_010983,2025-03-09,0
SG_010984,2026-04-15,0
SG_010988,2025-03-10,0
SG_010989,2026-02-06,0
SG_010990,2026-04-23,0
SG_010991,2026-10-07,0
SG_010992,2026-03-15,1
SG_010994,2026-06-12,0
SG_010996,2026-08-29,0
SG_010997,2026-01-03,0
SG_010999,2026-09-24,1
SG_011000,2026-01-11,0
SG_011001,2025-10-29,0
SG_011002,2025-10-09,0
SG_011004,2026-03-08,0
SG_011005,2025-10-08,0
SG_011006,2026-09-24,0
SG_011007,2026-06-25,0
SG_011008,2025-02-20,0
SG_011009,2025-11-19,0
SG_011011,2026-08-08,0
SG_011013,2026-03-20,1
SG_011014,2026-11-07,0
SG_011015,2026-10-06,0
SG_011018,2026-01-29,0
SG_011019,2025-03-18,0
SG_011020,2025-10-25,0
SG_011021,2025-11-24,0
SG_011022,2026-06-13,0
SG_011023,2025-11-13,1
SG_011024,2026-02-08,0
SG_011026,2026-03-13,0
SG_011027,2025-09-19,0
SG_011028,2026-01-17,1
SG_011029,2025-10-03,0
SG_011030,2025-12-19,1
SG_011032,2025-03-22,0
SG_011033,2025-11-27,1
SG_011034,2026-05-02,0
SG_011035,2025-12-16,0
SG_011036,2026-06-15,0
SG_011037,2026-01-13,1
SG_011038,2026-07-28,0
SG_011039,2025-02-22,0
SG_011040,2025-08-27,0
SG_011041,2026-06-29,0
SG_011042,2025-08-21,1
SG_011043,2025-06-12,0
SG_011044,2026-03-13,0
SG_011045,2025-10-02,0
SG_011046,2025-12-21,1
SG_011047,2025-04-25,0
SG_011048,2026-08-07,0
SG_011049,2026-10-19,0
SG_011051,2026-12-01,0
SG_011054,2026-12-27,0
SG_011056,2026-11-16,0
SG_011058,2026-03-15,0
SG_011059,2025-07-17,1
SG_011061,2026-04-07,0
SG_011062,2025-01-14,0
SG_011063,2026-12-20,1
SG_011064,2025-12-25,0
SG_011065,2025-11-24,0
SG_011066,2025-11-10,0
SG_011067,2026-09-16,0
SG_011068,2025-04-30,0
SG_011069,2026-02-22,0
SG_011070,2025-10-10,0
SG_011071,2025-12-18,0
SG_011072,2025-03-31,0
SG_011074,2025-05-01,0
SG_011076,2026-11-22,0
SG_011078,2025-11-16,1
SG_011079,2025-07-26,0
SG_011080,2025-05-26,0
SG_011081,2026-01-14,0
SG_011082,2025-03-08,0
SG_011083,2025-03-01,1
SG_011084,2025-05-09,0
SG_011085,2026-02-02,0
SG_011086,2025-12-01,0
SG_011087,2025-09-15,0
SG_011090,2026-02-19,0
SG_011091,2026-05-24,0
SG_011092,2026-02-18,0
SG_011093,2025-07-06,0
SG_011094,2026-03-26,0
SG_011095,2026-09-15,1
SG_011096,2025-01-16,0
SG_011098,2025-03-04,0
SG_011099,2025-11-30,0
SG_011100,2025-03-05,0
SG_011101,2026-09-09,0
SG_011102,2026-03-23,0
SG_011103,2025-07-11,0
SG_011104,2025-03-20,1
SG_011105,2026-04-26,0
SG_011106,2026-07-31,0
SG_011108,2025-02-23,0
SG_011109,2025-09-30,0
SG_011111,2025-10-01,0
SG_011112,2026-03-20,0
SG_011113,2025-12-11,1
SG_011114,2026-11-03,0
SG_011115,2025-07-12,0
SG_011116,2026-08-31,1
SG_011118,2026-11-11,0
SG_011119,2026-01-27,1
SG_011121,2025-10-14,0
SG_011122,2026-08-07,0
SG_011123,2025-02-03,0
SG_011124,2025-02-01,0
SG_011125,2026-03-04,1
SG_011126,2026-03-06,0
SG_011127,2025-03-12,0
SG_011128,2026-07-07,1
SG_011129,2026-05-09,0
SG_011130,2026-04-15,0
SG_011131,2026-06-05,0
SG_011134,2025-07-16,0
SG_011135,2026-01-28,0
SG_011136,2026-05-07,0
SG_011137,2025-07-30,1
SG_011138,2025-11-24,0
SG_011140,2026-11-25,0
SG_011141,2026-11-17,1
SG_011142,2025-07-11,1
SG_011145,2025-12-15,0
SG_011146,2025-06-12,1
SG_011149,2026-06-01,0
SG_011150,2026-03-11,0
SG_011153,2025-06-14,1
SG_011155,2025-11-10,0
SG_011156,2026-06-04,1
SG_011157,2025-05-05,0
SG_011163,2026-07-22,0
SG_011165,2026-08-14,0
SG_011166,2026-12-19,0
SG_011167,2025-08-22,0
SG_011168,2025-08-26,0
SG_011171,2025-08-19,0
SG_011172,2026-03-20,0
SG_011173,2025-04-26,0
SG_011174,2026-02-27,0
SG_011178,2025-08-24,0
SG_011179,2025-08-21,0
SG_011180,2025-07-04,0
SG_011181,2026-12-01,0
SG_011183,2025-11-23,1
SG_011185,2026-03-15,0
SG_011187,2026-11-23,0
SG_011188,2026-04-19,0
SG_011189,2025-08-03,0
SG_011191,2026-01-31,0
SG_011193,2026-04-24,1
SG_011194,2025-01-06,0
SG_011195,2025-01-02,0
SG_011196,2025-05-24,0
SG_011197,2026-06-17,0
SG_011198,2026-07-01,0
SG_011202,2025-03-30,0
SG_011204,2026-07-16,1
SG_011205,2025-09-24,0
SG_011206,2025-07-13,0
SG_011207,2025-04-21,0
SG_011209,2026-09-20,0
SG_011210,2026-06-26,0
SG_011211,2025-09-30,0
SG_011213,2025-11-15,0
SG_011215,2025-04-13,0
SG_011216,2026-04-22,0
SG_011217,2025-10-09,0
SG_011218,2025-12-03,0
SG_011219,2026-05-07,0
SG_011220,2026-02-08,0
SG_011223,2026-07-01,0
SG_011225,2025-06-28,1
SG_011227,2026-03-07,0
SG_011228,2025-09-29,0
SG_011229,2026-07-31,0
SG_011230,2025-09-24,1
SG_011231,2025-09-09,0
SG_011232,2025-08-04,0
SG_011233,2025-09-16,0
SG_011234,2025-05-04,0
SG_011236,2025-07-24,0
SG_011237,2025-09-28,0
SG_011238,2025-12-08,0
SG_011240,2025-11-07,0
SG_011241,2025-12-30,1
SG_011242,2026-09-24,0
SG_011243,2025-11-24,0
SG_011244,2025-07-04,0
SG_011245,2026-01-22,0
SG_011246,2025-03-17,0
SG_011247,2026-09-06,1
SG_011248,2025-10-28,0
SG_011249,2025-09-15,0
SG_011251,2025-10-29,0
SG_011252,2026-03-13,0
SG_011253,2025-01-19,0
SG_011254,2025-10-17,0
SG_011255,2026-09-12,0
SG_011256,2026-10-12,0
SG_011258,2025-09-23,0
SG_011260,2025-05-06,0
SG_011263,2025-03-28,0
SG_011264,2025-10-21,0
SG_011265,2026-02-18,0
SG_011267,2025-01-23,1
SG_011268,2025-08-26,0
SG_011269,2025-08-18,0
SG_011270,2026-09-05,0
SG_011271,2026-10-10,1
SG_011272,2025-09-11,0
SG_011273,2026-12-17,0
SG_011276,2025-08-19,0
SG_011277,2025-07-09,0
SG_011278,2026-08-13,0
SG_011281,2026-09-07,0
SG_011282,2026-08-31,0
SG_011283,2025-11-27,0
SG_011284,2026-05-13,0
SG_011286,2025-12-28,1
SG_011287,2026-01-26,0
SG_011288,2026-04-19,0
SG_011289,2025-12-07,1
SG_011290,2026-06-19,0
SG_011292,2026-04-24,0
SG_011293,2026-10-12,0
SG_011295,2026-08-15,0
SG_011296,2025-01-24,0
SG_011297,2025-07-31,0
SG_011299,2025-09-01,0
SG_011300,2026-08-07,0
SG_011301,2025-03-13,0
SG_011302,2026-03-23,0
SG_011305,2025-03-04,0
SG_011311,2026-03-18,0
SG_011314,2025-08-28,0
SG_011315,2025-04-02,1
SG_011316,2025-06-02,1
SG_011317,2026-04-08,0
SG_011318,2025-09-25,0
SG_011319,2025-08-29,0
SG_011320,2026-03-28,0
SG_011321,2025-10-07,0
SG_011322,2025-08-16,0
SG_011323,2025-12-27,0
SG_011324,2025-07-02,0
SG_011325,2025-12-05,0
SG_011326,2026-05-13,1
SG_011328,2025-06-27,0
SG_011329,2025-03-23,0
SG_011330,2026-03-09,0
SG_011331,2026-09-03,0
SG_011332,2025-12-16,0
SG_011334,2025-03-13,0
SG_011336,2026-06-24,0
SG_011338,2025-03-23,0
SG_011339,2025-05-17,0
SG_011341,2025-06-26,0
SG_011342,2025-12-15,0
SG_011344,2026-08-14,0
SG_011346,2025-07-23,0
SG_011348,2026-05-22,0
SG_011349,2025-09-17,0
SG_011351,2025-11-23,0
SG_011352,2025-08-25,0
SG_011353,2025-09-13,0
SG_011354,2026-04-24,0
SG_011355,2025-08-02,0
SG_011356,2025-05-22,1
SG_011358,2026-12-28,0
SG_011359,2026-01-07,1
SG_011362,2026-05-20,1
SG_011363,2025-05-20,1
SG_011364,2026-09-14,1
SG_011365,2025-03-22,0
SG_011366,2026-08-20,0
SG_011368,2026-12-15,0
SG_011369,2025-01-31,0
SG_011370,2025-05-23,0
SG_011372,2025-12-16,1
SG_011373,2026-02-02,0
SG_011374,2025-01-29,0
SG_011375,2025-11-18,0
SG_011378,2025-10-04,0
SG_011379,2026-12-29,1
SG_011382,2026-02-03,0
SG_011384,2026-05-29,0
SG_011385,2026-10-03,0
SG_011386,2026-02-28,0
SG_011387,2026-07-05,0
SG_011388,2026-07-12,0
SG_011389,2025-02-03,0
SG_011390,2025-05-10,1
SG_011391,2025-09-10,0
SG_011392,2025-09-14,0
SG_011393,2025-07-29,1
SG_011394,2025-10-28,0
SG_011395,2026-07-23,0
SG_011396,2025-11-01,0
SG_011397,2025-03-05,1
SG_011399,2025-01-01,0
SG_011400,2025-10-18,0
SG_011402,2025-04-23,0
SG_011403,2025-11-10,0
SG_011404,2026-10-03,0
SG_011405,2026-07-09,0
SG_011406,2026-10-16,0
SG_011407,2026-11-10,0
SG_011408,2025-09-07,0
SG_011409,2025-04-06,1
SG_011410,2025-07-29,0
SG_011411,2025-12-10,0
SG_011412,2025-12-20,1
SG_011414,2025-07-24,0
SG_011415,2026-08-10,0
SG_011417,2026-08-20,0
SG_011418,2026-08-23,0
SG_011419,2025-08-22,0
SG_011421,2026-08-06,0
SG_011422,2025-10-13,0
SG_011423,2025-11-05,0
SG_011424,2025-03-10,0
SG_011425,2026-04-06,1
SG_011426,2025-01-09,0
SG_011427,2026-06-04,0
SG_011428,2025-12-26,0
SG_011430,2026-01-27,0
SG_011431,2026-06-21,0
SG_011433,2025-12-31,0
SG_011434,2025-02-08,0
SG_011435,2025-02-17,0
SG_011436,2025-04-03,0
SG_011438,2025-12-12,1
SG_011439,2025-07-15,1
SG_011440,2026-10-17,1
SG_011441,2026-03-18,0
SG_011442,2026-05-28,0
SG_011444,2025-12-28,0
SG_011445,2026-02-09,0
SG_011446,2025-09-24,0
SG_011448,2026-10-13,0
SG_011449,2025-01-26,0
SG_011451,2025-10-15,0
SG_011452,2025-05-14,1
SG_011453,2025-09-05,1
SG_011454,2025-08-07,1
SG_011455,2026-02-04,0
SG_011456,2025-07-19,0
SG_011459,2026-01-02,0
SG_011461,2026-04-17,0
SG_011462,2026-06-06,0
SG_011463,2025-10-09,0
SG_011465,2025-12-26,0
SG_011466,2026-05-04,0
SG_011467,2026-01-19,0
SG_011470,2026-05-14,0
SG_011471,2026-01-16,0
SG_011472,2026-10-30,0
SG_011474,2026-11-28,0
SG_011476,2026-06-04,0
SG_011477,2025-07-14,0
SG_011478,2025-02-20,0
SG_011480,2026-08-17,0
SG_011481,2025-07-13,0
SG_011484,2025-10-06,0
SG_011485,2026-05-13,0
SG_011486,2026-03-02,0
SG_011487,2026-10-22,0
SG_011488,2026-03-23,0
SG_011489,2026-08-26,0
SG_011490,2025-09-08,1
SG_011491,2025-08-02,0
SG_011494,2025-05-31,0
SG_011495,2025-09-25,0
SG_011496,2026-06-02,1
SG_011498,2026-04-13,0
SG_011499,2025-10-22,0
SG_011500,2026-09-17,0
SG_011501,2026-02-25,0
SG_011502,2026-07-15,0
SG_011506,2025-03-27,0
SG_011507,2025-01-23,0
SG_011508,2026-11-24,0
SG_011509,2025-08-13,0
SG_011510,2025-08-27,1
SG_011511,2026-06-28,0
SG_011513,2025-06-04,0
SG_011514,2026-12-05,1
SG_011515,2025-09-02,0
SG_011516,2025-12-27,1
SG_011517,2026-04-21,0
SG_011518,2025-05-15,0
SG_011520,2026-12-23,0
SG_011521,2026-04-05,0
SG_011522,2026-09-06,0
SG_011523,2026-11-27,0
SG_011524,2026-04-27,1
SG_011525,2025-06-17,0
SG_011529,2025-01-15,0
SG_011530,2026-08-21,0
SG_011531,2026-01-11,0
SG_011533,2026-09-14,0
SG_011534,2025-02-27,0
SG_011535,2026-07-09,0
SG_011536,2025-01-30,0
SG_011537,2026-01-16,0
SG_011538,2025-02-03,0
SG_011539,2025-06-10,0
SG_011540,2025-10-21,0
SG_011542,2025-02-26,0
SG_011543,2025-09-22,1
SG_011545,2025-02-15,0
SG_011546,2026-05-06,0
SG_011549,2025-10-13,0
SG_011550,2025-01-27,0
SG_011551,2025-11-25,0
SG_011553,2025-05-27,0
SG_011554,2025-09-12,0
SG_011555,2026-08-14,0
SG_011556,2025-10-23,0
SG_011557,2026-01-10,0
SG_011558,2025-12-20,0
SG_011559,2025-09-08,0
SG_011560,2025-06-05,0
SG_011561,2025-08-12,0
SG_011562,2026-05-16,0
SG_011563,2025-12-17,0
SG_011564,2025-12-09,0
SG_011565,2025-08-22,0
SG_011568,2026-02-10,1
SG_011570,2026-07-10,0
SG_011571,2025-10-16,1
SG_011572,2026-12-25,0
SG_011573,2026-04-19,0
SG_011574,2025-03-12,0
SG_011578,2025-01-25,0
SG_011579,2025-12-11,0
SG_011580,2026-08-25,0
SG_011582,2025-06-10,0
SG_011583,2025-02-03,0
SG_011585,2026-02-10,0
SG_011587,2026-02-15,0
SG_011588,2026-01-02,0
SG_011589,2025-02-07,0
SG_011590,2025-07-24,1
SG_011591,2025-05-22,0
SG_011592,2025-05-25,1
SG_011594,2025-09-02,0
SG_011595,2026-09-09,0
SG_011596,2025-09-16,0
SG_011599,2025-11-24,1
SG_011600,2026-08-10,0
SG_011601,2026-01-15,0
SG_011603,2025-09-26,0
SG_011604,2026-02-08,0
SG_011606,2025-07-20,0
SG_011608,2025-10-22,1
SG_011609,2026-01-05,0
SG_011610,2025-11-10,0
SG_011611,2025-02-17,0
SG_011613,2025-12-08,0
SG_011614,2025-12-31,0
SG_011615,2025-02-26,0
SG_011618,2026-05-31,0
SG_011619,2025-11-03,0
SG_011621,2025-09-18,0
SG_011623,2025-07-24,1
SG_011624,2026-04-02,1
SG_011628,2026-03-06,0
SG_011629,2025-11-18,0
SG_011630,2025-07-07,1
SG_011631,2026-02-18,1
SG_011634,2026-12-04,0
SG_011636,2025-03-28,0
SG_011637,2025-09-07,1
SG_011639,2026-03-29,0
SG_011641,2026-08-22,1
SG_011642,2026-03-31,0
SG_011643,2026-05-05,0
SG_011644,2025-08-08,0
SG_011646,2026-02-17,0
SG_011647,2026-04-26,0
SG_011648,2025-03-07,0
SG_011650,2026-03-08,0
SG_011651,2025-02-11,0
SG_011652,2026-09-29,0
SG_011653,2025-12-27,0
SG_011654,2026-01-24,0
SG_011655,2026-02-02,0
SG_011657,2026-05-15,0
SG_011658,2026-02-27,0
SG_011659,2026-07-10,0
SG_011660,2025-07-02,0
SG_011661,2025-06-29,0
SG_011664,2025-11-16,0
SG_011665,2025-01-15,0
SG_011667,2026-03-18,0
SG_011668,2026-07-15,0
SG_011669,2025-01-20,0
SG_011670,2025-05-20,0
SG_011671,2025-08-30,1
SG_011674,2025-07-13,0
SG_011675,2026-03-30,0
SG_011677,2025-10-06,0
SG_011679,2026-07-27,0
SG_011680,2025-10-30,0
SG_011681,2025-02-18,0
SG_011685,2025-04-24,0
SG_011686,2025-12-30,0
SG_011687,2026-10-09,0
SG_011688,2025-10-12,0
SG_011689,2025-10-25,0
SG_011690,2025-02-07,0
SG_011692,2025-10-27,0
SG_011693,2026-04-29,0
SG_011696,2025-05-18,1
SG_011698,2025-08-07,0
SG_011700,2025-08-08,0
SG_011702,2025-12-07,0
SG_011703,2026-04-26,1
SG_011706,2025-11-10,0
SG_011707,2025-12-02,0
SG_011709,2025-05-14,0
SG_011710,2025-11-14,0
SG_011711,2026-01-01,0
SG_011712,2025-12-25,0
SG_011713,2026-10-10,0
SG_011716,2025-10-18,0
SG_011717,2026-01-04,0
SG_011718,2025-11-27,0
SG_011719,2025-07-23,0
SG_011722,2025-07-25,1
SG_011723,2025-12-27,0
SG_011724,2025-09-07,0
SG_011725,2025-09-28,0
SG_011726,2025-07-11,0
SG_011730,2026-05-12,0
SG_011732,2026-03-23,0
SG_011733,2025-11-07,0
SG_011734,2025-01-16,0
SG_011735,2026-07-03,0
SG_011738,2025-03-26,0
SG_011739,2026-09-01,0
SG_011740,2026-08-28,0
SG_011741,2026-02-11,0
SG_011742,2026-01-12,1
SG_011743,2025-06-19,0
SG_011744,2025-11-03,1
SG_011745,2025-05-31,0
SG_011746,2025-05-23,0
SG_011748,2026-01-19,0
SG_011751,2026-02-21,1
SG_011753,2026-09-30,0
SG_011754,2025-12-29,0
SG_011755,2025-06-29,0
SG_011756,2025-09-14,1
SG_011758,2026-08-29,0
SG_011759,2026-03-29,0
SG_011760,2026-04-21,0
SG_011761,2025-12-02,0
SG_011762,2025-09-28,0
SG_011763,2026-07-19,0
SG_011765,2025-05-13,0
SG_011766,2026-03-15,0
SG_011768,2025-06-01,0
SG_011771,2025-03-19,0
SG_011774,2026-04-16,0
SG_011775,2025-01-08,0
SG_011776,2025-08-10,1
SG_011778,2026-01-02,0
SG_011781,2026-04-15,0
SG_011782,2025-06-16,0
SG_011783,2025-10-21,0
SG_011784,2025-10-28,0
SG_011785,2025-07-18,1
SG_011788,2025-04-20,0
SG_011790,2025-07-22,0
SG_011791,2026-03-23,0
SG_011792,2026-01-31,0
SG_011793,2025-07-11,1
SG_011794,2025-10-25,0
SG_011795,2025-10-25,0
SG_011797,2025-07-27,0
SG_011798,2026-05-10,1
SG_011800,2026-11-09,0
SG_011803,2025-03-16,0
SG_011804,2025-12-30,0
SG_011805,2025-02-16,0
SG_011807,2026-10-09,0
SG_011808,2025-02-08,0
SG_011809,2026-06-24,1
SG_011810,2026-06-12,0
SG_011811,2025-08-05,0
SG_011813,2025-11-06,0
SG_011817,2026-07-18,1
SG_011818,2025-10-30,0
SG_011819,2025-10-12,0
SG_011820,2026-04-29,0
SG_011821,2026-01-09,1
SG_011822,2025-01-13,0
SG_011823,2026-06-05,0
SG_011824,2026-04-08,1
SG_011825,2026-11-21,0
SG_011826,2026-10-08,0
SG_011827,2025-11-28,0
SG_011828,2025-03-25,0
SG_011829,2026-12-19,0
SG_011831,2025-03-27,0
SG_011832,2025-02-05,0
SG_011834,2026-05-29,1
SG_011835,2026-01-19,0
SG_011836,2026-06-04,0
SG_011837,2026-11-19,0
SG_011838,2026-03-19,1
SG_011839,2026-02-22,0
SG_011840,2025-05-31,0
SG_011841,2025-09-27,0
SG_011842,2026-02-04,0
SG_011844,2026-05-15,0
SG_011845,2025-05-25,0
SG_011846,2026-02-04,1
SG_011847,2026-03-05,0
SG_011848,2026-11-15,1
SG_011849,2026-05-05,1
SG_011850,2026-02-08,0
SG_011851,2025-03-02,0
SG_011852,2025-11-16,0
SG_011854,2025-03-06,0
SG_011856,2025-07-10,0
SG_011857,2026-09-13,0
SG_011859,2025-02-07,0
SG_011860,2026-03-23,0
SG_011862,2025-09-22,0
SG_011865,2026-10-28,0
SG_011866,2025-11-18,0
SG_011867,2025-08-26,0
SG_011870,2026-04-08,1
SG_011872,2026-06-12,1
SG_011873,2025-05-30,0
SG_011874,2026-05-13,0
SG_011875,2025-12-14,1
SG_011876,2026-09-21,0
SG_011877,2025-01-21,0
SG_011878,2025-09-24,0
SG_011879,2025-06-19,0
SG_011880,2025-05-02,0
SG_011881,2025-02-18,1
SG_011882,2025-05-07,1
SG_011883,2025-10-12,0
SG_011884,2025-07-04,1
SG_011885,2025-04-17,1
SG_011887,2025-12-09,0
SG_011888,2025-07-11,0
SG_011891,2025-07-21,0
SG_011892,2026-10-23,0
SG_011893,2026-11-13,1
SG_011895,2026-06-30,0
SG_011897,2025-09-04,0
SG_011899,2025-10-28,0
SG_011901,2025-12-16,1
SG_011902,2026-07-25,0
SG_011903,2025-02-23,0
SG_011904,2026-02-07,1
SG_011905,2026-05-18,0
SG_011906,2026-01-31,0
SG_011907,2025-08-09,0
SG_011908,2025-11-24,0
SG_011909,2026-01-11,0
SG_011910,2025-05-16,0
SG_011911,2025-04-16,0
SG_011912,2026-11-23,0
SG_011913,2025-11-14,1
SG_011914,2026-04-11,0
SG_011915,2025-12-23,0
SG_011916,2025-07-07,0
SG_011917,2025-01-20,0
SG_011919,2026-03-18,0
SG_011920,2026-01-27,0
SG_011921,2025-10-13,0
SG_011923,2025-06-12,0
SG_011924,2026-02-26,0
SG_011928,2025-03-10,1
SG_011929,2026-05-05,0
SG_011930,2026-02-25,0
SG_011932,2026-04-05,1
SG_011934,2025-09-24,0
SG_011935,2025-11-27,0
SG_011937,2026-06-19,0
SG_011938,2025-05-10,0
SG_011941,2026-03-15,0
SG_011942,2025-07-10,0
SG_011943,2025-10-02,0
SG_011944,2026-01-28,0
SG_011945,2026-03-16,0
SG_011946,2025-06-26,0
SG_011947,2026-05-29,0
SG_011948,2025-11-24,0
SG_011949,2025-06-25,0
SG_011950,2026-03-14,0
SG_011951,2026-11-11,1
SG_011952,2025-02-23,0
SG_011954,2025-12-02,0
SG_011957,2026-06-04,0
SG_011958,2025-10-31,0
SG_011960,2026-03-10,0
SG_011963,2026-12-03,0
SG_011964,2025-04-27,0
SG_011965,2026-04-03,0
SG_011967,2026-05-21,0
SG_011968,2026-06-29,0
SG_011970,2025-03-30,0
SG_011972,2026-08-24,0
SG_011973,2025-07-14,0
SG_011974,2025-12-28,0
SG_011975,2026-05-13,0
SG_011976,2025-04-30,0
SG_011979,2026-09-06,1
SG_011980,2026-01-26,0
SG_011981,2025-12-28,0
SG_011982,2026-09-07,1
SG_011984,2026-02-06,0
SG_011985,2025-10-25,0
SG_011987,2026-09-14,1
SG_011989,2025-01-13,0
SG_011990,2025-11-02,0
SG_011991,2025-02-20,0
SG_011992,2026-01-20,0
SG_011994,2026-06-19,1
SG_011998,2025-01-27,0
SG_011999,2026-12-29,0
SG_012001,2026-03-11,0
SG_012002,2026-06-17,0
SG_012003,2026-07-13,0
SG_012004,2026-08-14,0
SG_012005,2025-10-08,0
SG_012006,2025-09-19,0
SG_012007,2026-06-21,0
SG_012008,2026-03-13,0
SG_012009,2025-02-06,0
SG_012010,2026-02-23,0
SG_012011,2026-12-30,0
SG_012012,2026-12-14,1
SG_012014,2025-09-03,0
SG_012015,2026-02-07,0
SG_012016,2025-04-06,1
SG_012017,2025-02-25,0
SG_012021,2025-10-26,0
SG_012023,2026-11-06,0
SG_012024,2025-08-06,1
SG_012025,2026-04-28,0
SG_012026,2026-01-27,0
SG_012027,2025-01-14,0
SG_012028,2025-12-23,1
SG_012029,2026-03-16,1
SG_012030,2025-12-26,0
SG_012032,2025-04-10,0
SG_012033,2026-09-20,0
SG_012034,2026-09-09,0
SG_012035,2025-12-21,0
SG_012036,2026-04-24,0
SG_012037,2025-01-27,0
SG_012038,2026-06-07,1
SG_012039,2026-04-24,1
SG_012042,2026-01-31,1
SG_012043,2026-02-11,0
SG_012044,2025-03-08,0
SG_012045,2025-01-08,0
SG_012046,2025-10-13,0
SG_012047,2025-10-09,1
SG_012049,2026-01-17,0
SG_012053,2025-08-29,0
SG_012054,2025-05-13,0
SG_012055,2025-12-17,0
SG_012056,2025-07-13,0
SG_012057,2025-05-30,0
SG_012058,2026-06-29,0
SG_012059,2025-09-14,1
SG_012060,2026-01-31,1
SG_012061,2025-06-04,0
SG_012062,2026-01-30,0
SG_012063,2025-07-20,0
SG_012065,2025-08-23,0
SG_012067,2025-02-02,1
SG_012069,2025-12-09,1
SG_012070,2026-11-22,0
SG_012071,2026-05-20,1
SG_012072,2026-05-18,0
SG_012073,2026-06-08,0
SG_012074,2026-06-09,0
SG_012075,2025-04-23,0
SG_012083,2025-08-04,0
SG_012084,2026-06-09,0
SG_012085,2026-03-07,0
SG_012087,2025-05-05,1
SG_012088,2025-05-23,1
SG_012090,2026-01-14,0
SG_012091,2026-10-19,1
SG_012092,2026-12-22,0
SG_012093,2025-08-26,0
SG_012094,2025-07-10,0
SG_012095,2025-01-12,0
SG_012096,2026-05-19,0
SG_012098,2026-02-26,0
SG_012099,2026-01-12,0
SG_012100,2025-01-17,1
SG_012101,2025-09-26,1
SG_012102,2026-04-12,0
SG_012103,2026-02-21,1
SG_012105,2025-12-07,1
SG_012106,2026-06-20,0
SG_012107,2026-11-24,1
SG_012109,2025-07-14,0
SG_012110,2025-06-21,0
SG_012111,2025-11-20,0
SG_012112,2026-08-18,0
SG_012114,2026-05-05,0
SG_012115,2026-04-11,0
SG_012116,2025-09-12,0
SG_012117,2025-02-25,0
SG_012118,2025-07-27,0
SG_012120,2026-06-21,0
SG_012121,2026-05-12,1
SG_012122,2025-12-29,0
SG_012123,2026-06-14,0
SG_012126,2026-02-02,1
SG_012127,2026-06-05,0
SG_012128,2026-01-28,0
SG_012129,2025-10-17,0
SG_012130,2026-11-03,0
SG_012131,2025-06-30,0
SG_012132,2026-01-03,0
SG_012133,2025-09-20,0
SG_012134,2026-01-03,0
SG_012135,2026-02-27,0
SG_012136,2025-08-31,0
SG_012137,2026-06-26,0
SG_012138,2025-08-15,0
SG_012139,2026-05-06,0
SG_012140,2025-10-26,0
SG_012142,2026-07-18,0
SG_012144,2025-08-26,0
SG_012146,2025-10-03,0
SG_012147,2025-07-21,0
SG_012149,2026-01-07,0
SG_012151,2025-11-11,0
SG_012152,2026-10-24,1
SG_012153,2025-09-03,0
SG_012154,2025-08-25,0
SG_012155,2025-09-10,0
SG_012156,2026-04-16,0
SG_012157,2026-11-28,1
SG_012158,2026-06-12,0
SG_012159,2026-05-31,0
SG_012160,2026-05-02,0
SG_012161,2026-11-15,1
SG_012163,2025-08-23,0
SG_012164,2026-06-28,1
SG_012171,2026-03-24,0
SG_012172,2026-05-17,0
SG_012173,2025-06-01,0
SG_012174,2026-12-06,0
SG_012178,2026-08-12,0
SG_012179,2026-05-21,1
SG_012180,2025-05-23,0
SG_012182,2025-04-22,0
SG_012183,2026-08-17,0
SG_012184,2025-12-08,0
SG_012185,2026-05-04,0
SG_012187,2025-11-07,1
SG_012188,2026-04-26,1
SG_012189,2025-12-09,0
SG_012191,2025-06-21,0
SG_012193,2025-07-30,0
SG_012196,2025-02-16,0
SG_012197,2026-02-09,0
SG_012200,2025-02-09,1
SG_012201,2026-07-08,0
SG_012202,2026-05-17,0
SG_012203,2026-06-09,1
SG_012204,2025-01-12,0
SG_012207,2026-10-17,0
SG_012208,2026-05-09,0
SG_012209,2025-05-26,0
SG_012210,2025-07-21,0
SG_012214,2025-04-26,0
SG_012215,2026-05-18,0
SG_012219,2025-09-22,0
SG_012221,2025-07-02,0
SG_012222,2025-08-20,0
SG_012223,2025-04-09,0
SG_012224,2026-01-02,0
SG_012226,2026-07-08,0
SG_012227,2026-05-19,1
SG_012228,2026-08-09,0
SG_012229,2026-04-24,1
SG_012231,2026-11-20,0
SG_012233,2026-01-04,0
SG_012235,2025-11-03,0
SG_012236,2026-11-09,0
SG_012237,2025-06-22,0
SG_012239,2025-10-06,1
SG_012240,2025-08-15,0
SG_012242,2026-01-13,1
SG_012244,2026-02-24,1
SG_012245,2026-05-23,0
SG_012246,2025-08-31,0
SG_012248,2025-03-12,0
SG_012249,2025-10-18,0
SG_012250,2026-08-29,0
SG_012251,2026-08-13,0
SG_012252,2025-07-08,0
SG_012254,2025-11-30,0
SG_012255,2026-07-11,0
SG_012256,2026-06-23,0
SG_012257,2025-01-07,0
SG_012259,2026-05-31,0
SG_012261,2026-01-05,0
SG_012262,2025-09-03,0
SG_012265,2025-01-16,0
SG_012267,2025-04-16,0
SG_012268,2026-05-04,0
SG_012269,2026-07-19,0
SG_012271,2025-04-03,0
SG_012273,2026-02-07,0
SG_012274,2025-07-17,0
SG_012275,2026-05-17,0
SG_012282,2025-06-18,0
SG_012286,2026-12-27,1
SG_012287,2026-08-07,0
SG_012288,2025-07-15,1
SG_012289,2026-07-27,0
SG_012291,2025-03-30,0
SG_012292,2026-02-28,0
SG_012294,2026-12-15,0
SG_012295,2026-10-04,0
SG_012296,2026-06-05,0
SG_012297,2025-06-02,1
SG_012298,2025-12-08,0
SG_012299,2026-12-26,0
SG_012300,2025-06-14,1
SG_012302,2025-07-01,1
SG_012303,2025-11-09,0
SG_012304,2025-01-31,1
SG_012306,2025-12-23,0
SG_012309,2025-02-11,0
SG_012311,2026-02-06,0
SG_012314,2025-10-16,1
SG_012315,2025-06-25,0
SG_012317,2026-07-20,0
SG_012318,2026-12-26,1
SG_012319,2026-06-17,0
SG_012320,2026-07-10,1
SG_012323,2026-01-08,0
SG_012324,2026-02-14,0
SG_012325,2026-06-16,0
SG_012327,2025-10-05,0
SG_012328,2025-04-11,0
SG_012329,2025-01-21,0
SG_012330,2026-02-07,1
SG_012331,2025-10-26,0
SG_012332,2026-04-18,1
SG_012333,2026-04-14,1
SG_012335,2026-08-19,0
SG_012338,2025-03-21,0
SG_012341,2026-05-21,0
SG_012342,2025-03-06,1
SG_012343,2026-05-14,0
SG_012344,2025-04-12,0
SG_012346,2025-07-26,0
SG_012347,2025-04-09,1
SG_012348,2026-10-12,1
SG_012349,2025-11-06,0
SG_012350,2025-07-19,0
SG_012351,2026-07-08,0
SG_012352,2025-08-18,0
SG_012353,2026-11-15,0
SG_012354,2026-08-19,0
SG_012356,2025-03-13,1
SG_012357,2026-03-27,0
SG_012358,2026-05-10,1
SG_012359,2025-12-27,0
SG_012360,2025-05-14,0
SG_012361,2026-01-06,0
SG_012364,2025-10-12,0
SG_012365,2025-03-23,0
SG_012366,2026-02-16,0
SG_012367,2026-03-15,0
SG_012369,2025-10-26,1
SG_012370,2025-12-09,0
SG_012371,2025-04-18,0
SG_012372,2026-02-28,0
SG_012373,2025-03-22,0
SG_012374,2026-08-15,0
SG_012376,2026-12-16,0
SG_012377,2026-01-03,1
SG_012379,2025-08-25,1
SG_012380,2026-03-30,0
SG_012382,2025-10-23,1
SG_012383,2025-07-05,0
SG_012385,2025-02-11,0
SG_012386,2026-12-27,0
SG_012387,2025-03-31,0
SG_012388,2025-04-18,1
SG_012389,2025-04-06,0
SG_012391,2025-06-20,0
SG_012392,2026-02-11,0
SG_012394,2026-05-08,0
SG_012395,2026-06-08,0
SG_012396,2025-01-24,0
SG_012398,2026-08-01,1
SG_012399,2026-03-18,1
SG_012401,2025-02-28,0
SG_012403,2026-10-02,0
SG_012404,2025-11-29,0
SG_012405,2026-02-23,0
SG_012406,2026-08-31,0
SG_012407,2026-01-13,0
SG_012408,2026-03-20,0
SG_012409,2026-02-02,0
SG_012411,2026-12-05,0
SG_012412,2026-05-26,0
SG_012413,2026-07-30,0
SG_012415,2025-07-08,1
SG_012416,2025-09-03,0
SG_012417,2025-01-10,0
SG_012418,2025-02-21,1
SG_012421,2025-04-26,0
SG_012425,2026-03-24,0
SG_012426,2025-12-30,0
SG_012428,2025-06-12,0
SG_012429,2025-11-11,1
SG_012430,2025-10-15,0
SG_012431,2025-11-27,1
SG_012433,2025-08-01,0
SG_012434,2025-11-07,1
SG_012435,2026-03-18,0
SG_012439,2025-11-03,0
SG_012440,2026-07-23,0
SG_012441,2026-04-10,0
SG_012442,2025-04-19,0
SG_012443,2026-05-28,0
SG_012445,2025-09-23,0
SG_012447,2025-03-09,0
SG_012448,2026-04-27,0
SG_012449,2026-05-19,0
SG_012450,2025-09-11,1
SG_012451,2025-01-14,0
SG_012454,2025-03-03,0
SG_012455,2026-06-20,0
SG_012457,2026-01-30,1
SG_012458,2026-10-26,0
SG_012460,2026-01-30,0
SG_012461,2025-03-21,1
SG_012462,2026-01-30,0
SG_012463,2026-01-10,0
SG_012464,2026-12-07,0
SG_012465,2025-01-25,0
SG_012466,2026-04-05,1
SG_012467,2025-09-16,0
SG_012469,2025-08-20,1
SG_012471,2026-11-15,0
SG_012472,2025-10-24,0
SG_012473,2026-01-26,0
SG_012474,2025-03-29,0
SG_012475,2026-06-03,0
SG_012476,2025-01-29,0
SG_012477,2025-08-04,0
SG_012478,2025-12-21,0
SG_012479,2026-04-26,0
SG_012481,2026-04-30,1
SG_012482,2026-09-02,1
SG_012483,2026-05-11,0
SG_012485,2025-11-11,1
SG_012486,2026-06-21,1
SG_012487,2025-09-22,0
SG_012488,2025-04-28,0
SG_012490,2026-03-26,0
SG_012491,2025-04-30,0
SG_012492,2026-03-14,0
SG_012494,2025-08-06,0
SG_012496,2025-02-24,0
SG_012497,2025-04-09,0
SG_012498,2026-06-09,1
SG_012500,2026-05-02,0
SG_012503,2026-08-27,0
SG_012505,2025-12-30,1
SG_012507,2025-12-21,1
SG_012508,2025-08-25,1
SG_012511,2026-04-25,0
SG_012512,2025-01-27,0
SG_012514,2025-05-21,0
SG_012515,2026-04-11,0
SG_012516,2026-03-02,0
SG_012517,2025-06-10,0
SG_012518,2025-08-18,0
SG_012522,2025-04-03,0
SG_012523,2025-06-05,0
SG_012524,2025-01-07,0
SG_012526,2025-08-27,0
SG_012528,2025-07-17,0
SG_012529,2026-01-28,0
SG_012530,2025-07-27,0
SG_012532,2026-02-09,0
SG_012534,2026-01-17,0
SG_012535,2025-10-09,0
SG_012536,2025-06-10,0
SG_012537,2026-08-23,1
SG_012540,2025-07-01,0
SG_012541,2025-09-22,0
SG_012542,2025-08-26,1
SG_012543,2025-11-06,0
SG_012544,2026-06-10,0
SG_012545,2026-09-19,0
SG_012546,2026-07-10,0
SG_012547,2026-01-25,0
SG_012549,2026-05-12,0
SG_012551,2025-08-06,0
SG_012553,2026-04-11,1
SG_012554,2025-01-03,0
SG_012555,2025-05-10,0
SG_012557,2026-09-13,0
SG_012558,2025-10-26,0
SG_012559,2026-04-27,0
SG_012560,2026-02-23,0
SG_012565,2025-07-19,0
SG_012566,2025-01-17,0
SG_012569,2025-04-22,0
SG_012570,2025-12-11,1
SG_012572,2026-06-26,0
SG_012573,2025-12-12,0
SG_012574,2026-07-15,0
SG_012576,2026-02-18,0
SG_012577,2026-05-10,0
SG_012578,2025-02-27,1
SG_012580,2025-10-25,0
SG_012581,2026-07-20,0
SG_012582,2026-01-21,0
SG_012583,2026-05-18,0
SG_012584,2026-08-24,1
SG_012585,2026-08-11,1
SG_012586,2026-02-12,0
SG_012587,2025-04-07,0
SG_012589,2026-05-05,0
SG_012590,2026-12-26,0
SG_012592,2025-05-21,1
SG_012593,2026-03-28,1
SG_012595,2026-07-10,0
SG_012597,2026-03-12,0
SG_012598,2026-04-27,0
SG_012599,2025-10-25,0
SG_012602,2026-05-04,0
SG_012604,2025-10-10,0
SG_012605,2025-12-31,0
SG_012607,2025-03-12,0
SG_012608,2026-08-08,0
SG_012611,2026-01-03,0
SG_012612,2025-02-05,0
SG_012613,2026-01-09,0
SG_012614,2026-01-25,0
SG_012617,2026-10-25,1
SG_012618,2025-10-26,0
SG_012620,2025-04-30,0
SG_012621,2025-11-24,0
SG_012622,2025-07-17,1
SG_012624,2025-04-18,1
SG_012625,2026-06-27,1
SG_012626,2026-05-22,0
SG_012627,2025-11-22,0
SG_012629,2026-03-26,0
SG_012631,2025-05-04,0
SG_012633,2025-04-05,0
SG_012634,2026-06-30,0
SG_012635,2025-10-13,0
SG_012637,2025-10-23,0
SG_012638,2026-10-02,0
SG_012639,2026-02-11,1
SG_012641,2025-12-18,0
SG_012642,2025-10-19,0
SG_012644,2026-05-13,0
SG_012645,2026-01-02,0
SG_012646,2026-08-30,0
SG_012647,2026-12-18,0
SG_012649,2025-11-29,0
SG_012650,2025-12-28,1
SG_012652,2026-06-09,0
SG_012653,2026-03-06,1
SG_012655,2026-06-27,0
SG_012656,2026-12-22,0
SG_012657,2025-10-05,0
SG_012658,2026-03-11,1
SG_012659,2026-04-04,0
SG_012662,2025-08-21,0
SG_012664,2026-06-06,0
SG_012665,2026-04-25,0
SG_012666,2025-07-12,0
SG_012667,2025-07-30,1
SG_012668,2026-09-24,0
SG_012670,2025-12-22,0
SG_012671,2025-07-28,0
SG_012672,2025-04-03,0
SG_012673,2025-06-11,0
SG_012675,2025-05-07,0
SG_012676,2026-04-13,1
SG_012677,2025-04-15,0
SG_012678,2026-04-17,0
SG_012679,2026-11-21,0
SG_012681,2025-05-25,0
SG_012682,2026-06-09,0
SG_012683,2025-10-24,0
SG_012685,2026-04-28,0
SG_012686,2026-01-18,0
SG_012687,2026-07-24,0
SG_012689,2026-01-02,0
SG_012691,2025-01-21,0
SG_012692,2025-10-28,0
SG_012693,2026-04-05,0
SG_012694,2026-06-29,0
SG_012695,2025-12-15,1
SG_012696,2025-11-27,0
SG_012698,2025-06-05,0
SG_012700,2026-04-19,0
SG_012702,2026-10-30,0
SG_012703,2025-08-15,0
SG_012704,2025-05-13,1
SG_012706,2026-02-06,1
SG_012707,2025-07-10,1
SG_012708,2025-12-08,1
SG_012711,2026-04-17,0
SG_012712,2025-05-16,0
SG_012713,2026-09-17,0
SG_012714,2026-02-07,0
SG_012717,2026-04-17,0
SG_012719,2026-01-03,1
SG_012720,2025-07-13,0
SG_012721,2025-05-03,0
SG_012722,2026-05-03,0
SG_012725,2026-03-14,0
SG_012726,2025-01-19,0
SG_012727,2025-03-01,0
SG_012728,2025-02-07,0
SG_012729,2026-03-20,0
SG_012731,2026-09-05,0
SG_012732,2025-02-03,0
SG_012733,2025-09-11,0
SG_012735,2026-05-12,0
SG_012737,2025-08-01,0
SG_012739,2026-01-15,0
SG_012740,2026-02-15,0
SG_012741,2026-06-12,0
SG_012742,2026-04-13,0
SG_012743,2025-09-19,0
SG_012744,2026-05-09,0
SG_012745,2026-10-28,0
SG_012746,2026-07-06,1
SG_012748,2026-05-24,0
SG_012751,2025-07-12,0
SG_012752,2025-05-03,0
SG_012755,2025-08-19,1
SG_012756,2025-05-06,0
SG_012758,2026-03-10,1
SG_012759,2026-03-26,0
SG_012760,2025-11-03,0
SG_012761,2026-04-23,0
SG_012762,2026-09-12,0
SG_012765,2025-12-08,0
SG_012766,2025-07-07,0
SG_012769,2026-04-28,0
SG_012770,2026-04-09,0
SG_012771,2025-12-22,0
SG_012772,2026-10-29,1
SG_012774,2025-07-12,0
SG_012776,2025-07-16,0
SG_012778,2025-08-23,0
SG_012779,2026-10-14,1
SG_012780,2026-03-01,1
SG_012781,2025-12-21,0
SG_012782,2026-05-15,0
SG_012783,2025-01-02,0
SG_012784,2026-02-23,0
SG_012785,2025-03-24,1
SG_012788,2025-04-09,1
SG_012789,2025-09-09,0
SG_012790,2025-09-18,1
SG_012791,2025-09-24,1
SG_012793,2026-01-05,0
SG_012794,2025-08-29,0
SG_012795,2025-08-18,0
SG_012796,2025-04-18,0
SG_012798,2025-07-07,0
SG_012799,2026-06-27,0
SG_012800,2026-01-16,1
SG_012801,2025-12-24,0
SG_012802,2025-06-12,0
SG_012803,2025-04-01,0
SG_012804,2025-11-02,0
SG_012806,2025-02-22,0
SG_012807,2025-11-11,1
SG_012809,2026-02-17,0
SG_012811,2025-07-07,0
SG_012812,2025-08-05,0
SG_012813,2026-04-10,0
SG_012814,2026-01-14,0
SG_012815,2025-08-19,0
SG_012816,2026-08-21,0
SG_012817,2025-10-04,0
SG_012818,2025-12-31,0
SG_012820,2025-08-11,0
SG_012823,2025-08-15,0
SG_012824,2026-11-25,1
SG_012825,2025-07-12,0
SG_012826,2026-06-01,0
SG_012827,2026-02-15,0
SG_012828,2025-12-03,0
SG_012829,2026-06-20,0
SG_012830,2025-10-23,0
SG_012832,2025-07-20,0
SG_012833,2025-11-25,0
SG_012834,2026-02-23,0
SG_012835,2025-08-01,0
SG_012836,2026-06-23,0
SG_012837,2025-07-21,0
SG_012838,2025-08-19,0
SG_012839,2026-04-23,0
SG_012840,2025-10-11,0
SG_012841,2025-02-18,0
SG_012842,2026-06-27,0
SG_012843,2025-05-07,0
SG_012846,2025-07-01,0
SG_012847,2025-06-06,0
SG_012850,2025-06-25,0
SG_012852,2025-06-16,0
SG_012853,2026-01-26,0
SG_012854,2025-06-13,1
SG_012855,2026-07-17,0
SG_012856,2026-06-18,0
SG_012857,2026-11-20,0
SG_012858,2026-07-09,0
SG_012860,2026-11-26,0
SG_012862,2026-12-20,0
SG_012863,2026-05-21,0
SG_012864,2026-08-26,0
SG_012865,2026-07-29,0
SG_012866,2025-05-13,0
SG_012867,2026-10-06,0
SG_012868,2025-07-21,0
SG_012871,2026-12-14,0
SG_012872,2026-06-12,0
SG_012875,2025-04-30,1
SG_012876,2026-06-29,0
SG_012877,2025-11-23,0
SG_012878,2025-05-16,0
SG_012879,2026-01-18,1
SG_012880,2026-09-08,0
SG_012881,2025-07-14,1
SG_012882,2025-07-14,1
SG_012884,2025-11-06,0
SG_012885,2026-07-01,0
SG_012889,2026-06-30,0
SG_012890,2025-08-07,0
SG_012892,2026-04-05,0
SG_012893,2025-02-14,0
SG_012894,2026-07-28,0
SG_012895,2025-04-15,0
SG_012896,2026-01-09,0
SG_012897,2026-07-31,0
SG_012899,2025-11-04,0
SG_012900,2026-11-19,1
SG_012901,2025-11-29,0
SG_012902,2025-10-22,0
SG_012903,2025-07-21,0
SG_012904,2025-11-15,0
SG_012906,2026-05-14,0
SG_012907,2025-09-18,0
SG_012908,2026-11-01,1
SG_012909,2025-08-29,0
SG_012911,2026-01-27,0
SG_012912,2025-06-26,0
SG_012914,2026-06-30,0
SG_012915,2026-09-21,0
SG_012916,2025-11-28,1
SG_012917,2026-11-18,0
SG_012921,2025-07-19,0
SG_012922,2026-04-16,0
SG_012925,2026-11-05,1
SG_012927,2025-11-25,0
SG_012928,2026-04-17,0
SG_012929,2026-02-03,0
SG_012930,2025-01-08,0
SG_012931,2025-07-23,0
SG_012932,2025-10-18,0
SG_012933,2026-10-24,0
SG_012934,2026-09-20,0
SG_012935,2025-08-24,0
SG_012937,2026-07-22,0
SG_012939,2026-08-04,0
SG_012941,2025-03-26,0
SG_012942,2025-11-19,0
SG_012943,2025-01-08,0
SG_012944,2025-01-08,0
SG_012946,2026-04-11,0
SG_012947,2025-10-30,0
SG_012948,2025-09-18,1
SG_012950,2026-03-31,1
SG_012951,2026-06-13,0
SG_012952,2026-06-27,0
SG_012953,2025-07-15,0
SG_012954,2026-05-06,0
SG_012955,2026-06-01,0
SG_012956,2025-06-21,0
SG_012957,2026-03-22,0
SG_012959,2025-08-30,0
SG_012960,2025-12-29,0
SG_012961,2026-02-19,0
SG_012963,2026-04-13,1
SG_012964,2026-06-29,0
SG_012965,2025-10-28,0
SG_012966,2025-10-23,0
SG_012969,2025-12-13,0
SG_012971,2026-08-14,0
SG_012973,2025-10-24,1
SG_012974,2025-10-10,0
SG_012975,2026-01-16,0
SG_012976,2026-07-05,0
SG_012977,2025-06-02,0
SG_012982,2026-04-10,1
SG_012985,2025-06-28,0
SG_012986,2025-09-09,0
SG_012987,2025-10-12,0
SG_012988,2026-09-20,0
SG_012990,2025-12-17,0
SG_012991,2025-07-24,0
SG_012992,2026-10-30,0
SG_012993,2025-12-01,0
SG_012995,2026-09-17,0
SG_012996,2025-06-26,0
SG_012998,2026-03-21,0
SG_012999,2025-11-11,0
SG_013000,2025-11-26,0
SG_013001,2025-08-16,0
SG_013003,2025-10-07,0
SG_013004,2025-06-19,0
SG_013005,2026-08-20,0
SG_013006,2026-01-05,0
SG_013007,2026-06-13,0
SG_013008,2026-11-26,0
SG_013010,2026-04-06,0
SG_013011,2026-10-13,0
SG_013012,2025-06-28,0
SG_013013,2025-04-18,0
SG_013014,2026-12-09,0
SG_013015,2026-05-23,0
SG_013016,2025-04-25,0
SG_013018,2025-11-27,0
SG_013019,2025-01-11,0
SG_013020,2025-02-24,0
SG_013021,2026-01-24,0
SG_013022,2026-03-13,0
SG_013024,2026-08-01,0
SG_013025,2026-02-15,0
SG_013026,2025-11-09,0
SG_013027,2026-03-08,1
SG_013029,2026-09-13,0
SG_013031,2025-04-14,0
SG_013032,2025-05-25,0
SG_013034,2026-03-05,1
SG_013035,2026-02-27,0
SG_013036,2025-07-13,1
SG_013037,2026-03-19,0
SG_013038,2026-12-13,0
SG_013039,2026-06-18,0
SG_013040,2025-02-22,0
SG_013041,2025-09-14,0
SG_013044,2025-11-09,0
SG_013046,2026-01-16,0
SG_013047,2025-10-02,0
SG_013048,2025-03-02,0
SG_013049,2026-02-16,0
SG_013050,2026-10-22,0
SG_013051,2025-11-13,0
SG_013052,2026-02-24,1
SG_013053,2026-01-26,0
SG_013054,2025-05-25,0
SG_013055,2025-01-08,0
SG_013056,2026-01-30,0
SG_013057,2026-09-20,1
SG_013058,2026-08-19,0
SG_013059,2026-05-05,0
SG_013060,2025-07-17,0
SG_013061,2026-06-26,0
SG_013062,2025-02-08,0
SG_013066,2026-09-04,0
SG_013067,2025-10-19,0
SG_013069,2026-07-13,0
SG_013073,2026-05-10,1
SG_013074,2026-12-31,0
SG_013075,2026-01-21,0
SG_013076,2026-11-17,0
SG_013078,2026-02-18,0
SG_013079,2026-08-01,0
SG_013081,2025-02-05,1
SG_013084,2025-08-11,0
SG_013087,2025-10-11,0
SG_013088,2026-03-12,1
SG_013089,2026-06-30,0
SG_013090,2026-12-21,1
SG_013091,2025-11-28,0
SG_013092,2025-12-11,0
SG_013095,2026-10-27,0
SG_013097,2025-10-27,0
SG_013098,2026-01-03,0
SG_013099,2026-02-11,0
SG_013100,2025-09-02,0
SG_013101,2025-01-13,0
SG_013102,2026-06-03,0
SG_013103,2026-11-18,1
SG_013105,2025-12-09,1
SG_013106,2026-04-04,0
SG_013107,2026-06-27,0
SG_013109,2026-06-15,0
SG_013110,2025-02-13,0
SG_013113,2026-01-11,0
SG_013114,2025-07-14,0
SG_013116,2025-03-24,0
SG_013118,2025-05-10,1
SG_013119,2025-04-19,0
SG_013120,2025-12-24,0
SG_013121,2025-02-11,0
SG_013122,2025-09-02,0
SG_013123,2026-04-29,0
SG_013124,2025-02-17,0
SG_013126,2026-03-05,0
SG_013128,2025-08-01,0
SG_013129,2025-03-24,0
SG_013130,2026-03-28,0
SG_013131,2025-08-17,0
SG_013132,2025-05-15,0
SG_013133,2025-12-12,1
SG_013134,2025-11-15,0
SG_013136,2026-05-14,1
SG_013137,2026-11-29,1
SG_013140,2025-10-27,0
SG_013142,2026-02-17,1
SG_013143,2025-11-27,0
SG_013144,2026-03-21,0
SG_013145,2025-10-12,0
SG_013146,2025-11-17,0
SG_013147,2025-11-02,0
SG_013148,2025-03-23,0
SG_013151,2026-01-13,0
SG_013152,2025-06-15,0
SG_013153,2025-09-21,0
SG_013154,2026-05-11,1
SG_013155,2026-05-31,0
SG_013156,2026-05-26,0
SG_013158,2026-02-14,0
SG_013160,2025-10-15,0
SG_013161,2025-12-02,0
SG_013162,2025-08-01,0
SG_013163,2025-12-21,0
SG_013164,2025-05-16,0
SG_013165,2025-01-27,1
SG_013167,2025-05-29,0
SG_013168,2025-11-03,0
SG_013169,2026-09-28,0
SG_013170,2025-11-25,0
SG_013171,2026-02-22,0
SG_013173,2025-12-29,0
SG_013174,2025-12-10,0
SG_013175,2026-02-16,1
SG_013176,2025-10-11,0
SG_013179,2026-08-26,0
SG_013180,2026-01-26,0
SG_013181,2026-04-08,0
SG_013182,2025-08-08,0
SG_013183,2026-06-03,0
SG_013184,2026-03-26,1
SG_013185,2025-08-14,1
SG_013186,2025-08-25,0
SG_013188,2025-11-10,0
SG_013189,2025-06-09,1
SG_013190,2026-07-04,0
SG_013191,2026-01-21,0
SG_013192,2025-04-13,0
SG_013193,2025-11-03,0
SG_013194,2026-03-28,0
SG_013195,2026-02-18,0
SG_013197,2025-09-10,0
SG_013198,2025-11-07,1
SG_013199,2025-11-17,0
SG_013200,2025-12-26,0
SG_013203,2025-03-27,0
SG_013204,2026-05-03,0
SG_013205,2026-10-07,0
SG_013206,2026-03-16,0
SG_013207,2025-08-04,0
SG_013208,2026-06-11,0
SG_013209,2025-11-11,1
SG_013210,2025-12-14,0
SG_013211,2026-07-26,0
SG_013213,2026-06-17,0
SG_013214,2026-02-12,0
SG_013215,2025-12-13,0
SG_013216,2026-02-17,0
SG_013217,2026-05-15,0
SG_013218,2025-01-29,0
SG_013220,2025-01-31,0
SG_013221,2025-01-09,0
SG_013225,2026-02-20,0
SG_013226,2025-08-08,1
SG_013227,2026-06-12,0
SG_013228,2025-03-07,0
SG_013229,2025-05-23,0
SG_013230,2025-07-29,0
SG_013231,2026-06-01,1
SG_013232,2025-04-14,0
SG_013234,2025-04-23,0
SG_013235,2026-01-12,0
SG_013236,2026-07-30,0
SG_013238,2026-05-19,0
SG_013239,2026-05-31,1
SG_013240,2026-10-20,0
SG_013241,2025-08-03,0
SG_013242,2026-03-16,0
SG_013243,2026-01-09,1
SG_013244,2025-05-22,0
SG_013246,2026-09-01,1
SG_013247,2025-07-12,0
SG_013248,2025-07-20,1
SG_013251,2025-03-02,1
SG_013252,2026-03-12,0
SG_013253,2026-01-31,0
SG_013254,2026-09-04,0
SG_013255,2025-01-15,0
SG_013256,2025-06-16,0
SG_013257,2025-11-17,0
SG_013258,2025-01-12,0
SG_013259,2025-04-10,0
SG_013261,2025-12-10,0
SG_013262,2026-04-05,1
SG_013263,2025-10-27,0
SG_013265,2025-04-01,0
SG_013268,2026-08-24,0
SG_013270,2025-09-26,0
SG_013271,2026-03-26,0
SG_013272,2026-05-23,0
SG_013274,2025-12-19,1
SG_013275,2026-05-02,0
SG_013277,2026-05-20,0
SG_013278,2025-07-13,0
SG_013279,2026-03-15,0
SG_013283,2026-11-17,1
SG_013284,2025-10-03,1
SG_013285,2026-10-15,1
SG_013286,2025-08-21,0
SG_013287,2025-03-17,1
SG_013289,2026-11-18,0
SG_013290,2025-09-16,0
SG_013291,2026-02-14,0
SG_013293,2025-10-22,0
SG_013295,2026-06-23,1
SG_013296,2026-10-24,0
SG_013298,2026-01-06,0
SG_013299,2025-04-13,0
SG_013300,2026-02-21,0
SG_013301,2025-11-09,0
SG_013302,2026-05-24,0
SG_013303,2025-02-18,0
SG_013305,2025-02-19,0
SG_013306,2025-08-14,0
SG_013307,2025-03-31,0
SG_013308,2025-09-29,0
SG_013309,2026-10-14,0
SG_013310,2026-04-28,0
SG_013312,2025-01-03,1
SG_013316,2026-01-31,0
SG_013318,2025-09-26,0
SG_013319,2026-09-28,0
SG_013320,2025-11-09,0
SG_013322,2025-10-20,1
SG_013324,2025-04-03,1
SG_013325,2025-01-23,1
SG_013326,2025-11-20,0
SG_013329,2026-10-21,0
SG_013330,2026-04-03,0
SG_013331,2025-08-20,0
SG_013333,2026-02-01,0
SG_013334,2025-11-20,0
SG_013335,2025-12-22,0
SG_013336,2026-04-19,0
SG_013341,2025-03-26,0
SG_013343,2026-09-26,0
SG_013346,2025-08-11,0
SG_013349,2025-07-28,0
SG_013350,2026-04-19,1
SG_013351,2026-10-28,0
SG_013352,2025-11-02,0
SG_013353,2026-08-23,1
SG_013354,2026-04-24,0
SG_013355,2026-05-15,0
SG_013357,2025-08-29,1
SG_013363,2025-09-09,1
SG_013364,2026-08-04,1
SG_013365,2026-06-12,0
SG_013367,2025-10-24,0
SG_013368,2025-09-13,0
SG_013369,2025-11-04,0
SG_013370,2025-11-28,0
SG_013373,2025-11-29,0
SG_013375,2025-09-03,0
SG_013376,2025-08-04,0
SG_013377,2025-01-26,0
SG_013378,2025-03-27,1
SG_013379,2026-02-26,0
SG_013381,2025-06-05,0
SG_013382,2025-06-01,0
SG_013385,2025-08-29,0
SG_013386,2026-11-25,1
SG_013387,2026-07-31,0
SG_013388,2025-11-22,0
SG_013389,2025-10-26,0
SG_013390,2025-11-19,0
SG_013394,2025-05-26,0
SG_013395,2025-09-27,0
SG_013397,2026-07-10,1
SG_013398,2025-11-21,0
SG_013399,2026-02-21,0
SG_013401,2025-05-20,0
SG_013402,2026-07-01,0
SG_013403,2025-08-21,0
SG_013405,2026-01-08,0
SG_013406,2026-03-18,0
SG_013407,2026-06-28,0
SG_013408,2025-08-11,0
SG_013409,2025-12-12,0
SG_013410,2025-04-15,0
SG_013411,2026-04-11,0
SG_013415,2026-01-13,0
SG_013416,2025-12-18,0
SG_013417,2026-12-26,0
SG_013419,2026-11-27,0
SG_013422,2025-07-04,0
SG_013423,2025-11-15,0
SG_013425,2026-07-14,0
SG_013426,2026-06-08,0
SG_013428,2025-04-15,0
SG_013429,2025-12-26,0
SG_013431,2025-12-01,0
SG_013432,2026-03-20,0
SG_013433,2026-04-08,1
SG_013434,2026-07-20,0
SG_013436,2025-02-12,1
SG_013437,2025-02-08,0
SG_013439,2025-10-23,0
SG_013441,2025-11-04,0
SG_013442,2026-05-26,0
SG_013445,2025-07-12,0
SG_013448,2025-03-20,0
SG_013449,2025-08-09,0
SG_013450,2026-04-19,0
SG_013451,2026-08-06,0
SG_013453,2026-11-24,0
SG_013455,2025-11-08,0
SG_013457,2026-01-22,0
SG_013458,2025-11-11,0
SG_013459,2025-09-17,0
SG_013460,2026-01-14,0
SG_013461,2026-05-31,0
SG_013465,2026-03-19,1
SG_013466,2026-11-25,0
SG_013467,2025-11-25,0
SG_013469,2026-09-18,0
SG_013470,2025-01-23,0
SG_013471,2025-10-09,0
SG_013473,2026-03-07,0
SG_013475,2026-07-11,0
SG_013476,2026-04-22,0
SG_013478,2025-03-05,0
SG_013479,2026-04-01,0
SG_013481,2026-02-03,0
SG_013482,2025-12-02,0
SG_013483,2025-09-02,0
SG_013484,2025-07-11,0
SG_013488,2025-10-09,0
SG_013489,2026-03-07,1
SG_013490,2026-10-15,0
SG_013492,2026-01-30,0
SG_013493,2025-10-11,0
SG_013494,2025-01-13,0
SG_013496,2026-12-16,0
SG_013497,2026-10-01,1
SG_013498,2026-04-15,0
SG_013500,2025-03-06,1
SG_013501,2025-02-01,0
SG_013502,2025-05-05,0
SG_013503,2026-02-28,1
SG_013505,2025-09-23,1
SG_013506,2025-12-07,1
SG_013507,2025-09-23,0
SG_013510,2025-02-28,0
SG_013511,2025-11-11,0
SG_013512,2026-02-11,0
SG_013513,2025-06-17,0
SG_013514,2025-05-09,0
SG_013516,2026-03-12,0
SG_013517,2026-01-23,0
SG_013518,2025-05-11,1
SG_013519,2026-04-21,0
SG_013520,2025-10-27,0
SG_013521,2025-04-05,0
SG_013522,2025-10-06,1
SG_013524,2026-03-04,0
SG_013525,2025-12-04,0
SG_013526,2025-10-22,0
SG_013527,2025-09-01,0
SG_013529,2025-12-12,0
SG_013530,2025-03-19,0
SG_013531,2025-10-16,0
SG_013532,2025-10-24,0
SG_013533,2025-10-10,0
SG_013534,2026-05-26,0
SG_013535,2025-01-29,0
SG_013536,2026-09-28,0
SG_013537,2026-10-20,0
SG_013539,2026-05-04,1
SG_013540,2026-02-10,0
SG_013541,2026-09-08,0
SG_013547,2026-07-27,0
SG_013550,2026-12-24,0
SG_013551,2026-11-03,0
SG_013555,2025-05-21,1
SG_013556,2025-06-27,0
SG_013559,2026-10-26,0
SG_013560,2025-07-21,0
SG_013562,2026-02-26,1
SG_013564,2026-08-06,0
SG_013566,2025-09-19,0
SG_013569,2025-01-29,0
SG_013570,2025-09-22,0
SG_013572,2026-02-14,0
SG_013573,2026-08-19,0
SG_013576,2025-05-07,1
SG_013577,2026-05-23,0
SG_013581,2025-11-23,0
SG_013582,2025-11-26,0
SG_013583,2025-08-28,0
SG_013584,2025-07-21,0
SG_013585,2025-12-06,1
SG_013587,2026-03-21,0
SG_013589,2026-03-06,0
SG_013590,2026-04-07,0
SG_013592,2025-07-10,1
SG_013593,2025-07-12,0
SG_013594,2025-09-26,0
SG_013595,2025-12-07,0
SG_013596,2025-11-29,1
SG_013597,2026-12-24,0
SG_013599,2026-06-01,0
SG_013600,2026-12-04,0
SG_013603,2026-07-24,0
SG_013605,2025-12-20,0
SG_013606,2025-12-06,0
SG_013607,2025-11-06,0
SG_013609,2025-06-22,0
SG_013611,2026-07-04,0
SG_013614,2026-07-14,0
SG_013615,2025-04-16,1
SG_013617,2025-07-27,0
SG_013618,2026-01-07,0
SG_013620,2025-07-28,0
SG_013621,2025-05-10,0
SG_013622,2026-05-30,0
SG_013623,2026-09-24,1
SG_013625,2026-04-16,0
SG_013627,2025-12-14,0
SG_013630,2025-11-22,0
SG_013631,2026-12-22,0
SG_013632,2025-01-04,0
SG_013634,2026-02-24,0
SG_013636,2025-10-16,0
SG_013640,2025-05-03,0
SG_013642,2026-02-22,0
SG_013643,2026-11-17,0
SG_013644,2026-04-16,0
SG_013645,2026-05-16,0
SG_013647,2025-03-14,0
SG_013648,2025-10-02,0
SG_013649,2026-02-23,0
SG_013650,2025-08-14,0
SG_013651,2025-10-06,0
SG_013652,2026-05-15,0
SG_013654,2025-03-07,0
SG_013655,2026-04-02,0
SG_013656,2026-08-22,0
SG_013657,2025-09-25,0
SG_013658,2025-05-16,0
SG_013659,2025-09-27,0
SG_013660,2026-01-15,1
SG_013661,2026-06-25,0
SG_013662,2026-02-25,0
SG_013663,2025-06-06,0
SG_013664,2025-10-24,0
SG_013665,2025-03-30,0
SG_013666,2025-04-18,0
SG_013669,2025-06-20,0
SG_013671,2025-12-30,0
SG_013672,2025-10-18,1
SG_013673,2026-04-21,0
SG_013674,2025-09-25,1
SG_013676,2026-01-06,0
SG_013679,2026-01-06,0
SG_013680,2025-10-11,0
SG_013687,2025-12-28,0
SG_013688,2026-02-18,0
SG_013689,2025-07-16,0
SG_013691,2025-10-30,0
SG_013692,2026-08-28,0
SG_013693,2026-03-25,0
SG_013694,2025-01-13,0
SG_013696,2025-08-03,0
SG_013697,2026-10-23,0
SG_013698,2025-09-05,1
SG_013699,2026-12-13,0
SG_013700,2025-12-20,0
SG_013701,2025-09-17,0
SG_013702,2026-08-05,1
SG_013703,2025-11-10,0
SG_013704,2025-11-23,0
SG_013707,2025-02-17,1
SG_013709,2025-11-30,1
SG_013710,2026-02-14,0
SG_013712,2025-05-28,0
SG_013714,2025-10-03,0
SG_013717,2026-06-10,0
SG_013718,2025-05-01,0
SG_013719,2026-08-04,0
SG_013720,2025-10-23,0
SG_013721,2026-02-11,0
SG_013722,2026-04-08,0
SG_013723,2025-12-14,0
SG_013724,2025-07-29,0
SG_013725,2025-05-11,1
SG_013729,2025-06-09,0
SG_013730,2025-12-27,0
SG_013732,2026-05-07,0
SG_013734,2026-06-14,1
SG_013735,2026-02-12,0
SG_013736,2025-07-07,0
SG_013738,2025-12-08,0
SG_013739,2025-01-04,1
SG_013742,2026-04-15,1
SG_013743,2025-06-08,0
SG_013748,2025-10-16,0
SG_013750,2025-09-12,0
SG_013751,2026-10-14,1
SG_013752,2026-06-24,0
SG_013753,2026-06-19,0
SG_013754,2025-04-23,0
SG_013756,2025-02-28,1
SG_013757,2025-07-30,0
SG_013758,2026-06-26,0
SG_013760,2026-01-03,0
SG_013761,2025-07-05,0
SG_013762,2026-01-21,1
SG_013763,2025-09-04,0
SG_013764,2026-02-16,0
SG_013767,2025-06-05,0
SG_013768,2026-02-28,0
SG_013770,2025-07-08,0
SG_013771,2026-03-20,0
SG_013772,2025-07-26,0
SG_013774,2026-03-24,0
SG_013775,2026-07-08,0
SG_013776,2026-06-24,0
SG_013777,2025-06-07,0
SG_013778,2026-05-17,0
SG_013779,2026-05-26,0
SG_013780,2025-03-11,0
SG_013781,2026-01-14,0
SG_013782,2026-04-01,0
SG_013783,2026-07-14,0
SG_013784,2026-07-08,0
SG_013786,2026-03-27,0
SG_013787,2025-05-06,0
SG_013788,2026-02-24,0
SG_013789,2025-07-16,0
SG_013790,2025-04-05,0
SG_013791,2025-04-01,0
SG_013792,2026-04-07,1
SG_013794,2026-01-08,0
SG_013795,2025-05-22,0
SG_013796,2026-03-01,0
SG_013797,2025-11-03,0
SG_013798,2026-04-12,0
SG_013799,2026-01-27,0
SG_013801,2026-06-29,0
SG_013802,2025-11-19,0
SG_013803,2026-09-03,0
SG_013804,2025-12-16,0
SG_013805,2026-06-11,0
SG_013806,2026-09-12,1
SG_013807,2025-05-24,0
SG_013809,2025-07-05,0
SG_013810,2025-08-01,0
SG_013811,2025-08-06,1
SG_013812,2026-07-25,0
SG_013813,2026-01-06,0
SG_013814,2025-06-16,0
SG_013816,2025-12-16,0
SG_013817,2026-12-31,0
SG_013818,2026-01-30,0
SG_013819,2026-05-30,0
SG_013820,2025-05-29,1
SG_013821,2026-08-11,0
SG_013822,2025-09-26,0
SG_013823,2025-08-31,1
SG_013824,2026-05-29,0
SG_013825,2026-09-20,0
SG_013826,2025-07-31,0
SG_013828,2025-04-27,0
SG_013829,2026-07-24,1
SG_013830,2026-02-04,1
SG_013831,2026-02-23,0
SG_013832,2026-03-30,0
SG_013833,2026-06-26,1
SG_013834,2025-06-04,0
SG_013835,2026-12-27,1
SG_013836,2025-06-12,0
SG_013837,2025-12-04,0
SG_013838,2026-03-05,0
SG_013839,2025-06-07,0
SG_013843,2025-06-19,0
SG_013846,2026-06-11,0
SG_013847,2026-02-03,0
SG_013848,2025-09-20,0
SG_013852,2026-02-06,0
SG_013856,2026-03-16,0
SG_013858,2025-09-21,0
SG_013859,2026-10-15,0
SG_013861,2025-01-29,0
SG_013863,2025-08-28,0
SG_013864,2025-11-11,1
SG_013865,2025-11-15,0
SG_013866,2026-08-27,0
SG_013869,2025-02-27,0
SG_013871,2025-09-30,0
SG_013872,2025-09-20,0
SG_013873,2025-09-04,1
SG_013874,2026-02-25,0
SG_013875,2025-10-04,0
SG_013876,2025-07-10,0
SG_013877,2025-03-18,0
SG_013878,2026-01-19,0
SG_013879,2026-07-27,0
SG_013880,2026-01-23,0
SG_013881,2025-03-20,0
SG_013882,2026-10-16,0
SG_013886,2026-09-08,0
SG_013887,2025-03-12,0
SG_013888,2025-04-20,1
SG_013889,2026-03-16,0
SG_013890,2026-08-30,0
SG_013891,2025-12-28,1
SG_013893,2025-01-29,0
SG_013894,2026-04-27,1
SG_013895,2025-01-20,0
SG_013897,2025-05-14,0
SG_013899,2025-11-02,0
SG_013900,2025-11-28,1
SG_013902,2026-09-12,1
SG_013903,2025-12-23,0
SG_013904,2026-03-26,0
SG_013908,2026-06-14,0
SG_013909,2025-11-08,0
SG_013911,2025-04-24,0
SG_013913,2026-04-08,1
SG_013915,2026-11-16,0
SG_013916,2026-01-24,1
SG_013917,2025-10-13,1
SG_013918,2025-07-12,0
SG_013920,2026-03-27,0
SG_013921,2025-06-27,1
SG_013923,2026-08-21,1
SG_013924,2025-11-27,0
SG_013925,2026-03-15,0
SG_013926,2025-04-05,1
SG_013927,2026-08-20,0
SG_013928,2026-07-27,0
SG_013929,2026-08-27,0
SG_013930,2025-05-05,1
SG_013931,2026-05-23,0
SG_013932,2026-08-15,0
SG_013933,2025-10-19,0
SG_013934,2026-03-29,0
SG_013935,2026-02-08,1
SG_013936,2025-02-19,0
SG_013937,2025-01-21,0
SG_013938,2026-03-22,0
SG_013939,2026-08-19,0
SG_013940,2026-03-25,0
SG_013941,2025-03-20,0
SG_013942,2025-06-22,0
SG_013945,2026-10-18,1
SG_013947,2025-12-28,0
SG_013950,2025-04-06,0
SG_013951,2025-12-10,0
SG_013952,2026-01-05,0
SG_013954,2025-11-18,0
SG_013955,2025-03-12,1
SG_013956,2025-03-26,0
SG_013957,2026-01-01,0
SG_013958,2025-11-14,0
SG_013959,2025-07-30,0
SG_013960,2026-04-17,0
SG_013961,2026-03-17,0
SG_013963,2025-07-17,0
SG_013964,2025-08-17,0
SG_013966,2025-10-23,0
SG_013967,2025-04-19,0
SG_013968,2025-04-15,1
SG_013970,2026-01-08,0
SG_013971,2026-06-01,0
SG_013972,2025-09-18,1
SG_013973,2026-11-25,1
SG_013975,2026-06-05,1
SG_013976,2026-08-17,1
SG_013977,2025-10-31,0
SG_013981,2026-04-24,0
SG_013982,2025-07-13,1
SG_013983,2025-10-14,1
SG_013984,2025-11-03,0
SG_013985,2025-10-07,0
SG_013987,2026-06-02,0
SG_013988,2025-08-01,0
SG_013989,2025-08-04,0
SG_013990,2025-04-06,1
SG_013991,2026-06-06,0
SG_013992,2026-10-26,0
SG_013993,2025-12-27,0
SG_013994,2026-05-11,1
SG_013995,2025-10-01,0
SG_013996,2025-09-14,0
SG_013998,2025-06-02,0
SG_013999,2026-02-24,1
SG_014001,2026-03-03,0
SG_014002,2026-03-29,0
SG_014003,2026-05-18,0
SG_014005,2026-08-06,0
SG_014006,2026-02-16,0
SG_014007,2025-01-17,1
SG_014008,2026-03-03,0
SG_014011,2026-03-22,0
SG_014013,2026-01-09,0
SG_014019,2026-01-13,0
SG_014024,2025-12-09,0
SG_014025,2025-08-16,0
SG_014027,2026-12-06,0
SG_014028,2025-05-28,0
SG_014029,2026-01-09,1
SG_014032,2025-09-18,0
SG_014033,2026-05-12,0
SG_014034,2025-10-02,1
SG_014035,2026-10-21,0
SG_014038,2026-09-26,0
SG_014040,2026-08-25,1
SG_014041,2025-09-22,1
SG_014042,2025-10-30,0
SG_014043,2026-10-03,0
SG_014044,2025-08-09,1
SG_014048,2025-08-29,0
SG_014049,2026-10-15,0
SG_014051,2025-04-11,0
SG_014052,2026-06-22,0
SG_014054,2025-05-18,0
SG_014055,2025-01-14,0
SG_014056,2025-10-05,0
SG_014057,2025-05-17,0
SG_014060,2025-01-02,0
SG_014061,2025-04-03,0
SG_014063,2025-09-09,0
SG_014064,2026-05-18,1
SG_014065,2025-03-07,0
SG_014066,2026-12-04,0
SG_014068,2026-02-22,1
SG_014069,2025-03-07,0
SG_014070,2025-07-31,0
SG_014071,2026-08-18,0
SG_014074,2025-08-07,0
SG_014076,2025-02-16,0
SG_014077,2026-05-31,0
SG_014078,2025-02-19,0
SG_014079,2025-12-30,1
SG_014080,2026-03-23,0
SG_014082,2025-12-16,0
SG_014083,2025-10-02,0
SG_014084,2026-05-11,0
SG_014086,2025-07-01,0
SG_014087,2025-02-04,0
SG_014089,2025-06-14,0
SG_014090,2026-01-02,0
SG_014091,2026-06-12,1
SG_014092,2026-02-20,0
SG_014093,2026-02-13,0
SG_014094,2025-06-07,0
SG_014095,2025-10-15,0
SG_014097,2026-02-07,0
SG_014098,2025-12-01,0
SG_014100,2026-07-17,0
SG_014101,2026-06-20,0
SG_014103,2026-09-26,0
SG_014104,2025-07-11,0
SG_014106,2026-02-02,0
SG_014107,2026-04-23,0
SG_014108,2025-02-15,0
SG_014109,2026-03-12,1
SG_014110,2026-09-28,0
SG_014112,2025-04-28,0
SG_014114,2026-05-17,0
SG_014115,2025-03-17,0
SG_014117,2026-02-17,0
SG_014118,2025-04-22,0
SG_014119,2025-04-04,0
SG_014120,2025-11-11,0
SG_014121,2025-12-07,0
SG_014125,2026-07-02,0
SG_014126,2026-06-21,0
SG_014127,2026-11-07,0
SG_014128,2026-03-13,1
SG_014129,2026-03-27,0
SG_014131,2025-03-21,0
SG_014133,2026-03-13,0
SG_014134,2025-09-27,0
SG_014137,2026-08-05,0
SG_014138,2025-07-13,0
SG_014142,2026-03-10,0
SG_014143,2026-03-29,0
SG_014144,2025-03-20,0
SG_014145,2025-09-24,0
SG_014147,2026-08-14,0
SG_014148,2025-10-05,1
SG_014149,2025-10-12,0
SG_014150,2025-09-30,0
SG_014151,2026-08-03,0
SG_014152,2026-04-24,0
SG_014153,2025-02-10,1
SG_014154,2025-12-06,0
SG_014156,2025-10-10,0
SG_014158,2025-11-23,0
SG_014159,2026-06-30,0
SG_014160,2026-05-24,0
SG_014163,2026-01-03,0
SG_014164,2025-09-10,0
SG_014166,2026-04-09,0
SG_014169,2025-03-12,0
SG_014170,2025-11-27,0
SG_014171,2025-06-19,0
SG_014173,2025-04-11,0
SG_014174,2025-12-13,0
SG_014175,2025-10-14,0
SG_014178,2026-04-18,1
SG_014179,2025-01-08,0
SG_014180,2025-06-27,0
SG_014181,2025-12-02,1
SG_014182,2026-04-26,0
SG_014183,2025-07-17,0
SG_014185,2026-07-22,0
SG_014187,2026-03-24,0
SG_014189,2026-05-17,0
SG_014193,2025-09-26,0
SG_014195,2025-07-12,0
SG_014198,2025-11-30,0
SG_014199,2025-12-14,0
SG_014200,2026-11-02,0
SG_014201,2025-09-07,0
SG_014202,2025-04-14,1
SG_014203,2026-03-12,1
SG_014204,2026-05-15,0
SG_014206,2026-12-05,0
SG_014207,2026-08-14,0
SG_014208,2026-12-12,0
SG_014209,2026-01-25,0
SG_014211,2025-11-23,1
SG_014212,2026-01-14,0
SG_014213,2026-12-28,0
SG_014214,2026-04-10,1
SG_014215,2026-08-23,0
SG_014216,2026-05-20,0
SG_014218,2026-02-27,0
SG_014220,2026-05-16,0
SG_014221,2025-02-27,0
SG_014222,2026-05-13,0
SG_014224,2025-09-01,0
SG_014225,2026-11-19,0
SG_014226,2025-11-19,0
SG_014227,2025-09-04,0
SG_014228,2025-07-17,0
SG_014229,2025-11-28,0
SG_014230,2026-05-02,0
SG_014231,2026-12-26,0
SG_014232,2025-07-30,0
SG_014233,2025-06-17,0
SG_014234,2025-07-05,0
SG_014236,2025-07-27,0
SG_014238,2026-06-15,0
SG_014239,2025-12-26,0
SG_014240,2026-03-22,0
SG_014241,2026-01-22,0
SG_014242,2026-04-24,1
SG_014244,2025-12-14,0
SG_014245,2026-08-17,0
SG_014246,2026-04-03,0
SG_014247,2025-06-14,1
SG_014250,2026-04-21,1
SG_014251,2025-05-29,0
SG_014252,2025-06-21,0
SG_014253,2025-10-26,0
SG_014254,2025-03-09,0
SG_014255,2026-01-05,1
SG_014256,2025-12-03,0
SG_014257,2026-02-03,0
SG_014258,2025-03-07,1
SG_014260,2025-10-22,0
SG_014261,2025-03-23,1
SG_014262,2026-07-01,0
SG_014263,2025-01-06,0
SG_014264,2025-07-25,0
SG_014265,2025-06-05,0
SG_014266,2025-08-01,0
SG_014267,2025-08-14,0
SG_014268,2025-08-10,1
SG_014271,2025-12-10,1
SG_014273,2025-02-12,0
SG_014274,2025-03-14,0
SG_014275,2026-01-15,0
SG_014276,2025-09-03,1
SG_014278,2026-02-04,0
SG_014279,2025-04-10,0
SG_014280,2025-08-10,0
SG_014281,2026-02-03,1
SG_014282,2026-04-17,0
SG_014283,2025-12-09,1
SG_014284,2025-10-01,0
SG_014285,2026-07-01,0
SG_014286,2025-08-01,0
SG_014287,2025-10-15,0
SG_014289,2026-02-06,1
SG_014291,2025-09-14,0
SG_014294,2025-11-03,0
SG_014296,2025-06-13,1
SG_014297,2026-05-10,0
SG_014298,2026-01-15,0
SG_014300,2025-04-26,0
SG_014301,2025-06-01,0
SG_014302,2026-08-04,0
SG_014303,2026-05-11,0
SG_014304,2026-06-21,0
SG_014305,2025-12-02,0
SG_014306,2026-03-16,0
SG_014307,2026-05-04,0
SG_014310,2026-04-02,0
SG_014312,2026-01-23,0
SG_014313,2025-10-23,0
SG_014315,2025-05-10,0
SG_014316,2025-06-13,0
SG_014317,2026-03-11,0
SG_014318,2025-04-09,1
SG_014322,2025-09-14,0
SG_014323,2026-03-28,0
SG_014324,2026-11-16,0
SG_014325,2026-02-19,0
SG_014326,2026-01-27,0
SG_014327,2025-10-11,0
SG_014329,2025-09-24,0
SG_014330,2026-07-02,0
SG_014331,2025-07-08,0
SG_014332,2025-05-18,0
SG_014333,2025-09-19,0
SG_014336,2025-12-24,0
SG_014337,2025-12-04,0
SG_014338,2025-11-11,0
SG_014340,2025-09-16,0
SG_014341,2025-07-03,0
SG_014344,2025-06-08,0
SG_014346,2025-01-05,0
SG_014347,2026-04-01,1
SG_014348,2026-08-20,0
SG_014349,2025-09-24,0
SG_014350,2025-01-06,0
SG_014351,2025-01-12,0
SG_014352,2026-08-25,0
SG_014353,2026-02-09,0
SG_014354,2026-02-25,1
SG_014355,2026-06-28,1
SG_014356,2026-08-19,0
SG_014357,2025-08-02,0
SG_014358,2025-01-18,0
SG_014359,2025-11-04,0
SG_014360,2026-03-08,0
SG_014361,2025-10-02,0
SG_014362,2025-04-27,0
SG_014364,2026-02-11,0
SG_014365,2026-12-02,0
SG_014366,2026-07-19,0
SG_014367,2025-11-16,0
SG_014369,2026-10-20,0
SG_014371,2025-04-01,0
SG_014372,2026-03-13,0
SG_014374,2025-07-10,1
SG_014376,2026-04-11,0
SG_014377,2025-07-05,1
SG_014378,2026-07-26,0
SG_014379,2026-03-31,0
SG_014381,2025-09-29,0
SG_014382,2026-02-08,0
SG_014384,2026-05-29,0
SG_014388,2026-05-17,0
SG_014390,2026-11-24,0
SG_014392,2025-08-04,0
SG_014393,2025-11-02,0
SG_014395,2026-06-17,0
SG_014396,2026-04-13,0
SG_014397,2026-01-13,0
SG_014399,2025-09-30,0
SG_014400,2025-08-09,0
SG_014401,2025-02-05,1
SG_014403,2025-08-03,1
SG_014404,2026-01-18,0
SG_014405,2026-07-08,0
SG_014406,2025-08-07,0
SG_014407,2025-09-05,0
SG_014408,2025-06-13,0
SG_014410,2025-09-22,0
SG_014412,2025-02-22,0
SG_014413,2026-05-25,0
SG_014414,2025-06-16,0
SG_014417,2025-10-30,0
SG_014419,2026-09-10,0
SG_014420,2026-02-01,0
SG_014421,2025-09-06,0
SG_014422,2025-05-10,1
SG_014423,2025-07-16,0
SG_014424,2026-09-11,0
SG_014427,2026-03-02,0
SG_014428,2025-11-20,0
SG_014429,2025-11-28,0
SG_014430,2025-11-02,1
SG_014433,2025-05-28,0
SG_014434,2026-04-22,1
SG_014435,2026-04-15,0
SG_014436,2026-01-17,0
SG_014437,2026-02-03,0
SG_014438,2025-08-15,0
SG_014439,2026-03-05,0
SG_014440,2026-09-20,0
SG_014441,2026-02-21,1
SG_014442,2025-09-04,0
SG_014443,2025-12-07,0
SG_014444,2026-06-06,0
SG_014445,2025-06-22,0
SG_014448,2026-03-28,0
SG_014449,2025-10-20,0
SG_014450,2025-09-21,0
SG_014451,2025-07-17,0
SG_014452,2025-09-30,0
SG_014453,2025-02-04,0
SG_014454,2025-02-15,0
SG_014455,2026-11-17,0
SG_014456,2026-04-17,0
SG_014458,2026-01-02,0
SG_014459,2026-02-28,0
SG_014460,2025-10-27,1
SG_014461,2025-07-16,0
SG_014462,2025-11-15,0
SG_014463,2026-05-01,0
SG_014464,2025-11-14,0
SG_014467,2026-10-29,0
SG_014468,2025-08-17,0
SG_014470,2025-03-06,0
SG_014471,2026-01-12,0
SG_014472,2025-06-14,0
SG_014473,2025-07-17,0
SG_014475,2026-07-21,0
SG_014476,2026-04-27,0
SG_014477,2025-12-08,0
SG_014478,2026-03-10,0
SG_014479,2026-07-18,0
SG_014480,2026-03-19,1
SG_014481,2025-12-13,0
SG_014482,2025-10-09,0
SG_014483,2025-12-27,0
SG_014485,2025-11-14,0
SG_014487,2026-07-11,0
SG_014489,2026-03-05,1
SG_014490,2025-03-16,0
SG_014492,2025-02-23,1
SG_014493,2026-09-29,0
SG_014494,2025-10-12,0
SG_014496,2026-03-15,0
SG_014497,2025-07-10,0
SG_014498,2026-01-10,0
SG_014499,2025-12-04,0
SG_014500,2026-10-28,0
SG_014501,2025-05-13,0
SG_014502,2026-03-01,0
SG_014503,2026-03-19,0
SG_014504,2025-12-26,0
SG_014505,2026-02-22,1
SG_014506,2025-11-14,0
SG_014507,2025-08-25,0
SG_014508,2025-05-27,0
SG_014509,2025-07-16,0
SG_014510,2025-05-05,0
SG_014511,2025-04-14,0
SG_014513,2026-11-11,0
SG_014515,2026-07-13,1
SG_014517,2025-11-12,0
SG_014518,2026-09-04,1
SG_014520,2025-03-18,0
SG_014521,2025-12-29,0
SG_014523,2025-02-09,0
SG_014524,2026-03-14,0
SG_014525,2025-07-08,0
SG_014526,2025-02-12,0
SG_014527,2025-06-30,0
SG_014528,2026-01-18,0
SG_014530,2026-05-10,0
SG_014531,2025-12-22,1
SG_014532,2025-07-25,0
SG_014533,2026-09-08,0
SG_014534,2026-05-01,0
SG_014535,2025-05-23,0
SG_014536,2026-12-26,0
SG_014537,2025-07-13,1
SG_014539,2026-05-16,0
SG_014540,2025-03-11,0
SG_014541,2025-12-30,0
SG_014542,2025-11-19,0
SG_014543,2025-10-02,0
SG_014545,2025-10-23,0
SG_014546,2025-06-24,0
SG_014547,2025-05-08,0
SG_014548,2025-07-19,1
SG_014549,2026-04-05,0
SG_014550,2025-02-23,0
SG_014553,2026-05-26,1
SG_014554,2025-05-21,0
SG_014555,2025-12-08,0
SG_014557,2025-05-01,0
SG_014558,2026-08-02,0
SG_014559,2025-02-27,0
SG_014560,2026-03-24,0
SG_014561,2026-06-17,0
SG_014563,2026-01-16,0
SG_014564,2026-01-15,0
SG_014567,2025-12-09,0
SG_014571,2026-04-29,0
SG_014572,2025-02-28,1
SG_014573,2026-12-07,0
SG_014574,2025-01-10,0
SG_014575,2026-05-29,0
SG_014576,2025-10-20,0
SG_014577,2026-03-31,0
SG_014580,2025-10-18,0
SG_014584,2026-05-14,0
SG_014585,2026-02-16,0
SG_014586,2026-02-08,0
SG_014588,2025-07-04,0
SG_014589,2025-12-01,0
SG_014590,2026-01-12,0
SG_014591,2025-01-01,0
SG_014592,2026-07-16,0
SG_014593,2026-06-06,0
SG_014595,2025-12-16,0
SG_014598,2026-03-10,0
SG_014599,2025-11-16,1
SG_014600,2025-03-18,0
SG_014601,2025-08-30,0
SG_014602,2025-09-03,0
SG_014603,2025-10-23,1
SG_014604,2025-12-14,0
SG_014605,2025-10-18,1
SG_014606,2026-01-26,0
SG_014608,2026-12-27,0
SG_014609,2025-02-10,1
SG_014610,2026-01-26,1
SG_014612,2025-06-21,0
SG_014613,2025-12-14,0
SG_014614,2025-07-09,0
SG_014615,2026-10-17,1
SG_014620,2026-04-23,0
SG_014622,2025-10-19,0
SG_014623,2026-05-15,0
SG_014624,2025-01-08,1
SG_014625,2026-10-03,0
SG_014627,2025-10-04,0
SG_014628,2026-06-06,0
SG_014629,2025-01-23,0
SG_014630,2026-09-03,0
SG_014631,2026-07-12,0
SG_014632,2025-07-23,0
SG_014633,2025-07-05,0
SG_014638,2025-07-28,0
SG_014639,2025-01-01,1
SG_014642,2025-12-27,0
SG_014643,2025-03-07,0
SG_014644,2026-02-01,0
SG_014646,2026-04-04,0
SG_014648,2026-12-23,0
SG_014649,2026-02-09,0
SG_014650,2025-07-21,0
SG_014651,2026-04-25,1
SG_014652,2026-12-17,0
SG_014654,2025-03-21,0
SG_014658,2025-12-07,0
SG_014659,2025-09-10,0
SG_014661,2026-10-13,1
SG_014662,2025-02-01,0
SG_014663,2025-05-18,0
SG_014664,2025-06-21,0
SG_014665,2025-12-16,0
SG_014666,2025-04-08,1
SG_014668,2025-01-13,0
SG_014669,2026-03-10,0
SG_014670,2025-11-14,0
SG_014671,2025-01-21,0
SG_014673,2025-04-15,0
SG_014674,2026-06-19,0
SG_014675,2025-02-13,0
SG_014676,2026-05-04,0
SG_014678,2025-08-24,0
SG_014679,2025-03-04,0
SG_014682,2025-08-19,1
SG_014683,2026-01-21,1
SG_014684,2026-08-27,1
SG_014685,2026-12-13,0
SG_014686,2025-10-05,1
SG_014688,2026-04-04,1
SG_014689,2026-06-10,0
SG_014692,2026-06-12,0
SG_014693,2025-03-23,1
SG_014694,2025-10-31,1
SG_014695,2026-12-30,0
SG_014696,2025-06-17,0
SG_014697,2026-07-05,0
SG_014698,2025-03-18,0
SG_014699,2026-04-14,0
SG_014704,2026-03-09,0
SG_014705,2025-04-04,1
SG_014706,2026-07-02,0
SG_014707,2026-10-09,0
SG_014708,2026-04-02,0
SG_014709,2025-12-09,0
SG_014710,2025-04-07,0
SG_014711,2025-07-14,0
SG_014714,2025-07-10,0
SG_014715,2026-12-01,1
SG_014716,2025-06-20,1
SG_014717,2026-08-13,0
SG_014719,2025-11-14,0
SG_014721,2025-03-29,0
SG_014722,2026-05-04,0
SG_014724,2025-08-24,0
SG_014725,2026-03-23,0
SG_014726,2026-10-24,0
SG_014727,2025-09-09,1
SG_014728,2025-12-20,0
SG_014730,2026-01-13,0
SG_014732,2026-05-08,0
SG_014734,2025-09-30,0
SG_014736,2025-09-02,0
SG_014737,2026-06-19,0
SG_014738,2025-12-14,0
SG_014739,2026-01-22,0
SG_014740,2025-09-04,0
SG_014741,2026-10-05,0
SG_014743,2026-08-14,0
SG_014744,2025-05-18,0
SG_014745,2025-09-11,0
SG_014747,2026-04-27,0
SG_014750,2026-01-29,0
SG_014751,2026-12-08,1
SG_014752,2025-03-26,0
SG_014755,2026-05-04,0
SG_014756,2026-03-14,0
SG_014758,2026-11-18,0
SG_014759,2025-07-11,1
SG_014760,2025-04-06,0
SG_014761,2026-07-16,0
SG_014762,2026-06-29,1
SG_014763,2026-04-09,0
SG_014764,2025-05-15,0
SG_014765,2025-05-12,0
SG_014766,2025-05-02,0
SG_014767,2025-03-09,0
SG_014768,2026-01-03,0
SG_014769,2026-03-04,0
SG_014770,2026-12-27,1
SG_014772,2026-02-04,0
SG_014773,2025-04-30,0
SG_014775,2025-01-28,0
SG_014776,2026-04-20,0
SG_014779,2026-01-14,0
SG_014781,2025-04-19,0
SG_014782,2026-01-13,1
SG_014783,2026-03-27,0
SG_014784,2026-01-10,0
SG_014785,2026-08-23,0
SG_014786,2026-06-06,0
SG_014788,2026-06-29,0
SG_014789,2025-01-15,0
SG_014790,2026-02-14,0
SG_014791,2025-11-01,0
SG_014792,2025-05-05,0
SG_014793,2025-11-06,0
SG_014794,2025-01-20,0
SG_014795,2025-09-16,0
SG_014796,2026-06-24,0
SG_014797,2025-07-18,0
SG_014798,2025-03-21,0
SG_014799,2025-06-29,0
SG_014804,2025-04-18,0
SG_014805,2025-12-04,1
SG_014806,2026-12-07,0
SG_014807,2026-07-03,0
SG_014809,2025-03-31,1
SG_014810,2025-06-11,1
SG_014811,2025-09-26,0
SG_014814,2026-05-24,0
SG_014816,2026-08-23,0
SG_014817,2025-07-17,0
SG_014818,2026-01-12,0
SG_014819,2026-06-16,0
SG_014820,2026-02-12,0
SG_014821,2025-01-13,0
SG_014822,2025-10-17,0
SG_014823,2025-12-23,1
SG_014826,2026-11-13,0
SG_014828,2025-10-29,1
SG_014829,2025-07-27,1
SG_014831,2025-04-22,0
SG_014832,2025-05-17,0
SG_014833,2026-03-11,1
SG_014835,2025-04-29,1
SG_014836,2025-04-27,1
SG_014837,2025-04-23,1
SG_014838,2025-08-21,1
SG_014840,2025-04-12,1
SG_014841,2025-06-23,1
SG_014842,2025-01-01,0
SG_014843,2025-12-18,0
SG_014845,2026-02-26,0
SG_014846,2026-02-17,0
SG_014847,2026-07-26,0
SG_014848,2026-02-15,0
SG_014849,2025-10-26,0
SG_014850,2025-07-08,0
SG_014851,2026-09-05,0
SG_014852,2025-05-29,0
SG_014853,2026-03-12,0
SG_014854,2026-02-13,0
SG_014855,2025-02-08,1
SG_014856,2026-02-01,0
SG_014857,2025-07-05,0
SG_014858,2026-06-17,0
SG_014859,2026-08-14,0
SG_014860,2026-01-27,1
SG_014861,2025-10-15,0
SG_014862,2026-12-14,0
SG_014863,2025-08-02,0
SG_014864,2025-09-22,0
SG_014868,2026-12-26,0
SG_014869,2025-05-16,0
SG_014870,2025-07-03,0
SG_014872,2026-01-08,0
SG_014873,2025-12-21,0
SG_014876,2025-09-11,0
SG_014877,2026-06-12,0
SG_014878,2025-03-19,0
SG_014881,2026-03-08,1
SG_014883,2025-06-10,0
SG_014884,2025-08-05,0
SG_014886,2026-12-08,0
SG_014888,2026-01-10,0
SG_014889,2026-01-28,1
SG_014890,2025-09-11,0
SG_014891,2025-12-27,0
SG_014892,2025-07-13,0
SG_014893,2025-01-09,1
SG_014896,2025-05-18,0
SG_014897,2025-08-24,0
SG_014899,2025-12-09,0
SG_014901,2025-10-30,0
SG_014902,2026-03-16,1
SG_014903,2026-10-15,0
SG_014904,2026-03-15,1
SG_014905,2026-06-26,0
SG_014907,2025-07-21,0
SG_014908,2026-05-08,0
SG_014910,2025-09-18,0
SG_014911,2026-01-22,0
SG_014912,2026-02-04,0
SG_014913,2025-08-23,1
SG_014915,2025-12-02,0
SG_014916,2025-10-11,0
SG_014917,2025-12-11,0
SG_014918,2026-07-02,0
SG_014920,2025-11-26,0
SG_014922,2026-05-07,0
SG_014923,2026-05-18,0
SG_014924,2025-03-24,0
SG_014925,2025-11-11,0
SG_014926,2025-09-03,1
SG_014927,2026-04-30,0
SG_014928,2025-11-29,0
SG_014929,2025-10-19,0
SG_014930,2026-01-30,0
SG_014931,2025-12-24,0
SG_014932,2025-09-30,0
SG_014933,2025-11-04,0
SG_014934,2025-01-18,0
SG_014935,2025-10-29,0
SG_014936,2025-01-01,0
SG_014937,2026-08-06,1
SG_014938,2025-01-22,0
SG_014941,2025-11-10,0
SG_014942,2025-05-08,0
SG_014943,2025-06-19,0
SG_014944,2025-08-16,1
SG_014947,2025-10-23,1
SG_014948,2025-11-25,1
SG_014949,2025-06-23,0
SG_014950,2025-09-29,0
SG_014952,2025-09-01,0
SG_014954,2026-01-22,0
SG_014956,2025-05-23,0
SG_014957,2026-02-15,0
SG_014958,2025-07-27,0
SG_014960,2026-03-13,1
SG_014962,2026-08-07,0
SG_014963,2025-11-13,0
SG_014967,2026-04-08,0
SG_014968,2026-01-23,0
SG_014970,2025-02-14,0
SG_014971,2025-07-25,0
SG_014973,2025-03-24,0
SG_014974,2026-04-24,0
SG_014975,2026-08-22,0
SG_014977,2025-10-31,0
SG_014978,2026-02-28,0
SG_014981,2026-01-11,0
SG_014982,2025-02-26,0
SG_014983,2025-08-03,0
SG_014985,2025-11-01,1
SG_014986,2025-09-20,0
SG_014987,2026-11-13,0
SG_014988,2025-11-17,0
SG_014989,2026-04-30,0
SG_014991,2025-06-24,0
SG_014992,2026-04-20,0
SG_014993,2025-02-21,0
SG_014994,2025-07-02,0
SG_014995,2026-01-27,1
SG_014996,2025-06-25,1
SG_014997,2026-09-18,0
SG_015000,2025-01-04,1
SG_015003,2025-05-22,0
SG_015004,2025-08-09,0
SG_015005,2026-03-01,1
SG_015006,2026-05-25,0
SG_015007,2026-02-06,0
SG_015008,2026-09-15,0
SG_015009,2025-12-01,0
SG_015010,2026-02-21,1
SG_015011,2026-06-23,0
SG_015012,2025-02-01,0
SG_015013,2026-04-12,0
SG_015016,2026-11-07,0
SG_015017,2025-12-25,0
SG_015018,2026-03-31,0
SG_015019,2026-02-24,0
SG_015020,2025-11-06,0
SG_015022,2025-05-03,0
SG_015023,2025-04-14,0
SG_015024,2026-07-21,0
SG_015025,2026-04-19,1
SG_015027,2026-02-06,0
SG_015028,2025-09-03,0
SG_015029,2026-01-06,0
SG_015030,2025-05-26,1
SG_015032,2025-08-29,0
SG_015033,2026-03-13,0
SG_015034,2026-12-09,0
SG_015035,2025-04-23,0
SG_015037,2025-07-29,1
SG_015038,2025-03-19,1
SG_015040,2026-02-10,0
SG_015041,2026-08-06,0
SG_015043,2026-06-14,0
SG_015045,2026-11-15,0
SG_015048,2025-10-14,0
SG_015049,2025-10-23,1
SG_015051,2026-03-22,0
SG_015052,2025-11-25,1
SG_015053,2026-06-12,1
SG_015055,2025-08-05,0
SG_015056,2025-07-25,1
SG_015057,2026-02-26,0
SG_015058,2026-12-21,0
SG_015059,2025-03-18,0
SG_015060,2025-03-28,1
SG_015061,2026-06-16,0
SG_015062,2025-09-05,0
SG_015063,2026-02-01,0
SG_015064,2026-02-22,0
SG_015065,2025-12-07,0
SG_015067,2026-07-10,1
SG_015069,2025-04-09,0
SG_015070,2025-06-11,0
SG_015072,2025-11-18,1
SG_015073,2026-06-11,0
SG_015074,2026-11-17,0
SG_015077,2025-01-19,0
SG_015078,2026-06-18,0
SG_015079,2026-08-27,0
SG_015080,2026-01-13,0
SG_015083,2026-10-06,0
SG_015084,2025-12-11,1
SG_015086,2026-01-06,0
SG_015087,2025-08-16,0
SG_015088,2026-07-08,0
SG_015089,2026-04-18,1
SG_015090,2025-04-28,1
SG_015091,2025-04-19,0
SG_015092,2025-09-27,0
SG_015094,2025-10-14,0
SG_015096,2026-04-18,0
SG_015097,2026-05-19,0
SG_015098,2026-05-25,1
SG_015100,2026-04-21,0
SG_015101,2025-07-26,0
SG_015104,2025-02-04,0
SG_015105,2026-11-13,0
SG_015106,2025-04-13,0
SG_015107,2025-06-23,1
SG_015108,2025-05-03,0
SG_015109,2026-08-01,0
SG_015110,2025-08-03,0
SG_015113,2026-08-30,0
SG_015114,2026-07-08,0
SG_015115,2026-12-11,1
SG_015116,2025-12-02,0
SG_015117,2026-03-16,0
SG_015119,2026-12-11,0
SG_015120,2026-06-24,0
SG_015121,2026-06-16,0
SG_015122,2026-03-31,0
SG_015123,2026-08-09,0
SG_015124,2026-07-01,0
SG_015128,2026-09-11,0
SG_015130,2026-08-04,0
SG_015131,2026-01-12,1
SG_015132,2025-03-16,0
SG_015133,2026-06-23,1
SG_015136,2026-07-27,0
SG_015139,2026-05-01,0
SG_015140,2025-05-27,0
SG_015141,2026-01-21,0
SG_015142,2025-08-20,0
SG_015143,2026-02-06,0
SG_015145,2026-12-28,1
SG_015147,2026-01-06,0
SG_015148,2026-07-29,0
SG_015149,2025-04-19,0
SG_015150,2026-11-18,0
SG_015151,2026-02-22,0
SG_015153,2025-11-19,0
SG_015154,2026-04-26,0
SG_015156,2026-05-25,0
SG_015157,2025-07-17,0
SG_015160,2026-09-19,0
SG_015162,2025-01-03,0
SG_015163,2026-08-24,0
SG_015164,2026-04-06,1
SG_015166,2025-12-26,0
SG_015168,2025-12-23,0
SG_015170,2025-07-31,0
SG_015171,2025-09-22,0
SG_015172,2026-12-22,0
SG_015173,2026-05-09,1
SG_015174,2026-03-04,0
SG_015175,2026-09-16,0
SG_015177,2026-01-04,0
SG_015178,2025-09-18,0
SG_015179,2025-04-01,0
SG_015181,2026-01-09,0
SG_015182,2026-02-15,1
SG_015184,2026-01-18,1
SG_015185,2025-07-26,0
SG_015186,2025-08-13,0
SG_015187,2026-07-09,0
SG_015188,2026-07-13,0
SG_015191,2026-02-10,0
SG_015193,2026-01-11,0
SG_015194,2026-03-13,0
SG_015196,2025-08-29,1
SG_015198,2025-09-04,0
SG_015199,2025-12-21,0
SG_015200,2025-01-18,0
SG_015203,2026-06-07,1
SG_015204,2026-10-06,0
SG_015205,2025-03-16,0
SG_015206,2025-12-29,0
SG_015207,2026-01-22,0
SG_015208,2025-10-16,0
SG_015209,2026-02-22,0
SG_015210,2026-08-04,0
SG_015211,2026-02-15,0
SG_015212,2025-07-17,1
SG_015213,2025-01-28,0
SG_015216,2025-09-27,0
SG_015218,2025-10-21,1
SG_015219,2026-04-07,0
SG_015220,2025-01-11,0
SG_015221,2025-12-17,0
SG_015223,2026-10-09,0
SG_015225,2025-11-05,0
SG_015226,2025-02-05,0
SG_015227,2025-08-25,0
SG_015228,2025-07-25,1
SG_015229,2025-01-05,0
SG_015230,2026-01-21,0
SG_015231,2026-05-17,1
SG_015232,2025-11-21,0
SG_015233,2026-05-02,0
SG_015234,2026-03-18,0
SG_015236,2025-05-13,0
SG_015237,2026-05-29,0
SG_015238,2025-02-11,0
SG_015240,2025-01-09,0
SG_015241,2025-07-10,0
SG_015242,2026-04-14,0
SG_015243,2026-02-11,0
SG_015244,2025-10-30,0
SG_015245,2026-08-25,0
SG_015247,2026-06-12,0
SG_015248,2025-09-02,0
SG_015249,2025-11-17,1
SG_015250,2026-12-25,0
SG_015253,2025-08-22,0
SG_015254,2026-08-13,0
SG_015255,2026-05-18,1
SG_015258,2025-12-17,0
SG_015259,2025-08-17,0
SG_015260,2026-06-09,0
SG_015264,2025-06-03,1
SG_015265,2025-04-24,1
SG_015266,2025-02-07,0
SG_015267,2025-05-11,0
SG_015268,2026-05-02,0
SG_015271,2026-03-19,1
SG_015273,2025-01-27,0
SG_015274,2026-01-22,1
SG_015275,2025-12-25,0
SG_015281,2026-11-18,0
SG_015282,2025-08-31,0
SG_015285,2025-12-21,0
SG_015286,2026-08-26,0
SG_015287,2025-05-10,0
SG_015288,2026-05-25,0
SG_015291,2025-07-25,0
SG_015292,2025-10-10,0
SG_015293,2025-08-15,0
SG_015295,2026-03-17,0
SG_015298,2025-03-05,0
SG_015299,2026-12-22,0
SG_015300,2025-11-01,0
SG_015301,2025-03-22,0
SG_015303,2025-05-22,0
SG_015305,2025-08-22,0
SG_015306,2025-01-02,0
SG_015307,2026-05-09,0
SG_015310,2025-10-01,1
SG_015311,2025-08-19,0
SG_015313,2025-06-25,0
SG_015314,2025-06-10,0
SG_015315,2025-11-05,0
SG_015316,2025-10-20,0
SG_015318,2025-06-18,0
SG_015319,2026-01-22,0
SG_015320,2025-12-29,1
SG_015321,2025-04-26,1
SG_015324,2025-05-03,0
SG_015325,2026-03-27,0
SG_015327,2025-01-24,0
SG_015328,2025-07-10,0
SG_015330,2025-10-02,0
SG_015331,2025-08-30,0
SG_015332,2026-06-01,0
SG_015333,2025-09-26,0
SG_015334,2025-05-02,0
SG_015335,2025-11-30,0
SG_015336,2025-08-15,0
SG_015338,2026-04-22,0
SG_015342,2025-10-15,1
SG_015343,2025-11-22,0
SG_015344,2025-02-03,0
SG_015345,2026-05-04,0
SG_015347,2025-06-20,0
SG_015350,2026-02-23,0
SG_015352,2025-06-05,0
SG_015353,2026-07-25,0
SG_015354,2025-09-23,0
SG_015357,2025-11-11,0
SG_015358,2026-01-08,0
SG_015359,2025-08-28,1
SG_015364,2025-08-23,0
SG_015365,2025-04-18,1
SG_015366,2026-06-24,1
SG_015367,2025-12-04,0
SG_015368,2025-05-28,0
SG_015370,2025-12-21,0
SG_015371,2026-09-19,0
SG_015373,2025-07-05,0
SG_015374,2025-04-20,0
SG_015376,2026-12-10,0
SG_015377,2025-11-20,1
SG_015378,2026-09-26,0
SG_015379,2026-04-16,0
SG_015380,2026-05-07,1
SG_015385,2026-07-01,1
SG_015386,2026-06-21,1
SG_015387,2026-04-29,0
SG_015389,2025-09-17,1
SG_015390,2025-10-08,1
SG_015391,2025-10-23,0
SG_015392,2025-04-10,0
SG_015393,2025-06-17,0
SG_015394,2025-10-21,1
SG_015396,2026-11-05,0
SG_015398,2026-05-20,1
SG_015404,2026-01-04,1
SG_015405,2026-05-31,0
SG_015407,2025-09-25,0
SG_015408,2026-05-02,0
SG_015409,2025-04-04,1
SG_015410,2025-11-26,0
SG_015411,2025-11-25,0
SG_015413,2025-06-17,0
SG_015414,2025-09-02,0
SG_015415,2026-07-29,1
SG_015416,2026-01-28,0
SG_015417,2026-11-28,1
SG_015418,2026-01-28,0
SG_015419,2026-01-20,0
SG_015420,2026-03-26,0
SG_015422,2025-09-13,0
SG_015423,2026-07-28,0
SG_015426,2026-07-30,0
SG_015427,2026-04-17,0
SG_015429,2025-10-23,0
SG_015432,2025-09-17,0
SG_015433,2026-09-23,1
SG_015434,2026-01-04,0
SG_015435,2026-01-09,0
SG_015436,2026-09-26,0
SG_015437,2025-10-09,0
SG_015438,2025-03-08,0
SG_015441,2025-08-10,0
SG_015442,2026-02-22,0
SG_015443,2026-07-24,0
SG_015444,2025-11-23,0
SG_015445,2026-02-20,0
SG_015449,2025-12-25,0
SG_015450,2026-08-20,0
SG_015451,2025-03-25,0
SG_015453,2025-11-03,0
SG_015455,2025-12-04,0
SG_015456,2026-08-26,0
SG_015457,2026-04-20,0
SG_015459,2026-01-09,0
SG_015460,2025-01-04,0
SG_015461,2026-05-09,0
SG_015465,2026-05-08,0
SG_015468,2025-08-03,0
SG_015469,2025-08-19,0
SG_015471,2025-12-31,0
SG_015472,2025-10-16,0
SG_015474,2025-11-13,0
SG_015475,2026-07-27,1
SG_015476,2025-03-06,0
SG_015477,2026-04-22,0
SG_015478,2025-02-11,1
SG_015480,2025-02-02,1
SG_015482,2025-05-29,0
SG_015484,2025-10-19,0
SG_015485,2025-09-08,0
SG_015486,2025-07-16,1
SG_015487,2025-11-28,0
SG_015488,2025-10-02,0
SG_015489,2025-05-20,0
SG_015490,2026-01-10,0
SG_015491,2026-08-31,0
SG_015493,2025-09-22,0
SG_015494,2025-08-11,0
SG_015496,2026-01-29,0
SG_015497,2025-11-21,0
SG_015499,2025-06-15,0
SG_015500,2026-09-18,1
SG_015501,2026-03-23,0
SG_015502,2026-08-21,0
SG_015504,2026-09-06,0
SG_015505,2026-09-08,0
SG_015506,2026-03-19,0
SG_015508,2025-07-02,0
SG_015509,2026-05-06,0
SG_015510,2025-03-27,0
SG_015511,2026-01-30,0
SG_015513,2026-04-04,0
SG_015515,2026-03-28,0
SG_015516,2025-05-16,0
SG_015518,2026-05-12,0
SG_015519,2026-12-28,0
SG_015521,2025-12-10,0
SG_015522,2026-03-24,0
SG_015523,2026-04-28,0
SG_015525,2025-10-16,0
SG_015528,2025-09-17,0
SG_015529,2026-05-22,0
SG_015530,2025-05-09,0
SG_015531,2025-05-31,1
SG_015532,2025-03-20,0
SG_015533,2026-03-12,1
SG_015534,2025-07-22,0
SG_015536,2026-01-01,1
SG_015539,2025-02-07,1
SG_015541,2025-06-24,1
SG_015545,2026-11-19,1
SG_015548,2026-11-24,0
SG_015549,2026-05-17,0
SG_015551,2025-08-03,0
SG_015552,2025-05-31,0
SG_015553,2026-01-19,0
SG_015554,2026-03-30,0
SG_015555,2025-04-21,0
SG_015557,2026-02-16,0
SG_015561,2025-09-16,0
SG_015563,2026-01-19,1
SG_015564,2026-01-01,0
SG_015566,2025-08-24,0
SG_015567,2025-11-24,0
SG_015569,2026-12-07,0
SG_015570,2026-10-21,0
SG_015571,2025-12-08,1
SG_015573,2026-03-19,1
SG_015574,2025-08-29,0
SG_015575,2025-12-16,1
SG_015577,2026-01-08,0
SG_015579,2025-10-20,1
SG_015581,2025-11-10,0
SG_015583,2026-03-14,0
SG_015588,2025-08-24,0
SG_015592,2025-12-22,1
SG_015594,2026-06-05,0
SG_015595,2025-11-24,0
SG_015596,2025-11-02,0
SG_015599,2025-06-06,1
SG_015601,2025-07-30,0
SG_015602,2026-02-05,0
SG_015603,2025-09-10,0
SG_015604,2026-03-07,0
SG_015605,2026-07-07,1
SG_015607,2026-11-03,0
SG_015608,2025-07-15,0
SG_015609,2026-05-15,1
SG_015610,2025-04-06,0
SG_015611,2025-12-29,0
SG_015612,2026-05-21,0
SG_015614,2025-07-14,0
SG_015616,2025-08-18,0
SG_015618,2026-12-11,0
SG_015620,2025-09-09,0
SG_015621,2026-09-18,0
SG_015622,2025-11-18,1
SG_015624,2026-06-16,0
SG_015625,2026-04-19,0
SG_015626,2026-10-29,0
SG_015628,2025-06-05,0
SG_015629,2025-11-30,0
SG_015630,2025-12-24,0
SG_015631,2025-01-15,0
SG_015632,2026-02-28,0
SG_015633,2026-04-14,0
SG_015634,2026-10-22,0
SG_015635,2026-12-21,0
SG_015636,2025-11-09,0
SG_015638,2025-03-14,0
SG_015639,2025-02-24,0
SG_015640,2025-04-24,0
SG_015642,2025-12-10,0
SG_015643,2026-09-08,0
SG_015645,2025-12-29,0
SG_015646,2025-03-30,1
SG_015647,2026-03-13,1
SG_015648,2026-10-20,0
SG_015650,2026-03-02,1
SG_015651,2025-03-23,0
SG_015652,2026-07-09,0
SG_015653,2025-02-24,0
SG_015657,2026-01-13,0
SG_015658,2025-01-31,0
SG_015660,2025-09-17,0
SG_015661,2026-03-26,0
SG_015663,2025-05-09,0
SG_015665,2026-05-08,0
SG_015666,2025-08-13,0
SG_015667,2025-12-10,0
SG_015668,2025-09-27,0
SG_015669,2025-03-04,0
SG_015670,2025-10-09,0
SG_015672,2025-03-16,0
SG_015673,2026-09-24,0
SG_015674,2025-09-01,0
SG_015676,2026-06-05,0
SG_015677,2026-06-29,0
SG_015679,2026-06-16,0
SG_015683,2026-06-19,0
SG_015685,2025-09-10,0
SG_015686,2025-04-29,0
SG_015687,2025-08-09,0
SG_015688,2026-02-13,0
SG_015689,2025-07-22,0
SG_015690,2025-07-27,1
SG_015691,2026-04-10,0
SG_015692,2026-02-21,0
SG_015694,2026-05-05,0
SG_015695,2025-12-27,0
SG_015696,2025-10-22,0
SG_015697,2025-10-28,0
SG_015698,2025-08-09,0
SG_015699,2025-06-22,0
SG_015700,2025-03-28,1
SG_015701,2025-05-23,0
SG_015702,2025-10-21,0
SG_015703,2025-11-03,0
SG_015704,2026-03-02,0
SG_015705,2026-09-15,0
SG_015706,2026-09-15,0
SG_015707,2026-02-20,0
SG_015709,2025-10-09,0
SG_015710,2025-09-26,0
SG_015711,2025-07-21,0
SG_015712,2025-04-01,1
SG_015713,2026-05-19,0
SG_015714,2026-11-28,1
SG_015717,2026-03-09,0
SG_015719,2025-09-19,0
SG_015720,2025-03-07,0
SG_015722,2026-06-29,0
SG_015723,2025-07-25,0
SG_015725,2025-08-03,1
SG_015727,2026-10-12,0
SG_015728,2026-05-05,0
SG_015731,2026-03-26,1
SG_015732,2026-12-19,0
SG_015733,2025-04-13,1
SG_015734,2025-01-07,0
SG_015736,2026-07-28,0
SG_015737,2026-09-10,1
SG_015739,2026-09-26,0
SG_015740,2025-01-26,0
SG_015741,2026-12-08,0
SG_015742,2025-06-30,1
SG_015745,2025-07-12,0
SG_015747,2025-10-26,0
SG_015748,2025-09-29,0
SG_015749,2025-07-02,0
SG_015750,2026-10-12,0
SG_015751,2025-02-28,0
SG_015752,2026-08-27,0
SG_015753,2025-04-03,0
SG_015754,2025-11-03,0
SG_015755,2025-02-04,0
SG_015757,2025-07-26,0
SG_015758,2026-08-20,0
SG_015759,2025-11-15,0
SG_015760,2025-07-04,0
SG_015761,2025-08-29,1
SG_015764,2025-01-09,0
SG_015765,2025-07-14,0
SG_015767,2025-12-07,1
SG_015768,2026-10-21,1
SG_015771,2025-09-13,0
SG_015774,2025-10-11,0
SG_015775,2025-11-18,0
SG_015776,2025-07-24,0
SG_015777,2026-08-24,0
SG_015778,2026-06-13,1
SG_015779,2025-04-12,0
SG_015781,2026-02-04,0
SG_015782,2026-07-07,0
SG_015783,2025-12-22,0
SG_015784,2025-12-24,0
SG_015785,2026-02-27,0
SG_015786,2026-01-25,1
SG_015787,2026-01-23,1
SG_015788,2025-12-30,0
SG_015789,2025-05-12,0
SG_015791,2026-06-27,0
SG_015792,2025-11-13,0
SG_015793,2025-10-06,1
SG_015794,2026-10-06,0
SG_015795,2026-02-15,1
SG_015796,2025-11-23,0
SG_015798,2026-02-08,0
SG_015799,2025-11-03,0
SG_015800,2025-08-21,0
SG_015801,2026-04-22,0
SG_015802,2026-02-04,1
SG_015803,2025-03-27,0
SG_015804,2026-01-08,0
SG_015805,2026-11-11,0
SG_015807,2026-02-02,1
SG_015808,2026-11-17,0
SG_015809,2026-09-18,0
SG_015811,2025-06-18,0
SG_015812,2025-10-08,0
SG_015813,2025-08-06,0
SG_015814,2025-08-13,1
SG_015816,2025-06-17,1
SG_015821,2026-05-26,0
SG_015822,2026-10-10,1
SG_015823,2025-10-21,0
SG_015824,2025-03-29,1
SG_015825,2025-03-29,0
SG_015826,2025-03-23,0
SG_015830,2025-12-05,0
SG_015831,2025-12-11,0
SG_015835,2025-09-15,0
SG_015836,2026-08-30,1
SG_015837,2025-10-15,0
SG_015839,2025-02-12,1
SG_015841,2026-02-17,0
SG_015843,2025-12-20,1
SG_015844,2025-06-29,0
SG_015846,2025-06-13,0
SG_015847,2025-04-01,0
SG_015848,2025-07-06,0
SG_015850,2026-02-15,0
SG_015851,2025-11-27,0
SG_015852,2026-02-07,0
SG_015853,2025-09-02,0
SG_015854,2026-06-17,0
SG_015855,2025-11-01,1
SG_015856,2026-09-06,0
SG_015858,2025-10-22,0
SG_015861,2025-05-07,0
SG_015862,2025-10-04,0
SG_015863,2025-06-24,0
SG_015864,2026-01-02,0
SG_015865,2025-06-10,0
SG_015866,2026-01-28,1
SG_015868,2026-02-10,0
SG_015869,2026-03-29,0
SG_015870,2026-07-20,0
SG_015871,2026-09-21,0
SG_015872,2026-01-16,0
SG_015874,2025-10-18,0
SG_015875,2025-08-23,0
SG_015876,2026-03-19,0
SG_015877,2025-09-22,0
SG_015882,2026-09-12,0
SG_015883,2025-10-24,0
SG_015886,2025-08-11,1
SG_015887,2026-07-18,0
SG_015888,2026-03-10,0
SG_015889,2025-07-16,1
SG_015890,2025-11-05,0
SG_015892,2025-02-12,0
SG_015894,2025-05-02,1
SG_015895,2026-06-22,0
SG_015896,2025-10-28,0
SG_015897,2025-08-13,0
SG_015899,2025-02-03,0
SG_015902,2025-11-04,0
SG_015903,2026-03-23,1
SG_015904,2025-09-23,0
SG_015905,2025-07-22,0
SG_015906,2025-08-23,1
SG_015909,2025-03-23,0
SG_015911,2026-07-05,0
SG_015912,2025-01-07,0
SG_015913,2025-11-19,0
SG_015915,2026-11-21,0
SG_015916,2026-02-13,1
SG_015918,2026-06-13,0
SG_015919,2025-06-10,1
SG_015920,2025-12-18,0
SG_015923,2025-05-05,0
SG_015924,2025-09-22,0
SG_015925,2025-06-06,0
SG_015926,2025-07-19,0
SG_015927,2025-12-03,0
SG_015929,2026-08-14,0
SG_015930,2026-10-14,0
SG_015931,2025-07-09,1
SG_015932,2025-10-26,0
SG_015933,2025-11-23,1
SG_015934,2025-09-29,0
SG_015935,2026-06-28,0
SG_015936,2025-11-18,0
SG_015937,2026-04-08,0
SG_015938,2025-02-12,1
SG_015941,2026-06-09,1
SG_015944,2025-08-05,0
SG_015945,2025-01-28,1
SG_015946,2025-03-28,1
SG_015948,2026-03-01,0
SG_015949,2026-03-13,0
SG_015952,2026-09-26,0
SG_015953,2026-07-03,0
SG_015954,2025-08-05,1
SG_015956,2026-01-17,0
SG_015957,2025-02-20,1
SG_015958,2025-08-20,1
SG_015959,2026-09-15,0
SG_015960,2025-04-25,0
SG_015961,2026-01-04,1
SG_015962,2025-07-22,1
SG_015963,2026-04-12,0
SG_015966,2026-03-16,0
SG_015967,2025-10-31,0
SG_015968,2025-10-04,0
SG_015969,2026-03-01,0
SG_015970,2026-02-01,0
SG_015971,2026-01-12,0
SG_015974,2025-04-27,1
SG_015976,2025-10-11,1
SG_015982,2026-01-21,0
SG_015983,2025-04-01,0
SG_015984,2026-04-24,0
SG_015986,2026-06-24,0
SG_015987,2026-04-24,0
SG_015991,2026-06-16,0
SG_015992,2025-02-22,0
SG_015993,2026-02-25,0
SG_015994,2026-02-27,0
SG_015995,2025-11-21,0
SG_015996,2026-05-19,1
SG_015997,2025-08-25,0
SG_016000,2025-12-16,0
SG_016001,2025-08-14,0
SG_016005,2026-01-27,0
SG_016006,2025-05-30,0
SG_016007,2026-06-28,0
SG_016009,2026-06-19,0
SG_016011,2025-11-08,0
SG_016012,2025-09-11,0
SG_016014,2025-02-05,1
SG_016016,2025-03-13,0
SG_016017,2025-08-04,0
SG_016018,2026-09-17,0
SG_016019,2026-02-25,1
SG_016023,2026-01-17,0
SG_016024,2025-05-16,0
SG_016025,2026-05-25,0
SG_016026,2026-03-03,0
SG_016031,2026-06-04,0
SG_016032,2025-12-05,0
SG_016033,2026-10-27,0
SG_016034,2026-11-03,0
SG_016035,2026-06-23,0
SG_016036,2025-11-24,0
SG_016037,2025-08-07,0
SG_016038,2025-10-26,0
SG_016039,2026-02-24,0
SG_016040,2026-03-16,0
SG_016041,2025-05-29,0
SG_016042,2025-12-02,1
SG_016043,2026-03-23,0
SG_016044,2026-06-13,0
SG_016046,2026-01-29,0
SG_016047,2026-06-15,0
SG_016050,2025-10-10,0
SG_016051,2025-08-04,0
SG_016052,2025-06-08,0
SG_016053,2026-10-12,0
SG_016055,2026-03-20,0
SG_016057,2026-03-07,0
SG_016058,2025-08-05,1
SG_016059,2026-01-09,1
SG_016061,2026-06-03,0
SG_016062,2025-12-21,1
SG_016063,2026-01-06,0
SG_016064,2026-04-30,1
SG_016066,2025-03-13,1
SG_016067,2026-03-27,1
SG_016068,2026-07-30,0
SG_016069,2026-08-11,0
SG_016070,2025-06-03,0
SG_016071,2026-08-20,0
SG_016072,2025-03-22,0
SG_016073,2025-01-25,0
SG_016074,2025-09-12,0
SG_016075,2025-03-05,0
SG_016076,2025-06-18,0
SG_016077,2025-12-27,1
SG_016078,2025-04-10,0
SG_016079,2025-09-06,0
SG_016080,2025-11-06,0
SG_016082,2026-12-26,1
SG_016083,2025-01-29,1
SG_016084,2025-08-26,0
SG_016086,2026-04-20,0
SG_016087,2025-09-15,0
SG_016088,2026-11-01,0
SG_016090,2025-02-24,0
SG_016093,2025-04-12,0
SG_016094,2026-11-10,1
SG_016095,2025-08-19,0
SG_016096,2025-01-22,0
SG_016097,2026-08-05,0
SG_016098,2026-06-01,0
SG_016099,2026-03-15,0
SG_016100,2025-04-23,0
SG_016104,2025-05-29,0
SG_016105,2025-01-18,0
SG_016106,2026-03-04,1
SG_016107,2025-09-16,0
SG_016110,2026-05-04,0
SG_016112,2026-11-09,0
SG_016117,2025-07-28,0
SG_016118,2026-10-07,0
SG_016120,2025-04-19,0
SG_016121,2025-10-03,0
SG_016122,2026-09-04,0
SG_016123,2025-11-20,0
SG_016125,2025-09-09,1
SG_016126,2026-06-04,1
SG_016128,2025-10-22,0
SG_016129,2025-12-26,0
SG_016130,2025-10-21,0
SG_016131,2026-02-01,0
SG_016135,2026-02-24,0
SG_016136,2026-07-26,0
SG_016137,2025-08-10,0
SG_016139,2026-04-19,0
SG_016141,2026-02-13,0
SG_016142,2026-03-15,1
SG_016143,2025-11-18,0
SG_016144,2025-09-05,0
SG_016145,2025-05-21,0
SG_016148,2025-08-22,0
SG_016149,2026-02-17,0
SG_016150,2025-01-24,0
SG_016151,2025-11-30,0
SG_016152,2025-10-20,0
SG_016153,2025-04-16,0
SG_016154,2025-07-27,0
SG_016155,2025-12-06,0
SG_016157,2026-10-29,0
SG_016162,2026-05-19,0
SG_016167,2025-07-30,1
SG_016168,2025-01-05,0
SG_016169,2025-05-31,0
SG_016170,2025-09-04,0
SG_016173,2026-07-20,1
SG_016175,2025-10-28,0
SG_016177,2025-07-25,0
SG_016178,2025-12-05,0
SG_016180,2026-09-29,1
SG_016182,2025-09-28,1
SG_016184,2026-10-06,0
SG_016189,2026-01-11,0
SG_016191,2026-03-08,0
SG_016192,2026-04-06,1
SG_016193,2025-06-22,0
SG_016198,2026-03-20,0
SG_016199,2026-07-24,0
SG_016200,2025-02-25,0
SG_016201,2026-05-10,0
SG_016202,2025-11-09,0
SG_016203,2025-06-11,0
SG_016204,2025-11-15,0
SG_016205,2026-05-27,0
SG_016206,2026-01-18,0
SG_016207,2026-04-15,1
SG_016208,2026-02-08,0
SG_016209,2026-02-06,0
SG_016210,2025-07-07,0
SG_016212,2025-10-07,1
SG_016213,2026-01-02,0
SG_016216,2026-09-01,1
SG_016217,2025-12-29,0
SG_016218,2025-05-15,0
SG_016220,2025-06-11,0
SG_016223,2025-10-14,0
SG_016226,2025-10-18,1
SG_016227,2026-01-17,1
SG_016228,2025-10-05,0
SG_016229,2025-04-11,0
SG_016230,2025-07-19,0
SG_016231,2026-01-21,0
SG_016232,2026-02-09,0
SG_016236,2026-09-29,1
SG_016237,2026-01-18,1
SG_016239,2025-05-11,0
SG_016240,2026-02-28,0
SG_016241,2026-01-24,0
SG_016243,2025-06-11,0
SG_016247,2025-10-18,0
SG_016248,2025-11-01,1
SG_016250,2026-12-12,0
SG_016253,2026-02-28,0
SG_016254,2025-12-26,0
SG_016255,2026-04-02,0
SG_016256,2025-10-28,1
SG_016257,2025-02-13,0
SG_016258,2026-01-31,0
SG_016260,2025-11-24,0
SG_016261,2026-01-31,0
SG_016264,2025-03-08,0
SG_016265,2025-10-13,0
SG_016266,2025-06-21,0
SG_016267,2025-12-06,0
SG_016269,2026-12-17,0
SG_016271,2025-12-28,0
SG_016274,2025-09-27,0
SG_016276,2025-06-10,0
SG_016277,2025-12-12,0
SG_016279,2026-06-23,0
SG_016280,2026-01-01,0
SG_016281,2025-12-20,1
SG_016283,2026-12-20,0
SG_016284,2025-05-18,0
SG_016286,2025-08-02,0
SG_016287,2025-11-18,0
SG_016288,2026-12-05,0
SG_016290,2026-01-06,1
SG_016291,2026-06-15,0
SG_016293,2026-11-26,0
SG_016294,2026-02-09,1
SG_016295,2025-01-04,0
SG_016296,2026-08-18,0
SG_016298,2026-11-18,1
SG_016300,2026-02-02,0
SG_016301,2025-08-23,0
SG_016302,2025-02-25,0
SG_016303,2026-04-07,0
SG_016304,2026-11-16,0
SG_016305,2025-09-14,0
SG_016306,2026-10-15,1
SG_016307,2026-01-11,0
SG_016308,2026-03-18,0
SG_016309,2026-04-15,0
SG_016311,2025-10-15,1
SG_016312,2025-01-13,0
SG_016313,2026-01-22,0
SG_016314,2026-10-19,0
SG_016317,2025-08-15,0
SG_016319,2026-02-13,0
SG_016320,2025-06-22,0
SG_016321,2025-10-04,1
SG_016322,2026-06-03,0
SG_016323,2025-03-14,0
SG_016325,2026-08-12,1
SG_016328,2025-01-14,0
SG_016329,2026-02-26,0
SG_016335,2025-08-08,0
SG_016336,2026-02-23,0
SG_016338,2026-05-10,1
SG_016339,2026-01-22,0
SG_016340,2025-04-25,0
SG_016342,2025-08-07,0
SG_016344,2026-03-30,0
SG_016347,2026-02-10,0
SG_016348,2026-06-11,0
SG_016350,2025-05-20,0
SG_016353,2026-04-07,0
SG_016355,2026-06-09,0
SG_016356,2025-06-28,0
SG_016357,2025-12-23,0
SG_016358,2025-10-10,1
SG_016359,2026-02-01,0
SG_016360,2026-03-08,0
SG_016361,2026-06-10,0
SG_016362,2025-08-01,0
SG_016364,2026-09-09,0
SG_016365,2026-04-19,0
SG_016366,2026-03-22,1
SG_016367,2025-09-20,0
SG_016368,2025-06-24,0
SG_016369,2026-03-02,1
SG_016370,2025-07-01,0
SG_016371,2026-05-15,0
SG_016373,2026-08-14,0
SG_016374,2026-03-16,0
SG_016376,2026-06-04,0
SG_016377,2025-12-17,0
SG_016378,2025-03-21,0
SG_016379,2026-02-15,0
SG_016380,2025-11-27,1
SG_016381,2025-07-17,0
SG_016383,2025-09-28,0
SG_016385,2026-08-10,0
SG_016387,2025-09-12,0
SG_016388,2026-03-09,0
SG_016390,2025-07-01,0
SG_016391,2025-05-08,0
SG_016395,2026-05-02,1
SG_016396,2025-05-28,0
SG_016397,2026-02-27,1
SG_016398,2026-12-19,0
SG_016399,2025-10-17,0
SG_016400,2025-10-05,0
SG_016403,2025-05-27,0
SG_016404,2026-04-26,0
SG_016406,2025-06-05,0
SG_016407,2026-08-01,0
SG_016408,2025-01-18,1
SG_016409,2025-05-31,0
SG_016410,2026-08-03,0
SG_016411,2025-01-15,0
SG_016412,2026-05-24,1
SG_016413,2026-10-08,0
SG_016415,2026-05-10,0
SG_016416,2025-01-03,0
SG_016417,2026-05-01,0
SG_016418,2025-10-11,0
SG_016419,2025-04-15,1
SG_016420,2026-03-23,0
SG_016422,2026-12-29,0
SG_016423,2025-01-12,0
SG_016426,2026-08-17,0
SG_016427,2025-09-22,0
SG_016428,2025-05-08,1
SG_016430,2026-05-08,0
SG_016433,2026-06-27,0
SG_016434,2025-06-06,0
SG_016437,2025-09-24,0
SG_016438,2026-04-12,0
SG_016439,2026-04-11,1
SG_016440,2025-10-16,0
SG_016441,2025-07-07,0
SG_016442,2025-07-26,0
SG_016444,2025-07-11,0
SG_016446,2026-11-26,0
SG_016447,2025-04-16,0
SG_016448,2025-09-12,0
SG_016449,2026-08-02,0
SG_016451,2025-10-14,0
SG_016453,2025-07-26,0
SG_016454,2026-03-10,1
SG_016455,2025-11-25,1
SG_016457,2025-06-12,0
SG_016458,2025-07-26,0
SG_016459,2026-11-21,0
SG_016460,2026-02-12,0
SG_016461,2025-07-31,0
SG_016464,2026-06-22,0
SG_016465,2025-04-08,0
SG_016466,2025-12-22,0
SG_016467,2026-10-24,0
SG_016468,2026-11-28,0
SG_016469,2026-02-04,0
SG_016470,2025-10-04,0
SG_016471,2025-09-08,0
SG_016472,2025-01-17,0
SG_016473,2026-04-16,0
SG_016475,2026-03-06,0
SG_016476,2025-01-24,0
SG_016477,2025-01-29,1
SG_016478,2026-12-22,1
SG_016479,2025-12-19,0
SG_016480,2026-03-02,0
SG_016481,2025-11-08,0
SG_016483,2026-01-09,1
SG_016484,2025-10-16,0
SG_016485,2026-06-27,0
SG_016486,2025-09-02,0
SG_016487,2026-11-12,0
SG_016489,2025-10-23,0
SG_016490,2026-03-18,0
SG_016491,2026-08-20,0
SG_016492,2025-02-22,0
SG_016493,2025-01-29,0
SG_016494,2026-03-25,0
SG_016495,2026-06-23,0
SG_016496,2025-12-08,0
SG_016497,2025-10-29,0
SG_016498,2025-02-02,0
SG_016499,2026-03-25,0
SG_016500,2025-04-25,0
SG_016501,2026-10-22,0
SG_016504,2025-07-22,0
SG_016505,2026-03-14,0
SG_016506,2025-08-28,1
SG_016509,2026-10-16,0
SG_016510,2025-05-20,1
SG_016513,2025-03-10,0
SG_016514,2025-03-05,1
SG_016515,2025-01-02,1
SG_016516,2026-02-17,1
SG_016519,2025-10-16,0
SG_016521,2026-02-09,0
SG_016523,2025-11-07,0
SG_016525,2026-06-23,0
SG_016527,2025-01-02,0
SG_016530,2026-12-18,0
SG_016531,2026-07-25,0
SG_016533,2026-03-24,0
SG_016534,2025-01-22,0
SG_016536,2026-08-07,1
SG_016538,2026-05-23,1
SG_016540,2026-05-06,0
SG_016541,2026-02-03,0
SG_016543,2025-06-11,0
SG_016544,2026-06-05,0
SG_016546,2026-04-22,0
SG_016549,2026-01-13,0
SG_016550,2025-02-19,0
SG_016551,2025-06-15,1
SG_016552,2025-11-11,0
SG_016553,2025-07-21,1
SG_016555,2026-01-12,0
SG_016556,2025-11-29,0
SG_016557,2026-12-13,0
SG_016558,2025-05-16,0
SG_016559,2026-06-29,0
SG_016560,2026-01-01,0
SG_016561,2026-09-04,0
SG_016564,2026-06-05,0
SG_016565,2026-12-07,1
SG_016568,2025-06-25,1
SG_016569,2025-05-14,0
SG_016570,2026-02-12,0
SG_016571,2025-12-04,0
SG_016572,2026-08-03,0
SG_016573,2025-11-26,0
SG_016574,2025-12-01,0
SG_016575,2025-12-23,0
SG_016576,2025-10-04,1
SG_016577,2025-01-23,1
SG_016578,2025-10-08,0
SG_016579,2025-07-04,0
SG_016582,2026-01-23,0
SG_016583,2025-06-22,0
SG_016584,2026-12-21,0
SG_016586,2025-07-20,0
SG_016587,2026-08-10,0
SG_016588,2026-11-14,0
SG_016589,2026-02-11,0
SG_016590,2025-04-22,0
SG_016591,2026-02-14,0
SG_016592,2025-07-09,1
SG_016593,2025-07-26,0
SG_016594,2025-05-14,0
SG_016595,2026-09-09,0
SG_016596,2026-03-15,0
SG_016597,2025-02-17,0
SG_016598,2025-09-03,0
SG_016599,2025-07-15,0
SG_016601,2025-08-11,0
SG_016602,2026-08-07,0
SG_016605,2025-01-14,0
SG_016607,2026-09-25,0
SG_016608,2025-09-27,0
SG_016610,2025-07-15,0
SG_016611,2025-05-09,0
SG_016615,2025-06-07,0
SG_016616,2026-02-23,0
SG_016617,2025-01-09,0
SG_016618,2025-09-26,0
SG_016619,2025-07-11,0
SG_016620,2025-01-12,0
SG_016621,2026-03-13,0
SG_016622,2025-09-09,0
SG_016624,2025-11-06,0
SG_016626,2025-08-05,0
SG_016627,2025-07-06,0
SG_016628,2026-11-25,0
SG_016629,2026-06-27,0
SG_016630,2025-01-25,0
SG_016631,2025-09-06,0
SG_016633,2026-08-01,1
SG_016635,2025-11-26,0
SG_016636,2026-02-25,0
SG_016638,2025-03-27,0
SG_016639,2026-07-22,0
SG_016640,2025-11-27,1
SG_016642,2025-08-22,1
SG_016643,2026-01-22,0
SG_016644,2025-08-04,0
SG_016645,2026-03-28,0
SG_016648,2025-09-01,0
SG_016649,2026-05-15,0
SG_016650,2026-06-28,0
SG_016651,2025-01-29,0
SG_016652,2026-01-03,1
SG_016653,2026-01-23,0
SG_016654,2025-11-29,0
SG_016655,2025-07-31,0
SG_016656,2025-09-02,0
SG_016657,2026-09-22,0
SG_016658,2026-11-14,0
SG_016659,2025-12-17,0
SG_016661,2025-03-07,0
SG_016663,2026-05-23,0
SG_016664,2025-07-08,0
SG_016665,2026-02-02,0
SG_016666,2025-09-20,1
SG_016667,2026-03-15,0
SG_016668,2026-02-08,0
SG_016669,2026-04-14,1
SG_016672,2025-10-09,0
SG_016674,2025-04-12,0
SG_016676,2025-11-22,0
SG_016677,2025-12-10,1
SG_016678,2026-08-09,0
SG_016679,2026-03-27,0
SG_016680,2025-08-12,0
SG_016681,2026-05-13,1
SG_016682,2025-10-08,0
SG_016683,2025-03-22,0
SG_016684,2025-08-03,0
SG_016686,2025-08-17,0
SG_016687,2026-02-05,0
SG_016688,2025-12-17,1
SG_016693,2025-01-13,0
SG_016694,2025-09-13,1
SG_016695,2026-10-24,0
SG_016697,2026-11-29,0
SG_016700,2025-06-04,1
SG_016701,2025-06-14,0
SG_016702,2026-12-04,0
SG_016706,2026-05-03,0
SG_016707,2025-05-27,1
SG_016709,2025-08-07,1
SG_016712,2026-06-08,0
SG_016713,2026-07-01,0
SG_016715,2026-09-21,0
SG_016717,2025-03-31,0
SG_016718,2025-04-21,0
SG_016722,2026-02-15,0
SG_016724,2025-12-28,0
SG_016725,2025-12-29,1
SG_016726,2025-03-07,0
SG_016727,2026-05-18,0
SG_016728,2026-03-22,0
SG_016729,2025-12-19,0
SG_016730,2026-04-01,0
SG_016731,2025-02-13,0
SG_016734,2026-02-17,0
SG_016735,2025-08-09,0
SG_016739,2026-01-07,1
SG_016740,2026-04-18,1
SG_016742,2025-03-31,0
SG_016743,2026-04-07,0
SG_016744,2025-08-23,0
SG_016747,2026-05-27,0
SG_016748,2025-08-15,0
SG_016749,2025-01-28,0
SG_016750,2025-07-26,0
SG_016751,2025-04-23,0
SG_016753,2026-10-24,0
SG_016755,2025-01-08,0
SG_016756,2025-04-27,0
SG_016757,2026-12-19,0
SG_016759,2025-07-30,0
SG_016760,2026-04-17,0
SG_016761,2025-04-12,0
SG_016762,2026-02-22,0
SG_016764,2026-02-09,0
SG_016766,2025-03-11,0
SG_016767,2025-11-18,0
SG_016768,2026-07-20,0
SG_016770,2026-10-18,0
SG_016771,2025-02-13,0
SG_016772,2025-08-22,0
SG_016773,2025-11-13,0
SG_016774,2026-09-10,0
SG_016775,2026-02-20,0
SG_016777,2026-01-14,0
SG_016781,2026-05-11,0
SG_016782,2026-04-14,0
SG_016784,2026-03-24,0
SG_016787,2026-02-02,0
SG_016788,2026-01-13,0
SG_016789,2025-03-09,0
SG_016790,2025-07-12,0
SG_016791,2025-02-08,0
SG_016795,2025-10-20,0
SG_016796,2025-11-14,0
SG_016797,2025-07-30,0
SG_016798,2026-09-24,0
SG_016799,2025-11-26,1
SG_016800,2026-08-29,0
SG_016801,2026-05-10,0
SG_016802,2025-11-10,1
SG_016803,2026-09-23,0
SG_016804,2025-03-03,0
SG_016806,2025-12-26,1
SG_016808,2026-04-26,0
SG_016809,2026-05-12,1
SG_016811,2025-02-25,1
SG_016812,2026-01-15,0
SG_016814,2026-12-14,0
SG_016815,2025-09-16,0
SG_016816,2026-02-07,1
SG_016817,2026-07-15,0
SG_016820,2025-05-11,0
SG_016821,2026-05-21,0
SG_016822,2025-12-05,1
SG_016824,2026-08-24,0
SG_016825,2025-10-11,0
SG_016826,2026-07-12,0
SG_016829,2026-03-13,0
SG_016830,2025-06-06,0
SG_016831,2026-04-07,0
SG_016833,2025-04-01,0
SG_016835,2026-04-20,1
SG_016836,2026-07-03,0
SG_016838,2025-08-14,0
SG_016839,2026-01-02,0
SG_016841,2025-02-09,1
SG_016842,2026-06-11,0
SG_016844,2026-09-01,0
SG_016845,2026-03-15,0
SG_016846,2026-03-11,0
SG_016848,2026-03-14,0
SG_016850,2026-05-24,0
SG_016852,2026-11-18,0
SG_016853,2025-06-09,0
SG_016854,2026-03-14,0
SG_016855,2026-11-29,0
SG_016856,2025-12-04,1
SG_016860,2025-09-16,1
SG_016862,2025-09-04,0
SG_016864,2025-11-30,0
SG_016865,2026-02-18,0
SG_016866,2025-03-09,0
SG_016867,2026-08-18,0
SG_016868,2025-08-05,0
SG_016869,2026-04-24,0
SG_016870,2026-11-10,0
SG_016871,2025-07-19,0
SG_016872,2026-07-24,0
SG_016873,2026-01-29,1
SG_016875,2025-09-24,0
SG_016876,2026-11-16,0
SG_016878,2025-10-03,0
SG_016879,2025-07-06,0
SG_016880,2025-04-24,0
SG_016882,2025-01-31,0
SG_016883,2026-11-29,0
SG_016884,2025-03-11,1
SG_016886,2026-08-08,0
SG_016889,2025-02-10,0
SG_016890,2025-09-08,0
SG_016892,2025-10-28,0
SG_016894,2026-07-31,0
SG_016896,2026-10-04,0
SG_016897,2025-10-05,0
SG_016898,2025-01-21,0
SG_016899,2026-08-03,0
SG_016901,2026-09-07,0
SG_016903,2025-07-23,1
SG_016905,2026-09-28,0
SG_016906,2025-05-08,0
SG_016907,2025-12-23,1
SG_016908,2026-09-01,0
SG_016910,2025-05-27,1
SG_016912,2026-02-11,1
SG_016913,2025-09-30,0
SG_016914,2026-09-02,0
SG_016915,2026-08-01,0
SG_016916,2025-06-20,1
SG_016917,2025-12-18,0
SG_016918,2025-04-27,0
SG_016919,2025-08-01,0
SG_016920,2025-01-29,0
SG_016921,2026-03-18,1
SG_016922,2025-01-02,1
SG_016923,2026-12-16,0
SG_016926,2026-03-25,0
SG_016927,2026-06-26,0
SG_016929,2025-11-24,0
SG_016930,2026-06-16,0
SG_016931,2025-10-04,0
SG_016932,2025-09-02,0
SG_016933,2026-01-07,0
SG_016934,2026-06-06,0
SG_016935,2025-12-19,0
SG_016936,2026-11-02,1
SG_016938,2026-06-21,0
SG_016940,2026-11-11,0
SG_016942,2025-06-02,1
SG_016943,2026-12-09,0
SG_016945,2025-02-21,0
SG_016947,2025-04-03,0
SG_016948,2025-03-26,0
SG_016949,2026-07-11,0
SG_016950,2025-04-14,0
SG_016952,2025-05-04,0
SG_016953,2026-05-07,0
SG_016954,2026-03-24,0
SG_016955,2026-01-23,0
SG_016956,2026-05-03,0
SG_016957,2026-06-03,1
SG_016958,2025-11-27,0
SG_016959,2025-07-25,0
SG_016960,2025-03-02,0
SG_016962,2025-11-19,0
SG_016964,2025-01-14,0
SG_016965,2025-12-20,0
SG_016966,2026-01-20,1
SG_016969,2025-03-15,0
SG_016970,2025-09-11,0
SG_016972,2025-05-10,0
SG_016977,2025-07-10,0
SG_016978,2025-07-18,0
SG_016979,2026-04-30,0
SG_016980,2026-01-10,0
SG_016981,2025-12-15,1
SG_016982,2026-01-05,0
SG_016983,2025-11-15,0
SG_016984,2026-06-22,0
SG_016985,2025-09-09,0
SG_016987,2025-12-11,0
SG_016988,2026-02-25,0
SG_016991,2025-09-19,1
SG_016992,2025-05-11,0
SG_016993,2025-07-06,1
SG_016994,2026-04-04,0
SG_016995,2025-02-09,0
SG_016996,2026-01-23,0
SG_016997,2025-12-02,0
SG_016998,2025-07-19,1
SG_016999,2025-11-17,1
SG_017000,2026-03-18,0
SG_017001,2025-06-21,0
SG_017002,2026-09-29,0
SG_017004,2025-06-06,0
SG_017007,2025-12-06,0
SG_017008,2025-07-09,0
SG_017009,2026-09-27,1
SG_017010,2025-08-02,0
SG_017011,2026-01-17,1
SG_017012,2025-10-16,0
SG_017013,2026-11-29,0
SG_017014,2025-10-07,0
SG_017015,2026-03-16,0
SG_017017,2025-12-15,0
SG_017019,2026-07-01,0
SG_017020,2025-09-09,0
SG_017022,2026-06-25,0
SG_017023,2025-12-05,0
SG_017024,2025-02-10,0
SG_017025,2026-09-12,0
SG_017027,2025-02-20,0
SG_017029,2025-11-07,0
SG_017030,2025-03-15,0
SG_017031,2025-05-25,0
SG_017032,2025-09-13,0
SG_017033,2026-10-07,0
SG_017034,2026-02-08,0
SG_017035,2026-05-31,0
SG_017036,2025-01-27,0
SG_017037,2025-01-15,0
SG_017038,2025-11-09,1
SG_017039,2025-09-09,0
SG_017041,2025-03-12,0
SG_017042,2026-07-13,1
SG_017045,2026-05-18,0
SG_017047,2026-01-24,0
SG_017051,2025-11-19,0
SG_017052,2025-10-22,0
SG_017053,2026-04-27,1
SG_017054,2025-08-01,0
SG_017057,2026-01-24,0
SG_017058,2025-10-11,0
SG_017059,2025-11-05,1
SG_017060,2025-11-27,1
SG_017061,2026-12-10,0
SG_017063,2026-10-09,0
SG_017064,2025-08-12,0
SG_017065,2025-10-13,0
SG_017066,2026-08-05,0
SG_017068,2025-10-07,0
SG_017069,2026-05-10,0
SG_017072,2026-06-22,0
SG_017073,2025-11-18,0
SG_017074,2026-01-10,0
SG_017075,2026-05-28,1
SG_017078,2026-07-06,0
SG_017081,2026-11-27,0
SG_017082,2026-01-19,1
SG_017083,2026-01-08,0
SG_017084,2025-08-24,0
SG_017086,2026-01-27,0
SG_017087,2026-06-01,0
SG_017088,2026-05-23,0
SG_017089,2025-06-12,0
SG_017090,2025-11-09,1
SG_017091,2026-02-10,0
SG_017092,2025-11-14,0
SG_017093,2025-04-10,0
SG_017094,2026-02-03,0
SG_017095,2026-12-06,0
SG_017096,2025-08-06,0
SG_017097,2025-08-25,0
SG_017099,2026-01-07,0
SG_017100,2025-06-16,0
SG_017101,2025-09-18,0
SG_017102,2026-08-23,0
SG_017104,2026-06-19,0
SG_017105,2025-11-03,1
SG_017106,2026-02-10,1
SG_017107,2025-06-06,0
SG_017108,2025-02-01,0
SG_017109,2026-09-01,1
SG_017112,2025-06-13,0
SG_017113,2026-05-30,0
SG_017115,2025-04-01,0
SG_017117,2026-06-25,0
SG_017118,2026-05-04,0
SG_017119,2025-10-03,0
SG_017120,2025-10-01,0
SG_017121,2025-07-29,0
SG_017122,2025-02-07,0
SG_017125,2025-05-17,0
SG_017128,2026-02-26,1
SG_017129,2025-07-14,0
SG_017131,2025-03-19,0
SG_017132,2025-01-01,0
SG_017133,2025-01-25,0
SG_017134,2025-03-08,0
SG_017135,2026-05-29,0
SG_017136,2025-05-06,0
SG_017137,2025-07-24,0
SG_017138,2025-08-24,0
SG_017140,2026-02-22,0
SG_017141,2025-08-30,1
SG_017142,2026-04-04,0
SG_017143,2025-03-03,0
SG_017147,2026-02-12,1
SG_017148,2026-09-15,0
SG_017149,2026-03-17,0
SG_017150,2026-09-25,0
SG_017151,2026-04-27,1
SG_017152,2026-02-18,0
SG_017153,2026-06-27,0
SG_017155,2025-12-11,0
SG_017156,2026-03-08,0
SG_017157,2025-12-14,0
SG_017159,2025-12-10,1
SG_017160,2026-08-13,0
SG_017161,2026-07-29,0
SG_017162,2025-11-26,0
SG_017163,2026-10-10,1
SG_017164,2025-02-28,0
SG_017165,2026-10-21,0
SG_017166,2026-07-15,0
SG_017167,2025-12-01,0
SG_017168,2025-09-17,0
SG_017169,2025-08-19,0
SG_017173,2026-01-20,0
SG_017174,2026-06-22,0
SG_017175,2026-01-31,0
SG_017176,2025-08-22,0
SG_017177,2026-03-13,0
SG_017178,2026-03-15,0
SG_017179,2025-07-27,0
SG_017180,2025-11-14,0
SG_017181,2025-11-10,0
SG_017183,2025-09-30,0
SG_017184,2026-06-07,1
SG_017185,2025-11-25,0
SG_017186,2026-08-26,0
SG_017188,2025-10-24,0
SG_017189,2025-09-22,0
SG_017191,2025-07-24,0
SG_017194,2025-08-07,0
SG_017196,2026-05-20,0
SG_017197,2025-02-14,0
SG_017198,2026-06-18,0
SG_017199,2025-11-21,0
SG_017200,2026-08-07,0
SG_017201,2025-02-19,1
SG_017203,2026-03-16,1
SG_017204,2025-02-04,0
SG_017205,2025-11-06,0
SG_017207,2026-01-29,0
SG_017209,2026-08-29,0
SG_017210,2026-05-05,0
SG_017211,2025-10-04,1
SG_017212,2026-05-15,1
SG_017214,2026-11-12,0
SG_017215,2025-05-28,0
SG_017216,2026-02-18,0
SG_017217,2026-09-22,1
SG_017219,2026-07-13,0
SG_017221,2026-08-03,0
SG_017222,2025-10-21,0
SG_017226,2026-03-27,0
SG_017229,2025-08-11,0
SG_017231,2026-09-25,0
SG_017233,2026-04-08,0
SG_017234,2025-02-14,0
SG_017236,2026-10-10,0
SG_017237,2026-10-02,1
SG_017238,2026-11-30,1
SG_017240,2025-02-12,0
SG_017242,2025-05-24,0
SG_017243,2026-03-29,0
SG_017244,2025-11-07,1
SG_017246,2025-06-24,0
SG_017247,2025-02-28,0
SG_017248,2025-07-23,0
SG_017249,2025-10-16,0
SG_017251,2025-02-06,1
SG_017252,2026-06-27,0
SG_017253,2026-06-11,0
SG_017256,2025-11-06,0
SG_017257,2025-12-12,0
SG_017258,2025-02-28,1
SG_017259,2026-03-11,0
SG_017260,2026-09-24,0
SG_017261,2025-05-29,0
SG_017262,2026-01-28,0
SG_017263,2025-05-13,0
SG_017264,2025-05-10,0
SG_017265,2025-06-30,1
SG_017267,2025-08-08,0
SG_017268,2026-07-04,0
SG_017270,2025-09-05,0
SG_017271,2025-12-04,0
SG_017273,2026-02-26,0
SG_017274,2026-02-25,1
SG_017275,2026-07-12,0
SG_017277,2025-09-10,1
SG_017278,2025-09-04,0
SG_017280,2025-06-12,1
SG_017282,2025-07-06,1
SG_017283,2025-12-18,0
SG_017284,2025-07-08,0
SG_017285,2026-07-31,0
SG_017286,2026-03-18,0
SG_017289,2025-12-10,0
SG_017290,2026-11-23,0
SG_017291,2025-01-04,0
SG_017293,2026-05-01,0
SG_017295,2025-07-31,0
SG_017297,2025-12-22,0
SG_017298,2025-12-05,0
SG_017299,2025-04-18,0
SG_017300,2026-11-27,0
SG_017301,2026-08-16,0
SG_017302,2025-03-07,1
SG_017305,2026-03-06,1
SG_017306,2025-01-13,0
SG_017307,2025-05-29,0
SG_017308,2026-10-23,1
SG_017310,2025-08-22,0
SG_017312,2026-03-16,1
SG_017313,2025-07-27,0
SG_017314,2026-04-21,1
SG_017315,2026-11-25,1
SG_017319,2025-07-13,1
SG_017320,2025-06-15,1
SG_017321,2025-08-13,0
SG_017322,2026-01-04,0
SG_017324,2025-10-27,0
SG_017325,2026-02-21,0
SG_017326,2025-03-29,1
SG_017327,2025-03-14,0
SG_017329,2025-02-18,0
SG_017330,2025-12-16,0
SG_017331,2026-12-09,1
SG_017332,2026-02-28,1
SG_017333,2025-07-16,0
SG_017334,2025-07-22,0
SG_017335,2025-05-09,1
SG_017336,2025-01-28,0
SG_017337,2026-01-01,0
SG_017340,2026-04-22,0
SG_017341,2025-09-24,0
SG_017342,2026-04-14,0
SG_017343,2025-03-06,1
SG_017344,2025-04-26,0
SG_017345,2026-11-16,0
SG_017346,2025-11-22,0
SG_017351,2026-02-27,0
SG_017352,2025-06-22,0
SG_017353,2025-12-11,0
SG_017355,2026-01-24,0
SG_017356,2026-03-06,0
SG_017357,2026-07-31,1
SG_017359,2025-12-29,0
SG_017362,2025-03-12,0
SG_017363,2025-04-26,0
SG_017365,2026-05-24,1
SG_017366,2026-01-17,1
SG_017367,2025-09-29,0
SG_017369,2025-11-24,0
SG_017370,2026-11-11,1
SG_017371,2026-04-12,0
SG_017372,2025-06-24,0
SG_017374,2026-09-01,0
SG_017375,2025-02-27,0
SG_017377,2026-01-07,1
SG_017378,2025-10-29,1
SG_017379,2025-07-20,0
SG_017380,2026-04-02,1
SG_017381,2025-01-20,0
SG_017382,2025-06-01,0
SG_017384,2025-12-22,0
SG_017386,2026-06-15,0
SG_017387,2025-08-27,0
SG_017388,2025-03-03,0
SG_017389,2026-04-02,0
SG_017390,2025-03-29,0
SG_017392,2026-05-03,0
SG_017393,2025-07-12,1
SG_017394,2025-05-26,0
SG_017395,2026-11-14,0
SG_017396,2025-03-28,0
SG_017397,2026-03-14,0
SG_017398,2026-12-23,1
SG_017400,2025-09-02,0
SG_017401,2025-10-22,1
SG_017403,2025-07-27,0
SG_017404,2026-08-29,0
SG_017407,2025-06-02,0
SG_017408,2025-08-14,0
SG_017409,2026-04-17,0
SG_017410,2026-04-13,0
SG_017411,2025-11-08,0
SG_017412,2025-01-01,1
SG_017413,2025-05-19,0
SG_017414,2025-05-07,0
SG_017415,2026-03-31,0
SG_017417,2026-09-13,0
SG_017418,2026-02-17,0
SG_017420,2026-06-10,0
SG_017422,2025-05-27,0
SG_017424,2025-10-30,0
SG_017426,2026-10-03,0
SG_017427,2026-03-28,1
SG_017429,2026-02-28,1
SG_017430,2026-02-01,0
SG_017433,2026-02-04,1
SG_017434,2025-10-24,0
SG_017435,2025-02-16,0
SG_017436,2026-03-23,1
SG_017437,2026-04-08,0
SG_017440,2026-07-19,0
SG_017441,2026-10-03,0
SG_017442,2025-01-18,0
SG_017443,2026-05-28,0
SG_017444,2026-07-05,1
SG_017446,2025-07-03,0
SG_017447,2026-02-27,0
SG_017449,2026-12-20,1
SG_017450,2025-09-17,0
SG_017451,2025-03-28,0
SG_017453,2026-05-25,0
SG_017455,2026-01-22,0
SG_017456,2025-12-08,0
SG_017459,2025-11-25,0
SG_017460,2025-07-21,1
SG_017461,2025-09-10,0
SG_017462,2025-01-23,1
SG_017463,2025-02-02,0
SG_017468,2025-03-07,1
SG_017469,2026-05-13,0
SG_017470,2026-01-17,0
SG_017471,2025-11-24,0
SG_017472,2026-03-24,0
SG_017473,2026-06-07,0
SG_017474,2025-02-25,1
SG_017476,2025-11-11,0
SG_017477,2025-08-26,0
SG_017478,2025-09-26,0
SG_017483,2025-10-06,0
SG_017485,2026-01-24,1
SG_017487,2025-08-21,0
SG_017488,2025-09-22,0
SG_017489,2026-03-08,0
SG_017490,2026-06-28,1
SG_017491,2025-08-31,0
SG_017492,2025-08-12,0
SG_017493,2026-05-22,1
SG_017494,2026-04-24,0
SG_017495,2025-10-14,0
SG_017496,2025-12-06,0
SG_017497,2026-01-10,1
SG_017498,2026-04-06,0
SG_017499,2025-11-23,1
SG_017500,2026-06-22,0
SG_017502,2026-07-15,0
SG_017503,2025-03-20,1
SG_017505,2025-06-07,0
SG_017506,2025-12-25,0
SG_017508,2025-06-15,0
SG_017510,2026-02-25,0
SG_017511,2025-02-17,0
SG_017512,2026-07-15,0
SG_017515,2026-03-15,0
SG_017517,2025-09-17,0
SG_017519,2025-04-27,1
SG_017520,2025-05-29,0
SG_017522,2026-12-03,0
SG_017523,2026-05-09,0
SG_017524,2026-05-08,0
SG_017525,2026-04-02,0
SG_017527,2025-09-04,0
SG_017528,2025-08-12,0
SG_017530,2025-04-16,0
SG_017531,2026-07-02,1
SG_017533,2025-12-20,0
SG_017534,2025-09-07,0
SG_017536,2025-06-26,0
SG_017539,2025-12-02,1
SG_017540,2025-02-24,0
SG_017541,2025-12-01,0
SG_017543,2025-01-16,0
SG_017544,2025-10-21,0
SG_017546,2026-02-06,0
SG_017547,2025-10-29,1
SG_017548,2025-11-20,0
SG_017550,2026-01-17,0
SG_017551,2026-06-30,0
SG_017552,2025-01-14,0
SG_017553,2026-04-06,1
SG_017554,2025-02-20,0
SG_017555,2026-04-21,0
SG_017556,2026-10-26,0
SG_017558,2025-05-12,0
SG_017561,2026-01-14,0
SG_017564,2026-12-25,0
SG_017566,2026-01-05,0
SG_017567,2026-03-06,0
SG_017568,2025-08-18,1
SG_017569,2026-01-24,0
SG_017570,2025-05-03,0
SG_017571,2026-08-13,0
SG_017573,2025-04-04,1
SG_017574,2026-05-17,0
SG_017576,2026-01-25,0
SG_017582,2025-01-12,0
SG_017583,2025-12-09,0
SG_017584,2025-12-12,0
SG_017585,2026-07-21,0
SG_017586,2025-07-02,1
SG_017587,2025-09-29,0
SG_017588,2025-08-04,0
SG_017591,2026-03-25,1
SG_017592,2025-02-01,0
SG_017593,2026-04-26,0
SG_017595,2026-08-20,1
SG_017596,2026-09-02,0
SG_017598,2025-06-04,0
SG_017599,2026-06-29,1
SG_017600,2025-09-22,1
SG_017601,2026-07-08,0
SG_017602,2025-12-04,0
SG_017603,2026-07-16,0
SG_017608,2026-07-31,1
SG_017609,2025-04-20,0
SG_017610,2026-12-17,0
SG_017612,2025-04-11,0
SG_017613,2026-03-07,0
SG_017614,2025-02-24,0
SG_017618,2026-10-22,0
SG_017619,2026-03-03,0
SG_017620,2026-09-05,0
SG_017623,2026-03-13,0
SG_017624,2025-11-17,1
SG_017625,2025-10-24,1
SG_017626,2025-03-17,0
SG_017627,2026-09-23,0
SG_017628,2025-02-13,0
SG_017631,2026-10-27,0
SG_017632,2025-10-19,0
SG_017633,2025-07-19,0
SG_017635,2025-09-09,0
SG_017636,2025-07-30,0
SG_017637,2026-01-06,0
SG_017638,2025-04-19,0
SG_017640,2025-10-05,0
SG_017641,2026-11-07,0
SG_017643,2026-02-26,0
SG_017644,2026-04-01,0
SG_017645,2025-08-06,0
SG_017647,2025-10-06,0
SG_017648,2025-11-11,0
SG_017649,2025-12-11,0
SG_017650,2025-10-31,1
SG_017651,2026-05-30,1
SG_017652,2025-01-15,1
SG_017653,2025-09-20,0
SG_017654,2025-08-18,0
SG_017655,2026-01-31,0
SG_017656,2026-11-11,0
SG_017659,2026-10-22,0
SG_017660,2026-03-06,0
SG_017661,2025-07-25,0
SG_017662,2025-08-21,1
SG_017663,2025-11-02,0
SG_017664,2026-01-29,1
SG_017665,2025-08-20,0
SG_017666,2026-05-23,0
SG_017668,2026-05-07,0
SG_017669,2026-01-28,0
SG_017670,2026-05-09,0
SG_017671,2025-04-14,0
SG_017672,2026-11-21,0
SG_017675,2025-09-03,0
SG_017676,2026-11-17,0
SG_017678,2026-01-09,0
SG_017680,2025-04-24,0
SG_017681,2026-07-17,0
SG_017682,2025-03-12,0
SG_017684,2025-10-17,0
SG_017685,2025-12-31,0
SG_017686,2025-03-03,0
SG_017688,2025-02-19,0
SG_017690,2026-10-21,0
SG_017692,2026-09-02,0
SG_017694,2026-04-24,0
SG_017695,2026-01-17,0
SG_017698,2025-01-31,1
SG_017699,2026-05-30,0
SG_017700,2025-08-23,0
SG_017701,2025-03-17,0
SG_017704,2026-10-01,0
SG_017705,2025-11-13,0
SG_017706,2025-05-22,1
SG_017707,2026-02-08,0
SG_017708,2026-05-02,1
SG_017710,2026-04-29,1
SG_017711,2025-04-13,0
SG_017712,2025-11-10,0
SG_017713,2026-01-10,0
SG_017716,2025-04-10,0
SG_017717,2025-12-04,0
SG_017720,2026-11-09,0
SG_017721,2026-07-01,0
SG_017722,2025-01-09,0
SG_017723,2026-01-03,0
SG_017724,2025-06-29,0
SG_017725,2025-10-03,0
SG_017726,2025-09-07,1
SG_017727,2026-03-07,0
SG_017730,2026-09-20,0
SG_017731,2025-07-21,0
SG_017732,2026-03-08,0
SG_017733,2025-03-21,0
SG_017734,2026-06-25,0
SG_017735,2025-07-18,0
SG_017736,2025-09-15,0
SG_017737,2026-05-31,1
SG_017738,2025-09-05,0
SG_017740,2026-01-08,0
SG_017741,2026-02-22,0
SG_017742,2025-05-07,0
SG_017744,2026-05-11,0
SG_017747,2026-04-15,1
SG_017748,2025-10-30,0
SG_017751,2026-07-12,0
SG_017752,2025-07-19,0
SG_017753,2025-09-23,0
SG_017755,2025-12-13,1
SG_017756,2026-11-09,0
SG_017758,2025-10-28,0
SG_017759,2026-07-09,0
SG_017761,2025-12-06,1
SG_017762,2025-11-06,0
SG_017763,2025-06-07,0
SG_017764,2025-04-16,0
SG_017765,2026-04-03,0
SG_017766,2025-04-22,0
SG_017767,2025-10-12,0
SG_017768,2025-06-06,0
SG_017769,2026-05-22,1
SG_017770,2026-03-14,0
SG_017771,2026-05-31,0
SG_017772,2025-09-17,0
SG_017773,2026-08-07,0
SG_017779,2025-11-18,0
SG_017780,2026-01-05,0
SG_017783,2026-09-15,0
SG_017784,2026-05-25,1
SG_017785,2025-07-28,0
SG_017786,2025-10-03,0
SG_017787,2025-03-04,0
SG_017788,2025-06-10,1
SG_017790,2025-05-26,0
SG_017791,2026-05-13,0
SG_017792,2025-12-14,0
SG_017793,2026-06-13,0
SG_017794,2025-05-15,0
SG_017796,2026-05-08,0
SG_017797,2025-04-15,0
SG_017799,2025-01-07,0
SG_017800,2026-02-26,1
SG_017801,2026-03-07,0
SG_017802,2026-10-09,0
SG_017803,2026-11-23,0
SG_017804,2025-04-26,0
SG_017805,2026-04-13,1
SG_017806,2026-03-16,0
SG_017807,2025-02-20,0
SG_017808,2025-05-22,1
SG_017809,2026-04-19,0
SG_017810,2025-12-25,0
SG_017812,2025-01-25,0
SG_017813,2026-02-21,0
SG_017814,2026-05-26,1
SG_017815,2026-03-05,0
SG_017816,2025-02-15,0
SG_017818,2025-01-16,0
SG_017820,2025-02-02,0
SG_017821,2025-08-28,1
SG_017823,2025-07-02,0
SG_017824,2025-11-04,0
SG_017825,2026-09-26,0
SG_017826,2025-11-19,0
SG_017828,2025-10-27,0
SG_017829,2025-02-05,0
SG_017831,2026-02-19,1
SG_017833,2025-09-08,0
SG_017835,2025-08-31,1
SG_017836,2026-11-24,0
SG_017837,2026-05-08,1
SG_017839,2025-02-05,0
SG_017841,2025-02-02,1
SG_017842,2026-04-01,0
SG_017843,2025-11-15,0
SG_017844,2026-04-03,0
SG_017845,2025-08-07,0
SG_017846,2025-07-31,0
SG_017848,2025-09-22,0
SG_017849,2025-03-19,0
SG_017850,2026-05-02,1
SG_017852,2025-08-28,0
SG_017853,2025-12-24,0
SG_017854,2026-01-17,0
SG_017856,2025-07-07,0
SG_017857,2026-01-22,0
SG_017858,2026-01-11,0
SG_017859,2025-11-29,1
SG_017860,2025-12-23,0
SG_017861,2026-01-17,0
SG_017863,2025-03-12,0
SG_017864,2026-08-19,0
SG_017868,2025-06-08,0
SG_017869,2026-01-19,0
SG_017870,2026-03-10,0
SG_017871,2025-12-20,0
SG_017872,2025-11-29,0
SG_017873,2025-12-26,0
SG_017874,2026-03-24,0
SG_017875,2025-01-24,0
SG_017876,2026-05-24,0
SG_017877,2026-01-17,0
SG_017883,2025-08-13,0
SG_017884,2025-07-16,0
SG_017885,2025-09-13,0
SG_017887,2025-01-28,0
SG_017890,2025-11-01,0
SG_017891,2025-04-27,0
SG_017892,2026-03-15,0
SG_017893,2026-01-16,0
SG_017894,2025-03-14,0
SG_017896,2026-09-24,1
SG_017897,2025-12-23,0
SG_017898,2026-05-08,0
SG_017899,2025-12-26,0
SG_017901,2025-11-17,1
SG_017903,2025-05-07,0
SG_017904,2025-09-28,0
SG_017905,2025-05-16,0
SG_017906,2025-10-25,0
SG_017908,2026-02-20,0
SG_017911,2025-07-05,0
SG_017912,2026-08-31,0
SG_017915,2025-12-05,0
SG_017916,2026-12-18,0
SG_017921,2026-02-10,0
SG_017922,2026-11-16,0
SG_017923,2026-09-29,0
SG_017924,2025-09-24,0
SG_017925,2025-09-19,0
SG_017926,2026-01-16,0
SG_017927,2026-03-05,0
SG_017928,2025-09-08,1
SG_017929,2026-02-08,0
SG_017930,2025-10-16,0
SG_017931,2026-05-31,0
SG_017932,2025-07-11,0
SG_017933,2025-08-22,0
SG_017934,2026-06-19,0
SG_017935,2026-11-13,0
SG_017937,2026-08-29,0
SG_017939,2025-07-07,0
SG_017940,2026-11-25,0
SG_017941,2025-06-17,0
SG_017942,2026-09-23,0
SG_017943,2026-10-26,1
SG_017944,2026-10-22,0
SG_017946,2025-12-30,0
SG_017948,2026-05-30,0
SG_017950,2025-04-04,1
SG_017951,2026-04-12,0
SG_017952,2025-01-21,1
SG_017953,2025-11-01,0
SG_017954,2025-06-10,0
SG_017955,2025-12-03,0
SG_017957,2026-12-26,0
SG_017959,2025-08-24,1
SG_017961,2025-10-12,0
SG_017962,2026-04-16,0
SG_017963,2026-11-09,0
SG_017964,2025-12-05,0
SG_017966,2025-02-26,0
SG_017967,2026-03-05,0
SG_017968,2026-11-26,0
SG_017969,2025-05-25,0
SG_017970,2026-10-18,0
SG_017972,2025-12-01,0
SG_017974,2026-09-23,0
SG_017975,2025-09-15,0
SG_017976,2026-01-07,1
SG_017977,2025-03-06,1
SG_017979,2025-05-26,1
SG_017980,2025-09-10,0
SG_017982,2026-10-13,0
SG_017983,2025-08-19,0
SG_017984,2025-08-18,0
SG_017986,2025-12-14,0
SG_017988,2025-02-17,1
SG_017989,2025-04-07,0
SG_017990,2026-07-17,0
SG_017993,2025-04-09,0
SG_017994,2025-07-14,0
SG_017995,2026-05-13,0
SG_017996,2025-08-05,1
SG_017997,2026-09-09,0
SG_017998,2026-01-15,0
SG_017999,2025-05-12,0
SG_018000,2026-04-21,0
SG_018001,2025-11-06,0
SG_018004,2026-02-09,0
SG_018006,2025-04-25,0
SG_018007,2025-03-05,0
SG_018008,2025-02-01,0
SG_018009,2025-05-20,0
SG_018010,2026-12-04,0
SG_018011,2025-10-01,0
SG_018012,2026-03-27,1
SG_018013,2026-08-22,1
SG_018018,2026-02-04,1
SG_018019,2025-10-19,0
SG_018020,2025-06-23,0
SG_018021,2025-07-12,1
SG_018022,2025-09-30,0
SG_018023,2025-06-23,0
SG_018025,2025-02-20,0
SG_018026,2025-01-01,0
SG_018027,2025-05-30,1
SG_018029,2025-11-21,0
SG_018030,2026-01-29,0
SG_018031,2025-09-25,0
SG_018034,2026-11-12,0
SG_018035,2025-01-29,0
SG_018036,2025-06-17,0
SG_018038,2025-03-05,0
SG_018039,2026-05-26,0
SG_018041,2026-01-07,0
SG_018043,2025-11-29,0
SG_018044,2025-08-03,0
SG_018045,2025-12-07,0
SG_018047,2026-02-04,0
SG_018048,2025-07-11,0
SG_018049,2025-02-06,0
SG_018051,2025-11-05,0
SG_018052,2026-01-26,0
SG_018053,2026-02-09,0
SG_018054,2026-06-30,0
SG_018057,2025-08-07,0
SG_018058,2026-01-15,0
SG_018059,2025-10-31,0
SG_018060,2026-01-22,0
SG_018062,2026-06-15,0
SG_018065,2025-02-14,0
SG_018066,2025-04-13,0
SG_018068,2025-06-09,0
SG_018069,2025-06-19,0
SG_018070,2026-06-05,0
SG_018071,2025-05-15,0
SG_018075,2025-07-05,0
SG_018077,2025-03-06,0
SG_018078,2025-08-11,0
SG_018079,2026-02-17,0
SG_018081,2026-05-10,1
SG_018082,2025-09-05,0
SG_018083,2025-09-26,1
SG_018085,2025-11-14,0
SG_018086,2025-03-21,0
SG_018087,2026-11-14,0
SG_018089,2025-06-11,0
SG_018091,2025-10-01,0
SG_018093,2025-03-02,0
SG_018095,2026-04-05,0
SG_018097,2025-02-05,0
SG_018098,2025-12-06,1
SG_018099,2025-08-19,1
SG_018101,2025-03-30,0
SG_018102,2026-09-10,0
SG_018103,2025-10-21,0
SG_018104,2025-07-29,0
SG_018105,2025-08-27,0
SG_018106,2025-03-05,0
SG_018107,2025-07-28,0
SG_018108,2025-01-12,0
SG_018110,2025-06-10,0
SG_018112,2026-01-24,0
SG_018113,2025-07-31,1
SG_018114,2025-07-09,0
SG_018115,2026-08-30,0
SG_018116,2025-02-06,0
SG_018117,2025-04-23,0
SG_018118,2025-12-18,0
SG_018119,2026-01-24,0
SG_018121,2025-09-11,0
SG_018122,2026-09-22,1
SG_018123,2025-07-23,0
SG_018126,2025-05-13,0
SG_018127,2025-04-13,1
SG_018128,2026-01-01,0
SG_018129,2025-11-30,0
SG_018131,2026-07-10,0
SG_018133,2025-04-26,0
SG_018135,2025-07-21,0
SG_018136,2025-06-03,1
SG_018137,2025-11-07,0
SG_018138,2026-01-22,0
SG_018139,2025-08-19,0
SG_018141,2025-07-02,0
SG_018142,2026-10-29,0
SG_018143,2026-02-17,0
SG_018145,2025-08-10,0
SG_018147,2025-08-14,1
SG_018148,2026-02-21,0
SG_018149,2025-07-22,0
SG_018151,2025-11-05,0
SG_018152,2025-01-05,0
SG_018153,2025-03-17,0
SG_018156,2025-04-27,1
SG_018157,2025-08-25,0
SG_018158,2025-11-03,0
SG_018159,2026-02-07,0
SG_018161,2026-02-15,0
SG_018162,2026-11-25,0
SG_018163,2025-11-27,0
SG_018164,2026-04-10,0
SG_018167,2026-08-18,1
SG_018168,2025-06-01,0
SG_018169,2026-04-27,1
SG_018171,2025-04-17,0
SG_018172,2026-04-24,1
SG_018173,2025-10-28,0
SG_018176,2025-03-24,0
SG_018177,2026-03-08,0
SG_018179,2025-02-23,0
SG_018180,2026-09-10,0
SG_018182,2026-10-22,1
SG_018183,2025-12-02,0
SG_018184,2025-01-09,0
SG_018185,2025-05-17,0
SG_018187,2025-08-01,0
SG_018189,2026-06-29,0
SG_018190,2026-07-18,0
SG_018191,2025-11-12,0
SG_018192,2026-12-28,1
SG_018193,2026-09-21,0
SG_018194,2026-07-13,0
SG_018196,2025-08-28,1
SG_018197,2026-02-22,0
SG_018199,2025-05-27,1
SG_018200,2025-05-25,0
SG_018202,2026-10-28,0
SG_018203,2026-03-24,0
SG_018204,2025-11-24,0
SG_018205,2025-01-11,1
SG_018207,2025-08-31,0
SG_018209,2025-01-09,0
SG_018210,2025-09-06,0
SG_018211,2025-01-01,1
SG_018212,2026-03-13,1
SG_018213,2025-08-09,0
SG_018217,2026-01-15,0
SG_018218,2025-12-01,0
SG_018219,2025-03-08,0
SG_018220,2025-01-08,0
SG_018222,2026-06-01,1
SG_018223,2025-10-31,0
SG_018225,2025-01-06,0
SG_018226,2025-05-18,0
SG_018227,2025-11-12,0
SG_018230,2026-02-06,0
SG_018231,2026-04-02,0
SG_018232,2025-08-31,0
SG_018233,2025-02-06,0
SG_018234,2026-01-03,0
SG_018235,2025-10-23,1
SG_018236,2025-02-28,0
SG_018237,2026-03-24,0
SG_018239,2025-03-31,1
SG_018240,2026-11-24,0
SG_018242,2026-03-17,1
SG_018243,2026-10-09,0
SG_018244,2025-07-21,0
SG_018245,2025-08-31,0
SG_018248,2026-06-18,0
SG_018249,2026-09-18,0
SG_018250,2026-09-19,0
SG_018251,2025-10-06,0
SG_018254,2026-04-28,0
SG_018255,2025-08-27,0
SG_018256,2026-08-15,1
SG_018257,2026-02-23,0
SG_018258,2025-12-09,0
SG_018260,2025-12-27,0
SG_018262,2026-03-05,0
SG_018264,2025-10-09,0
SG_018265,2025-10-01,0
SG_018267,2025-07-30,0
SG_018268,2025-11-30,0
SG_018271,2025-05-04,0
SG_018272,2025-06-06,0
SG_018273,2026-07-18,0
SG_018274,2025-12-27,0
SG_018275,2025-11-05,0
SG_018277,2025-08-17,0
SG_018279,2025-07-11,1
SG_018280,2025-12-07,0
SG_018283,2026-04-04,0
SG_018285,2026-03-07,0
SG_018288,2025-03-06,0
SG_018289,2025-06-02,0
SG_018290,2026-01-25,1
SG_018291,2025-08-29,0
SG_018292,2025-01-05,0
SG_018293,2025-08-25,0
SG_018295,2026-01-23,1
SG_018296,2025-04-10,0
SG_018298,2026-04-25,1
SG_018299,2025-03-09,0
SG_018300,2025-12-25,1
SG_018301,2026-06-04,0
SG_018302,2025-10-19,0
SG_018304,2026-04-30,0
SG_018306,2025-09-28,0
SG_018308,2025-05-21,0
SG_018309,2025-12-27,0
SG_018310,2025-03-14,0
SG_018311,2026-11-30,0
SG_018313,2025-09-08,0
SG_018314,2025-07-11,0
SG_018315,2025-07-31,0
SG_018317,2026-05-14,0
SG_018318,2025-09-04,0
SG_018319,2026-04-29,1
SG_018320,2026-04-01,0
SG_018323,2025-11-27,1
SG_018324,2025-10-31,0
SG_018326,2026-02-21,0
SG_018328,2026-02-09,1
SG_018329,2026-05-15,0
SG_018331,2025-11-19,0
SG_018332,2025-05-05,0
SG_018333,2025-03-10,0
SG_018335,2025-09-19,0
SG_018337,2025-02-21,1
SG_018339,2025-05-01,0
SG_018340,2025-11-27,1
SG_018343,2026-05-13,0
SG_018344,2025-06-25,0
SG_018345,2026-02-27,0
SG_018346,2025-12-14,0
SG_018349,2025-07-18,0
SG_018350,2025-07-11,0
SG_018352,2025-12-17,0
SG_018353,2026-07-12,0
SG_018354,2026-11-08,0
SG_018355,2026-03-19,0
SG_018356,2026-05-20,0
SG_018357,2025-11-16,0
SG_018358,2026-06-27,0
SG_018359,2026-02-22,0
SG_018362,2026-08-30,0
SG_018363,2026-06-13,0
SG_018365,2025-01-19,0
SG_018367,2026-06-21,0
SG_018369,2026-07-01,0
SG_018370,2025-07-25,0
SG_018371,2026-11-27,1
SG_018373,2026-02-11,0
SG_018374,2025-11-01,0
SG_018375,2025-12-20,0
SG_018376,2025-10-08,0
SG_018377,2025-10-14,0
SG_018378,2026-08-15,0
SG_018380,2025-01-15,0
SG_018382,2025-11-27,0
SG_018383,2025-12-31,0
SG_018384,2025-07-13,1
SG_018385,2026-12-01,0
SG_018389,2025-12-19,0
SG_018390,2025-07-17,0
SG_018391,2026-04-22,0
SG_018392,2026-12-18,1
SG_018393,2026-08-11,0
SG_018395,2026-01-07,0
SG_018396,2025-09-21,1
SG_018397,2025-10-01,0
SG_018398,2026-02-10,1
SG_018399,2025-11-18,0
SG_018400,2025-09-17,0
SG_018401,2026-01-02,0
SG_018402,2026-04-07,0
SG_018403,2025-10-10,0
SG_018404,2025-05-02,0
SG_018405,2025-01-25,1
SG_018406,2026-01-26,1
SG_018408,2026-09-28,0
SG_018409,2025-12-14,0
SG_018412,2026-08-02,0
SG_018413,2025-04-05,0
SG_018414,2025-11-23,0
SG_018415,2025-09-02,1
SG_018416,2025-11-23,0
SG_018419,2025-10-25,0
SG_018421,2026-03-27,0
SG_018423,2025-06-21,0
SG_018425,2025-02-18,0
SG_018428,2025-07-14,0
SG_018429,2026-01-22,0
SG_018431,2025-07-27,0
SG_018432,2026-08-20,0
SG_018435,2026-09-11,1
SG_018437,2025-08-25,0
SG_018438,2025-10-19,0
SG_018439,2026-02-10,0
SG_018440,2026-11-26,1
SG_018443,2025-11-13,0
SG_018444,2025-11-29,0
SG_018446,2025-10-01,0
SG_018447,2026-03-13,0
SG_018449,2026-04-30,0
SG_018450,2025-12-09,0
SG_018451,2025-02-11,1
SG_018453,2025-07-04,0
SG_018454,2026-07-30,0
SG_018456,2026-02-01,0
SG_018457,2025-06-07,1
SG_018459,2025-06-27,0
SG_018460,2026-02-06,0
SG_018461,2025-10-02,0
SG_018463,2026-05-30,1
SG_018464,2025-08-03,0
SG_018465,2026-04-16,0
SG_018466,2026-02-16,1
SG_018467,2025-08-25,0
SG_018473,2026-02-06,0
SG_018475,2025-01-28,0
SG_018477,2026-12-29,0
SG_018478,2025-12-14,0
SG_018479,2025-02-21,0
SG_018480,2026-05-10,0
SG_018482,2025-07-29,0
SG_018483,2025-10-15,1
SG_018484,2026-04-15,1
SG_018486,2025-11-06,0
SG_018488,2026-06-29,1
SG_018489,2025-07-26,0
SG_018492,2026-09-28,0
SG_018495,2025-03-31,0
SG_018496,2026-05-02,0
SG_018498,2025-02-08,0
SG_018499,2026-02-14,0
SG_018500,2025-06-20,0
SG_018502,2026-05-13,0
SG_018504,2025-02-02,0
SG_018507,2026-05-21,0
SG_018508,2025-12-09,0
SG_018509,2026-12-11,0
SG_018512,2026-05-15,0
SG_018513,2025-12-28,0
SG_018515,2026-07-06,0
SG_018516,2026-04-16,0
SG_018517,2025-03-02,1
SG_018518,2025-11-16,0
SG_018521,2025-09-12,0
SG_018522,2025-06-03,0
SG_018523,2026-08-28,0
SG_018527,2026-03-28,0
SG_018528,2025-04-26,0
SG_018530,2026-01-04,0
SG_018532,2025-12-26,0
SG_018533,2025-10-26,1
SG_018535,2026-06-22,0
SG_018538,2026-12-28,0
SG_018539,2025-07-17,0
SG_018540,2025-01-22,1
SG_018541,2026-06-13,1
SG_018542,2026-09-21,0
SG_018545,2026-01-06,1
SG_018546,2025-09-26,0
SG_018550,2026-03-25,0
SG_018551,2026-03-04,1
SG_018552,2026-07-22,0
SG_018554,2025-07-19,0
SG_018556,2026-01-10,0
SG_018557,2025-02-26,0
SG_018559,2026-08-26,1
SG_018560,2025-08-02,0
SG_018561,2025-10-14,0
SG_018562,2025-07-30,0
SG_018563,2026-01-20,0
SG_018564,2025-02-24,1
SG_018565,2026-05-31,0
SG_018567,2026-01-03,0
SG_018570,2025-06-04,1
SG_018571,2025-11-08,0
SG_018572,2026-06-01,1
SG_018574,2026-02-23,0
SG_018575,2026-01-18,0
SG_018577,2026-06-15,0
SG_018578,2025-04-11,0
SG_018580,2026-04-21,0
SG_018581,2026-02-18,0
SG_018582,2026-09-04,0
SG_018583,2026-09-08,1
SG_018584,2025-08-02,0
SG_018585,2026-09-05,0
SG_018586,2026-07-08,0
SG_018588,2026-09-20,0
SG_018589,2025-11-08,0
SG_018590,2026-07-17,1
SG_018592,2025-09-17,0
SG_018593,2025-02-18,0
SG_018595,2026-11-11,0
SG_018596,2026-05-24,0
SG_018597,2025-05-17,1
SG_018598,2026-12-11,0
SG_018599,2025-08-09,0
SG_018600,2025-12-18,0
SG_018602,2025-01-04,0
SG_018604,2025-10-23,0
SG_018605,2026-02-20,0
SG_018606,2025-03-10,0
SG_018607,2026-01-15,0
SG_018609,2026-03-22,0
SG_018610,2026-12-09,0
SG_018613,2026-08-18,0
SG_018614,2026-10-03,0
SG_018616,2026-06-07,1
SG_018618,2026-02-03,1
SG_018619,2026-09-13,1
SG_018620,2025-08-01,0
SG_018622,2025-04-12,0
SG_018625,2025-02-28,0
SG_018626,2025-05-25,1
SG_018627,2026-03-28,0
SG_018628,2026-05-26,0
SG_018629,2025-10-27,0
SG_018630,2026-01-14,0
SG_018632,2025-07-06,0
SG_018633,2025-07-20,0
SG_018634,2026-06-16,0
SG_018635,2025-10-05,0
SG_018638,2025-02-24,0
SG_018640,2025-07-22,0
SG_018641,2025-11-20,0
SG_018642,2025-03-27,0
SG_018643,2026-11-18,1
SG_018646,2025-12-06,0
SG_018648,2025-09-28,0
SG_018649,2026-02-24,0
SG_018652,2026-04-29,0
SG_018653,2026-01-02,0
SG_018654,2025-11-16,1
SG_018655,2025-02-04,0
SG_018656,2026-04-17,0
SG_018657,2026-02-06,0
SG_018658,2025-06-17,0
SG_018659,2026-06-25,0
SG_018660,2026-01-22,0
SG_018661,2026-09-25,0
SG_018666,2025-11-26,1
SG_018667,2026-03-20,0
SG_018668,2025-01-13,0
SG_018669,2025-08-01,0
SG_018671,2026-01-25,0
SG_018672,2025-04-14,0
SG_018673,2025-01-02,0
SG_018674,2026-01-20,0
SG_018675,2025-08-21,1
SG_018679,2025-10-26,0
SG_018681,2025-10-16,0
SG_018682,2025-08-17,0
SG_018683,2025-01-06,0
SG_018684,2025-08-17,0
SG_018690,2026-03-18,0
SG_018691,2026-12-13,0
SG_018692,2025-08-28,0
SG_018695,2025-03-09,0
SG_018696,2025-09-13,1
SG_018698,2026-12-15,0
SG_018699,2026-06-02,1
SG_018700,2025-12-12,0
SG_018701,2026-08-23,0
SG_018702,2025-08-01,0
SG_018704,2026-01-02,0
SG_018706,2026-03-16,0
SG_018707,2026-06-03,1
SG_018708,2026-05-28,0
SG_018712,2026-06-22,0
SG_018713,2025-12-23,0
SG_018714,2025-12-03,0
SG_018715,2026-01-04,0
SG_018716,2026-11-22,0
SG_018718,2026-03-30,0
SG_018719,2026-10-09,0
SG_018720,2025-07-24,0
SG_018723,2025-09-05,0
SG_018724,2026-06-08,0
SG_018725,2026-02-04,1
SG_018726,2026-12-25,0
SG_018727,2026-06-05,0
SG_018728,2026-05-20,0
SG_018729,2025-06-02,0
SG_018730,2026-06-25,0
SG_018732,2025-07-04,1
SG_018734,2026-03-11,0
SG_018735,2025-12-29,0
SG_018736,2025-02-05,0
SG_018737,2025-05-14,1
SG_018739,2026-04-20,1
SG_018740,2025-06-04,0
SG_018741,2025-10-01,0
SG_018742,2025-11-10,0
SG_018743,2025-02-26,1
SG_018746,2025-12-17,0
SG_018747,2026-03-31,0
SG_018749,2026-06-13,0
SG_018750,2025-02-20,0
SG_018751,2026-11-11,0
SG_018752,2026-04-17,0
SG_018753,2026-06-23,1
SG_018754,2026-01-22,0
SG_018755,2025-10-19,0
SG_018757,2025-08-22,0
SG_018759,2026-02-23,0
SG_018760,2026-01-16,0
SG_018762,2025-07-28,0
SG_018763,2025-09-02,0
SG_018764,2025-01-14,0
SG_018769,2026-03-15,0
SG_018771,2025-02-04,0
SG_018772,2025-10-29,0
SG_018773,2025-11-04,0
SG_018774,2025-12-27,0
SG_018775,2025-08-19,0
SG_018776,2025-05-14,1
SG_018777,2026-03-04,0
SG_018778,2025-10-09,0
SG_018780,2025-02-28,0
SG_018781,2025-02-22,0
SG_018782,2026-02-25,0
SG_018783,2025-07-04,0
SG_018784,2026-03-03,0
SG_018785,2026-06-02,0
SG_018786,2026-07-05,0
SG_018790,2026-01-18,0
SG_018794,2025-04-24,1
SG_018795,2025-08-24,0
SG_018796,2026-03-23,0
SG_018797,2025-09-18,0
SG_018801,2025-10-14,0
SG_018802,2026-07-06,1
SG_018804,2025-07-02,0
SG_018805,2025-10-10,0
SG_018807,2025-08-30,0
SG_018808,2026-07-23,0
SG_018810,2025-09-24,0
SG_018812,2026-05-28,0
SG_018813,2026-11-07,0
SG_018814,2026-06-05,1
SG_018815,2025-09-30,0
SG_018816,2026-02-19,0
SG_018819,2025-12-26,0
SG_018820,2025-11-10,0
SG_018824,2026-12-24,0
SG_018825,2025-08-03,0
SG_018827,2025-01-07,0
SG_018828,2025-05-11,0
SG_018829,2025-12-06,0
SG_018830,2025-10-08,0
SG_018832,2026-03-22,0
SG_018833,2025-10-31,0
SG_018835,2026-03-29,0
SG_018836,2026-04-08,0
SG_018839,2025-12-04,0
SG_018840,2025-10-30,1
SG_018841,2026-12-08,0
SG_018844,2025-05-02,1
SG_018845,2026-07-19,0
SG_018846,2025-11-20,1
SG_018848,2025-06-20,0
SG_018849,2025-12-25,1
SG_018851,2025-04-28,0
SG_018854,2025-12-20,0
SG_018855,2025-03-04,1
SG_018856,2026-03-14,0
SG_018857,2025-09-04,0
SG_018858,2026-12-16,0
SG_018860,2026-02-07,0
SG_018862,2025-12-09,0
SG_018863,2026-05-27,0
SG_018864,2026-04-19,0
SG_018865,2025-05-20,0
SG_018866,2026-09-30,0
SG_018867,2025-11-07,0
SG_018868,2025-06-26,0
SG_018869,2026-06-10,0
SG_018870,2026-09-18,0
SG_018871,2026-04-01,1
SG_018872,2025-08-03,0
SG_018873,2025-01-01,1
SG_018874,2026-01-20,0
SG_018876,2026-05-22,0
SG_018877,2026-03-18,1
SG_018878,2026-04-24,0
SG_018879,2025-07-30,0
SG_018880,2025-05-22,1
SG_018881,2025-03-20,1
SG_018882,2025-01-06,0
SG_018884,2025-08-21,0
SG_018886,2025-08-01,0
SG_018887,2025-11-23,0
SG_018888,2025-09-21,0
SG_018891,2026-11-03,0
SG_018892,2025-07-09,0
SG_018893,2025-07-15,0
SG_018896,2025-09-08,0
SG_018897,2026-03-04,0
SG_018898,2025-10-20,0
SG_018900,2025-08-30,0
SG_018903,2025-10-17,0
SG_018909,2025-10-25,0
SG_018910,2025-09-05,0
SG_018911,2025-05-12,0
SG_018912,2025-01-22,1
SG_018913,2026-11-29,0
SG_018914,2026-02-03,0
SG_018916,2025-07-01,0
SG_018917,2026-01-18,0
SG_018919,2025-10-22,0
SG_018921,2025-04-18,1
SG_018922,2026-05-17,1
SG_018923,2025-08-15,0
SG_018925,2026-02-06,0
SG_018926,2026-08-18,0
SG_018927,2026-06-21,0
SG_018929,2026-02-26,0
SG_018930,2026-05-13,1
SG_018931,2025-02-09,0
SG_018932,2025-10-22,0
SG_018933,2026-09-25,1
SG_018934,2025-06-29,0
SG_018935,2025-03-06,0
SG_018936,2026-02-01,1
SG_018937,2026-02-12,0
SG_018938,2025-07-03,0
SG_018939,2025-08-19,0
SG_018943,2025-04-30,0
SG_018944,2026-03-30,0
SG_018945,2025-12-10,0
SG_018946,2026-06-04,0
SG_018947,2026-04-19,0
SG_018948,2025-12-08,0
SG_018949,2026-09-29,0
SG_018950,2026-11-21,0
SG_018951,2025-04-22,0
SG_018952,2025-03-04,1
SG_018953,2026-10-30,0
SG_018954,2026-10-04,0
SG_018955,2026-02-10,0
SG_018956,2025-04-27,0
SG_018957,2025-04-06,0
SG_018958,2025-03-26,0
SG_018959,2026-06-20,0
SG_018960,2026-11-28,0
SG_018961,2025-10-09,0
SG_018962,2025-04-08,0
SG_018963,2025-07-06,0
SG_018964,2026-04-20,0
SG_018967,2026-06-25,0
SG_018969,2025-11-22,0
SG_018971,2025-12-05,0
SG_018973,2025-02-19,0
SG_018974,2026-07-27,0
SG_018975,2025-07-14,1
SG_018976,2025-04-15,0
SG_018977,2025-08-16,1
SG_018979,2025-03-14,0
SG_018980,2026-02-08,0
SG_018982,2025-07-26,0
SG_018983,2026-08-19,0
SG_018985,2025-11-08,0
SG_018986,2026-05-24,0
SG_018987,2026-10-03,0
SG_018988,2025-11-28,0
SG_018989,2025-12-25,0
SG_018991,2025-11-20,0
SG_018992,2025-08-28,0
SG_018993,2026-10-29,0
SG_018994,2025-03-23,1
SG_018995,2025-02-16,0
SG_018996,2026-01-24,0
SG_018997,2026-03-18,1
SG_018998,2025-10-17,0
SG_018999,2026-04-20,1
SG_019000,2026-10-11,1
SG_019001,2026-01-21,0
SG_019002,2025-08-07,0
SG_019003,2025-09-26,0
SG_019004,2025-06-20,0
SG_019005,2026-03-15,0
SG_019007,2026-01-31,0
SG_019008,2025-08-08,0
SG_019009,2025-10-17,0
SG_019010,2026-12-13,1
SG_019011,2026-11-30,0
SG_019013,2025-01-27,0
SG_019017,2025-12-26,0
SG_019020,2026-06-25,0
SG_019021,2026-02-05,0
SG_019022,2026-03-01,0
SG_019024,2025-01-08,0
SG_019025,2026-05-28,0
SG_019026,2026-10-31,0
SG_019027,2025-07-01,1
SG_019029,2025-10-23,1
SG_019031,2025-12-07,0
SG_019032,2025-08-31,0
SG_019033,2025-03-19,0
SG_019034,2025-09-30,0
SG_019035,2025-04-08,0
SG_019037,2026-11-21,0
SG_019040,2025-08-23,1
SG_019043,2026-04-01,0
SG_019045,2025-07-24,0
SG_019046,2025-08-15,0
SG_019047,2025-08-09,0
SG_019048,2025-03-23,0
SG_019049,2025-02-27,0
SG_019050,2026-12-20,0
SG_019052,2025-11-21,0
SG_019055,2026-04-14,0
SG_019056,2025-06-14,0
SG_019057,2026-04-21,0
SG_019059,2026-03-26,1
SG_019060,2025-06-23,0
SG_019061,2026-04-02,0
SG_019062,2026-06-29,0
SG_019063,2026-03-10,1
SG_019064,2025-12-06,0
SG_019065,2025-03-24,0
SG_019066,2026-12-01,0
SG_019067,2025-12-11,0
SG_019068,2025-04-14,0
SG_019070,2025-06-30,0
SG_019072,2026-07-06,1
SG_019073,2025-08-18,0
SG_019074,2025-01-11,0
SG_019075,2026-05-30,0
SG_019076,2025-04-19,0
SG_019077,2025-02-23,0
SG_019078,2025-07-04,0
SG_019079,2025-03-07,0
SG_019080,2026-01-05,0
SG_019081,2026-05-22,0
SG_019085,2025-02-22,0
SG_019086,2025-06-11,0
SG_019088,2026-09-19,0
SG_019089,2025-08-16,0
SG_019090,2026-08-02,0
SG_019091,2025-11-03,0
SG_019093,2026-03-15,1
SG_019094,2026-03-12,0
SG_019095,2026-03-11,0
SG_019096,2026-11-18,0
SG_019097,2025-09-29,0
SG_019099,2026-06-26,0
SG_019100,2025-12-09,0
SG_019101,2026-05-25,0
SG_019103,2026-06-17,0
SG_019104,2026-02-22,0
SG_019107,2026-06-13,0
SG_019108,2025-04-01,0
SG_019110,2025-08-24,0
SG_019111,2026-01-27,0
SG_019112,2026-03-12,0
SG_019113,2026-04-14,1
SG_019114,2025-01-27,0
SG_019116,2026-01-14,0
SG_019118,2025-09-25,0
SG_019121,2026-02-26,0
SG_019122,2026-12-02,0
SG_019123,2026-06-09,0
SG_019124,2026-03-23,1
SG_019125,2025-05-18,0
SG_019126,2026-06-02,0
SG_019127,2025-11-17,0
SG_019128,2025-09-14,0
SG_019129,2025-08-11,0
SG_019130,2025-11-23,0
SG_019132,2026-08-01,1
SG_019133,2026-01-25,0
SG_019134,2026-02-10,0
SG_019135,2025-10-28,0
SG_019136,2026-06-04,0
SG_019137,2025-09-16,0
SG_019138,2026-12-24,0
SG_019139,2026-03-13,0
SG_019140,2026-05-03,1
SG_019141,2026-10-12,0
SG_019143,2025-08-02,0
SG_019144,2026-05-06,0
SG_019145,2026-06-19,0
SG_019148,2025-11-03,0
SG_019151,2026-01-12,0
SG_019152,2026-07-26,0
SG_019153,2025-07-17,0
SG_019154,2026-03-18,0
SG_019155,2025-07-18,1
SG_019156,2026-01-15,0
SG_019157,2026-09-13,1
SG_019158,2026-03-01,0
SG_019159,2026-01-20,0
SG_019160,2026-05-31,0
SG_019161,2025-07-17,0
SG_019163,2025-09-26,0
SG_019164,2025-12-24,0
SG_019165,2025-11-15,1
SG_019166,2025-06-04,0
SG_019168,2026-01-28,1
SG_019170,2025-05-19,0
SG_019172,2025-03-08,0
SG_019173,2025-12-22,0
SG_019174,2026-10-15,0
SG_019175,2026-07-04,0
SG_019177,2026-01-19,1
SG_019178,2026-06-26,0
SG_019179,2026-08-26,0
SG_019180,2026-01-12,0
SG_019181,2025-11-01,0
SG_019182,2026-11-08,1
SG_019183,2026-01-07,0
SG_019185,2025-07-30,0
SG_019186,2026-02-08,0
SG_019188,2025-02-28,1
SG_019189,2025-10-09,0
SG_019191,2026-01-31,0
SG_019192,2026-03-12,0
SG_019193,2026-07-10,0
SG_019194,2026-02-26,1
SG_019195,2025-08-25,1
SG_019196,2026-12-18,0
SG_019199,2025-07-12,0
SG_019200,2026-11-01,0
SG_019202,2025-01-10,0
SG_019205,2026-12-21,1
SG_019206,2025-01-01,0
SG_019207,2026-05-10,0
SG_019210,2026-05-29,0
SG_019213,2026-09-30,1
SG_019214,2026-05-05,1
SG_019215,2025-10-28,0
SG_019216,2025-12-10,1
SG_019218,2026-12-18,0
SG_019219,2026-07-27,1
SG_019220,2025-11-15,0
SG_019224,2025-04-30,0
SG_019226,2025-09-16,1
SG_019227,2026-03-11,0
SG_019228,2026-01-15,0
SG_019229,2025-10-17,0
SG_019230,2025-07-07,0
SG_019231,2025-07-13,1
SG_019232,2025-09-22,1
SG_019233,2026-06-03,0
SG_019234,2025-04-07,0
SG_019235,2026-08-30,0
SG_019236,2026-02-12,0
SG_019238,2025-09-28,0
SG_019239,2025-05-21,0
SG_019240,2025-07-15,0
SG_019241,2025-02-13,0
SG_019242,2026-09-11,0
SG_019243,2026-01-05,0
SG_019250,2025-01-26,0
SG_019252,2025-04-21,1
SG_019256,2025-03-31,0
SG_019257,2026-06-15,0
SG_019258,2026-07-20,0
SG_019260,2025-10-15,0
SG_019261,2026-04-07,0
SG_019262,2026-06-19,0
SG_019263,2025-11-16,0
SG_019264,2025-06-20,0
SG_019268,2025-11-28,0
SG_019269,2026-02-10,0
SG_019277,2026-02-03,0
SG_019278,2025-12-16,1
SG_019279,2025-02-18,1
SG_019280,2025-07-01,0
SG_019281,2026-05-24,0
SG_019283,2026-03-06,0
SG_019284,2025-10-06,1
SG_019285,2026-02-08,0
SG_019287,2025-04-26,0
SG_019288,2026-03-08,0
SG_019290,2026-04-06,0
SG_019291,2026-08-22,0
SG_019292,2025-11-15,0
SG_019293,2025-10-11,0
SG_019294,2025-07-11,0
SG_019297,2026-05-02,0
SG_019299,2026-04-15,0
SG_019301,2025-08-06,0
SG_019303,2026-02-08,0
SG_019304,2025-09-27,0
SG_019305,2025-03-10,0
SG_019306,2026-03-04,0
SG_019307,2025-02-26,0
SG_019308,2026-12-13,0
SG_019309,2025-07-02,0
SG_019310,2025-12-10,0
SG_019312,2025-03-05,0
SG_019313,2026-06-03,0
SG_019317,2025-10-12,0
SG_019318,2025-05-21,0
SG_019319,2025-03-05,0
SG_019320,2026-08-04,1
SG_019322,2025-05-05,0
SG_019323,2025-09-02,0
SG_019324,2026-10-12,0
SG_019327,2026-08-18,0
SG_019329,2026-02-27,0
SG_019331,2025-05-03,0
SG_019332,2026-07-10,1
SG_019334,2025-11-11,0
SG_019335,2026-02-24,0
SG_019337,2025-08-13,0
SG_019338,2025-05-18,0
SG_019340,2026-06-15,0
SG_019341,2026-04-24,0
SG_019342,2025-12-01,1
SG_019343,2025-12-31,0
SG_019344,2026-05-06,0
SG_019345,2025-04-14,0
SG_019347,2025-08-07,0
SG_019348,2025-12-31,0
SG_019349,2025-05-03,1
SG_019350,2025-09-15,0
SG_019351,2025-10-28,1
SG_019353,2026-03-22,0
SG_019354,2026-10-24,0
SG_019355,2025-04-05,0
SG_019356,2026-03-01,0
SG_019357,2025-08-06,0
SG_019359,2026-04-18,0
SG_019360,2026-09-14,0
SG_019361,2025-03-27,0
SG_019363,2026-01-23,0
SG_019364,2025-01-02,0
SG_019365,2025-10-06,0
SG_019366,2025-11-06,0
SG_019367,2025-10-13,0
SG_019369,2026-11-10,0
SG_019370,2026-03-10,1
SG_019372,2026-06-18,0
SG_019377,2025-08-10,0
SG_019378,2025-06-08,0
SG_019379,2025-12-16,0
SG_019380,2025-09-08,0
SG_019381,2025-10-24,0
SG_019382,2025-09-15,0
SG_019383,2026-04-14,0
SG_019384,2025-05-11,0
SG_019385,2025-09-03,0
SG_019387,2025-12-13,0
SG_019389,2026-03-11,0
SG_019390,2025-08-17,0
SG_019391,2026-06-28,0
SG_019392,2025-09-14,1
SG_019393,2026-09-04,0
SG_019395,2026-12-13,0
SG_019396,2026-02-17,1
SG_019397,2025-12-20,0
SG_019399,2025-09-20,0
SG_019400,2025-02-24,1
SG_019401,2025-07-30,0
SG_019402,2025-09-12,0
SG_019403,2025-02-24,0
SG_019404,2025-12-03,0
SG_019405,2025-03-13,0
SG_019406,2025-12-19,0
SG_019407,2026-04-14,0
SG_019409,2025-08-22,0
SG_019410,2025-09-02,0
SG_019412,2025-11-03,0
SG_019413,2026-04-20,0
SG_019414,2025-07-19,0
SG_019415,2025-11-06,0
SG_019416,2025-05-20,0
SG_019417,2025-04-11,0
SG_019418,2026-03-06,1
SG_019420,2025-09-12,0
SG_019422,2026-01-14,1
SG_019423,2026-08-26,0
SG_019424,2025-02-18,0
SG_019426,2025-09-23,0
SG_019429,2025-08-19,0
SG_019430,2025-04-20,0
SG_019434,2025-01-17,0
SG_019435,2026-05-15,0
SG_019438,2026-04-26,0
SG_019439,2026-12-07,1
SG_019441,2025-09-12,0
SG_019443,2026-12-18,0
SG_019444,2025-04-26,0
SG_019445,2026-12-10,1
SG_019448,2025-10-03,0
SG_019450,2025-12-12,1
SG_019451,2026-12-01,0
SG_019453,2026-02-02,0
SG_019454,2025-10-01,0
SG_019457,2025-02-15,0
SG_019459,2025-08-10,0
SG_019460,2026-02-24,0
SG_019461,2025-05-24,0
SG_019462,2025-07-05,1
SG_019463,2026-06-03,0
SG_019464,2025-10-21,0
SG_019465,2025-08-13,0
SG_019467,2026-02-11,1
SG_019469,2026-07-16,0
SG_019472,2026-05-19,0
SG_019474,2025-10-11,1
SG_019475,2025-05-23,0
SG_019476,2025-09-07,0
SG_019477,2026-05-29,0
SG_019479,2026-03-31,0
SG_019480,2026-01-02,0
SG_019481,2025-09-23,0
SG_019482,2025-09-27,0
SG_019483,2025-01-26,1
SG_019484,2025-12-19,1
SG_019486,2026-05-11,0
SG_019487,2026-12-02,1
SG_019490,2025-09-10,0
SG_019492,2025-09-25,0
SG_019493,2026-07-20,0
SG_019494,2026-04-15,0
SG_019495,2025-07-04,0
SG_019497,2026-12-29,0
SG_019499,2025-03-31,1
SG_019500,2026-09-14,0
SG_019501,2026-03-12,1
SG_019502,2025-01-03,1
SG_019503,2025-06-01,0
SG_019504,2025-11-08,1
SG_019505,2026-07-04,0
SG_019506,2026-01-27,0
SG_019507,2025-07-28,0
SG_019508,2026-11-09,0
SG_019509,2026-05-15,0
SG_019511,2026-10-18,1
SG_019512,2025-09-28,0
SG_019513,2026-04-04,1
SG_019514,2026-12-09,0
SG_019515,2026-02-23,0
SG_019517,2025-01-09,0
SG_019518,2026-06-12,0
SG_019520,2026-10-30,0
SG_019521,2025-11-15,0
SG_019522,2026-05-25,1
SG_019524,2026-06-30,0
SG_019525,2026-12-25,1
SG_019526,2025-07-23,0
SG_019528,2025-02-04,0
SG_019529,2026-11-30,1
SG_019531,2025-11-27,0
SG_019533,2025-04-04,1
SG_019535,2025-09-04,0
SG_019536,2025-01-23,0
SG_019537,2025-08-27,0
SG_019538,2026-02-12,0
SG_019539,2025-10-29,0
SG_019542,2025-04-27,1
SG_019544,2026-01-14,0
SG_019545,2025-10-03,0
SG_019546,2025-02-26,0
SG_019547,2025-10-08,0
SG_019548,2025-04-20,0
SG_019549,2026-04-01,0
SG_019550,2025-08-15,0
SG_019551,2025-07-14,0
SG_019552,2026-09-08,0
SG_019554,2025-10-11,0
SG_019555,2026-12-03,0
SG_019556,2025-10-11,1
SG_019557,2026-01-26,0
SG_019559,2025-08-22,1
SG_019560,2026-06-25,0
SG_019561,2026-03-15,0
SG_019565,2026-01-04,0
SG_019566,2025-07-10,0
SG_019568,2025-06-05,0
SG_019569,2025-12-15,0
SG_019571,2025-12-16,0
SG_019572,2026-07-22,0
SG_019573,2025-07-31,0
SG_019574,2026-08-13,0
SG_019575,2025-04-28,1
SG_019576,2025-11-25,0
SG_019578,2025-06-29,0
SG_019579,2026-12-23,0
SG_019580,2026-07-04,0
SG_019581,2026-05-16,0
SG_019582,2025-10-16,0
SG_019584,2026-04-23,0
SG_019586,2025-02-02,0
SG_019589,2025-10-25,0
SG_019590,2025-11-01,0
SG_019592,2026-01-03,0
SG_019594,2026-08-16,1
SG_019595,2026-02-09,0
SG_019596,2026-12-29,0
SG_019597,2025-03-30,0
SG_019600,2026-05-08,0
SG_019601,2026-11-04,0
SG_019603,2025-10-21,0
SG_019604,2026-03-19,0
SG_019605,2026-02-12,0
SG_019606,2025-10-18,0
SG_019607,2025-11-27,0
SG_019608,2025-06-02,0
SG_019610,2025-08-29,0
SG_019611,2025-12-27,0
SG_019612,2026-05-22,0
SG_019613,2026-05-18,0
SG_019614,2026-03-30,0
SG_019615,2025-02-27,0
SG_019616,2025-07-11,0
SG_019617,2025-09-19,0
SG_019618,2025-07-05,0
SG_019619,2025-02-12,0
SG_019622,2025-12-20,0
SG_019623,2025-01-21,0
SG_019626,2025-02-25,0
SG_019628,2025-11-30,1
SG_019629,2026-07-04,0
SG_019630,2026-03-03,1
SG_019631,2026-05-24,0
SG_019632,2026-02-24,0
SG_019633,2025-07-16,0
SG_019634,2025-12-17,0
SG_019636,2026-05-15,0
SG_019637,2026-11-16,0
SG_019640,2026-08-13,0
SG_019641,2025-06-22,0
SG_019643,2025-08-29,1
SG_019644,2025-07-10,0
SG_019646,2026-09-18,0
SG_019649,2025-10-02,0
SG_019651,2026-04-13,0
SG_019653,2025-02-24,0
SG_019655,2025-09-23,0
SG_019656,2026-04-15,0
SG_019658,2025-09-27,0
SG_019659,2026-01-21,0
SG_019663,2026-02-27,0
SG_019664,2025-07-25,0
SG_019668,2026-02-12,1
SG_019669,2026-05-29,0
SG_019670,2026-06-23,0
SG_019671,2026-02-24,0
SG_019672,2026-06-18,1
SG_019673,2025-05-27,0
SG_019674,2025-01-10,0
SG_019675,2025-03-29,0
SG_019677,2025-04-16,0
SG_019678,2025-12-27,0
SG_019681,2026-01-09,0
SG_019682,2026-07-23,1
SG_019684,2025-12-07,0
SG_019685,2026-11-27,0
SG_019686,2025-06-13,1
SG_019687,2026-01-06,0
SG_019688,2025-09-01,0
SG_019692,2025-09-12,0
SG_019693,2026-05-03,1
SG_019694,2025-08-01,1
SG_019696,2025-12-15,0
SG_019697,2025-07-12,1
SG_019699,2026-02-02,0
SG_019700,2026-07-18,0
SG_019701,2025-08-08,0
SG_019702,2025-11-06,0
SG_019703,2025-09-11,1
SG_019704,2026-09-03,0
SG_019705,2026-03-12,0
SG_019706,2025-12-18,0
SG_019707,2026-12-04,0
SG_019708,2026-05-10,1
SG_019709,2025-04-03,0
SG_019712,2026-02-23,0
SG_019713,2025-11-30,0
SG_019714,2025-11-18,0
SG_019715,2026-09-10,0
SG_019717,2026-03-26,0
SG_019718,2026-10-07,0
SG_019719,2026-09-17,1
SG_019720,2025-05-06,0
SG_019721,2026-09-01,0
SG_019722,2025-01-30,0
SG_019723,2025-11-01,0
SG_019725,2025-08-04,0
SG_019726,2026-06-17,0
SG_019730,2025-03-28,1
SG_019731,2025-03-13,0
SG_019732,2025-12-29,0
SG_019734,2026-07-28,1
SG_019735,2025-12-31,0
SG_019736,2026-05-01,0
SG_019737,2025-10-18,0
SG_019739,2026-06-28,0
SG_019741,2026-03-30,0
SG_019742,2026-05-29,0
SG_019743,2025-08-07,0
SG_019744,2026-03-28,0
SG_019745,2026-08-04,0
SG_019748,2025-07-24,0
SG_019749,2026-01-24,0
SG_019751,2026-01-27,0
SG_019752,2026-11-15,1
SG_019753,2025-03-26,0
SG_019754,2025-05-15,0
SG_019757,2026-03-24,0
SG_019758,2026-05-12,0
SG_019759,2025-02-24,0
SG_019760,2026-01-29,0
SG_019762,2026-12-25,0
SG_019763,2025-05-09,0
SG_019765,2025-03-24,0
SG_019768,2025-07-11,0
SG_019770,2026-07-05,0
SG_019771,2025-05-25,0
SG_019772,2026-01-26,0
SG_019773,2026-12-04,0
SG_019774,2026-08-11,0
SG_019775,2026-12-11,0
SG_019776,2026-10-18,1
SG_019777,2025-09-06,0
SG_019778,2026-08-15,0
SG_019780,2026-05-12,1
SG_019781,2026-02-24,0
SG_019785,2025-06-28,1
SG_019786,2025-12-29,0
SG_019787,2025-06-13,1
SG_019788,2026-08-24,0
SG_019789,2025-07-02,0
SG_019790,2025-09-11,0
SG_019794,2025-10-25,0
SG_019795,2025-10-10,1
SG_019796,2026-03-22,1
SG_019798,2025-12-14,0
SG_019799,2026-09-05,0
SG_019803,2026-05-23,1
SG_019805,2026-05-31,0
SG_019806,2026-03-11,0
SG_019808,2025-07-09,0
SG_019810,2025-08-19,0
SG_019813,2026-05-08,1
SG_019814,2025-11-28,0
SG_019815,2025-08-21,0
SG_019816,2026-08-06,0
SG_019817,2025-07-25,0
SG_019818,2025-05-03,0
SG_019820,2025-08-30,0
SG_019821,2026-05-24,0
SG_019822,2025-03-02,0
SG_019823,2026-08-12,0
SG_019824,2025-01-05,0
SG_019825,2026-06-09,1
SG_019826,2026-06-14,0
SG_019827,2025-09-25,0
SG_019829,2026-05-31,1
SG_019831,2025-11-25,0
SG_019833,2026-05-03,0
SG_019834,2026-06-14,0
SG_019836,2025-10-09,1
SG_019837,2026-08-26,0
SG_019840,2026-05-14,0
SG_019841,2025-07-22,0
SG_019843,2026-04-15,0
SG_019844,2026-05-25,0
SG_019845,2025-06-18,0
SG_019847,2025-12-29,0
SG_019848,2026-04-04,1
SG_019850,2026-08-21,0
SG_019855,2025-08-06,0
SG_019856,2025-01-10,1
SG_019860,2025-11-05,0
SG_019861,2026-05-31,1
SG_019862,2025-11-25,0
SG_019863,2026-08-06,0
SG_019866,2025-01-08,1
SG_019867,2025-10-09,0
SG_019870,2025-07-07,1
SG_019871,2025-04-26,0
SG_019872,2026-04-16,0
SG_019874,2025-05-30,0
SG_019875,2025-02-28,1
SG_019876,2025-04-06,0
SG_019877,2025-07-04,0
SG_019879,2026-03-07,1
SG_019880,2025-12-10,0
SG_019881,2026-09-15,0
SG_019882,2025-07-24,0
SG_019884,2025-08-19,0
SG_019885,2026-03-11,0
SG_019886,2025-12-13,0
SG_019889,2025-12-16,0
SG_019890,2025-03-03,1
SG_019891,2025-11-17,0
SG_019892,2025-09-13,0
SG_019893,2026-05-14,0
SG_019894,2025-05-14,1
SG_019896,2026-12-12,0
SG_019897,2026-12-03,0
SG_019898,2025-08-28,1
SG_019899,2025-02-23,0
SG_019901,2025-08-13,0
SG_019902,2026-05-21,0
SG_019904,2025-10-07,0
SG_019905,2025-01-22,0
SG_019907,2025-10-10,0
SG_019908,2025-09-26,0
SG_019911,2026-05-07,1
SG_019912,2025-12-24,1
SG_019915,2025-11-15,0
SG_019916,2025-11-03,0
SG_019917,2026-07-14,0
SG_019918,2026-08-27,0
SG_019919,2025-01-09,0
SG_019920,2025-01-05,0
SG_019922,2025-02-16,0
SG_019924,2026-12-05,0
SG_019925,2025-11-04,0
SG_019926,2025-11-11,1
SG_019927,2026-12-28,0
SG_019929,2026-01-13,0
SG_019931,2025-05-19,0
SG_019932,2026-08-15,0
SG_019934,2026-12-14,0
SG_019935,2025-11-24,0
SG_019936,2025-02-09,0
SG_019937,2025-12-09,0
SG_019938,2026-04-02,0
SG_019940,2026-07-20,0
SG_019942,2025-10-03,0
SG_019943,2026-12-17,0
SG_019946,2025-04-23,0
SG_019948,2025-12-11,0
SG_019951,2025-10-15,1
SG_019952,2026-04-06,0
SG_019953,2025-04-04,0
SG_019956,2026-07-27,0
SG_019957,2025-11-26,1
SG_019958,2026-04-05,0
SG_019959,2025-12-30,0
SG_019962,2026-09-12,0
SG_019963,2025-11-05,0
SG_019964,2026-10-06,0
SG_019965,2026-07-10,0
SG_019967,2025-11-12,0
SG_019969,2025-02-02,0
SG_019971,2026-04-22,0
SG_019972,2025-11-05,0
SG_019975,2025-10-20,0
SG_019977,2025-04-29,0
SG_019979,2026-03-01,0
SG_019982,2025-07-30,0
SG_019986,2026-05-19,0
SG_019987,2026-07-10,0
SG_019988,2025-12-28,0
SG_019990,2026-05-28,0
SG_019991,2025-05-11,1
SG_019992,2025-12-18,0
SG_019993,2025-11-08,0
SG_019995,2025-07-28,0
SG_019996,2026-02-08,0
SG_019997,2026-05-10,1
